location,area,price,price_currency,status,new/resale,price_negotiable,description,security_deposit,facing,furnished,age of property,Lift(s),Full Power Backup,24 X 7 Security,Children's play area,Club House,Gymnasium,Swimming Pool,Sports Facility,Jogging Track,Landscaped Gardens,locality_score,project_score,builder_experience,Intercom,Indoor Games,ATM,Maintenance Staff,Staff Quarter,Multipurpose Room,Car Parking,Hospital,School,Shopping Mall,Vaastu Compliant,Cafeteria,Rain Water Harvesting,Golf Course
Dhakoli,1300,2850000,INR,,0,0,This spacious 2 bhk builder floor is available for sale and is located in the heart of Dhakoli. It has a built-up area of 1300 sqft and is priced at Rs. 28.50 lac . It is a semi-furnished property. It is made in way to provide a comfortable living for the residents. The society is well connected by different modes of transportation. ,1,,0,0,0,0,0,0,0,0,0,0,0,0,,,,,,,,,,,,,,,,,
Dhakoli,1400,3600000,INR,,0,0,"It’s a 3 bhk builder floor situated in Dhakoli. It has a salable area of 1400 sqft and is available at a price of Rs. 2,571 per sqft. The house is semi-furnished. The time you'll spend here will become the greatest moment of your life that will also help you to relieve, relax & evoke a great sense of happiness. The society is well connected by different modes of transportation. Please contact for more details. ",1,,0,0,0,0,0,0,0,0,0,0,0,0,,,,,,,,,,,,,,,,,
Dhakoli,1350,3690000,INR,,0,0,It has an area of 1350 sqft with a carpet area of 1200 sqft . The property is available at a price of Rs. 36.90 lac . It is a semi-furnished property. Its main door is facing northeast direction. This residential property is ready-to-move-in. It is made in way to provide a comfortable living. It is situated in the proximity of all the important facilities. ,1,northeast,0,0,0,0,0,0,0,0,0,0,0,0,,,,,,,,,,,,,,,,,
New chandigarh mohali,1200,10000000,INR,,0,0,"It has a salable area of 1200 sqft and is available at a price of Rs. 8,333 per sqft. The house is furnished. Its main door is facing northeast direction. This residential property is ready-to-move-in. It is made in way to provide a comfortable living. If you are interested, please contact us for more details. ",1,northeast,1,0,0,0,0,0,0,0,0,0,0,0,,,,,,,,,,,,,,,,,
Sunny Enclave,1008,3090000,INR,,1,0,"This spacious 2 bhk builder floor is available for sale and is located in the heart of Sunny Enclave. It has a built-up area of 1008 sqft and is priced at Rs. 30.90 lac . Its main door is facing east direction. This residential property is ready-to-move-in. The time you'll spend here will become the greatest moment of your life that will also help you to relieve, relax & evoke a great sense of happiness. ",1,east,0,0,0,0,0,0,0,0,0,0,0,0,,,,,,,,,,,,,,,,,
Dhakoli,1500,3200000,INR,,0,0,"This spacious 3 bhk builder floor is available for sale and is located in the heart of Dhakoli. It has a salable area of 1500 sqft and is available at a price of Rs. 2,133 per sqft. The house is semi-furnished. It is a ready-to-move-in property. Kindly call us for details. ",1,east,0,0,0,0,0,1,0,0,0,1,0,0,,,,1.0,,,,,,,,,,,,,
New chandigarh mohali,1596,9500000,INR,,0,0,It is a semi-furnished property. It is east facing property. It is made in way to provide a comfortable living for the residents. It is situated in the proximity of all the important facilities. Please contact for more details. ,1,east,0,0,1,1,0,1,1,1,1,1,0,0,,,,1.0,,,,,,,,,,,,,
Dhakoli,1611,6390000,INR,1,1,0,"It’s a 3 bhk builder floor situated in Dhakoli. It has a salable area of 1611 sqft and is available at a price of Rs. 3,966 per sqft. It is a ready-to-move-in property. The site is in close proximity to various civic utilities. If you are interested, please contact us for more details. ",1,,0,0,0,0,0,0,0,0,0,0,0,0,,,,,,,,,,,,,,,,,
Sector 79,1800,13000000,INR,1,0,0,"Well designed 3 bhk builder floor is available at a prime location in Sector 79. It has an area of 1800 sqft . The property is available at a price of Rs. 1.30 cr . The house is furnished. Furnishings include 1 tv, 1 refrigerator, 1 sofa, 1 washing machine, 1 microwave, 1 dining table, 1 gas connection, 1 ac and 1 bed. It is a 6 year old ready-to-move-in property. It is made in way to provide a comfortable living for the residents. The society is well connected by different modes of transportation. Please contact us for more details. ",1,southwest,1,6,0,0,0,0,0,0,0,0,0,0,,,,,,,,,,,,,,,,,
Sector 80,2000,17000000,INR,,0,0,"A 3 bhk property is available for sale in Sector 80, Chandigarh. It has a built-up area of 2000 sqft and is priced at Rs. 1.70 cr . It is a semi-furnished property. It is east facing property. This residential property is ready-to-move-in. It is made in way to provide a comfortable living. It is situated in the proximity of all the important facilities. ",1,east,0,6,1,0,0,0,0,0,0,0,0,0,,,,,,,,,,,,,,,,,
Sector 64,2450,14500000,INR,,1,0,"A 3 bhk property is available for sale in Sector 64, Chandigarh. It has a salable area of 2450 sqft and is available at a price of Rs. 5,918 per sqft. Its main door is facing southeast direction. It is a 6 year old ready-to-move-in property. It is made in way to provide a comfortable living for the residents. It is situated in the proximity of all the important facilities. Please contact for more details. ",1,southeast,0,6,0,0,0,0,0,0,0,0,0,0,,,,,,,,,,,,,,,,,
Dhakoli,1350,3990000,INR,,1,0,"A 3 bhk property is available for sale in Dhakoli, Chandigarh. It has a built-up area of 1350 sqft and is priced at Rs. 39.90 lac . It is a semi-furnished property. It is made in way to provide a comfortable living. It is situated in the proximity of all the important facilities. Kindly call us for details. ",1,,0,0,1,0,0,1,0,0,0,0,0,0,,,,,,,,,,,,,,,,,
Dhakoli,1655,7000000,INR,,1,0,"A spacious 3 bhk builder floor is available for sale in Dhakoli, Chandigarh. It is a semi-furnished property. It is northeast facing property. It is a ready-to-move-in property. The time you'll spend here will become the greatest moment of your life that will also help you to relieve, relax & evoke a great sense of happiness. It is well connected to the city areas. Contact us for more details. ",1,northeast,0,0,1,1,0,1,1,1,1,1,0,0,,,,,,,,,,,,,,,,,
Dhakoli,1349,4000000,INR,1,1,0,"Check out this 3 BHK Independent Floor for sale in Dhakoli, Zirakpur. This 3 BHK Independent Floor is perfect for a modern-day lifestyle. Dhakoli is a promising location in Zirakpur and this is one of the finest properties in the area. Buy this Independent Floor for sale now. It is located on floor 1. The total number of floors in this project is 3. This property is a modern-day abode, with 1349 Square feet built-up area. The unit has 3 bedrooms and 3 bathroom. Educational institutions are closeby with schools such as National Open School Govt Of India Regl Centre and Little Flower Convent Schools nearby. Healthcare centres such as Kaushal Gynae and Medical Centre, Sigma Medical Aids, and Surya Medicare Limited are also easily accessible",1,,0,0,0,0,0,0,0,0,0,0,0,0,,,,,,,,,,,,,,,,,
Dhakoli,900,2400000,INR,,1,0,This spacious 2 bhk builder floor is available for sale and is located in the heart of Dhakoli. It has a built-up area of 900 sqft and is priced at Rs. 24.00 lac . The house is unfurnished. It is facing southwest direction. This residential property is ready-to-move-in. It is made in way to provide a comfortable living for the residents. It is well connected to the city areas. ,1,southwest,0,0,0,0,0,0,0,0,0,0,0,0,,,,,,,,,,,,,,,,,
Sector 22,1125,15000000,INR,,0,0,"Well designed 2 bhk builder floor is available at a prime location in Sector 22. It has a built-up area of 1125 sqft and is priced at Rs. 1.50 cr . It is a semi-furnished property. It is facing east direction. It is a ready-to-move-in property. It is made in way to provide a comfortable living for the residents. The site is in close proximity to various civic utilities. If you are interested, please contact us for more details. ",1,east,0,0,0,0,0,0,0,0,0,0,0,0,,,,,,,,,,,,,,,,,
Sector 80,1300,7200000,INR,,0,0,It’s a 2 bhk builder floor situated in Sector 80. The house is semi-furnished. Its main door is facing east direction. This residential property is ready-to-move-in. It is made in way to provide a comfortable living for the residents. The society is well connected by different modes of transportation. Please contact for more details. ,1,east,0,6,0,0,0,0,0,0,0,0,0,0,,,,,,,,,,,,,,,,,
Preet Colony,855,2790000,INR,,1,0,"Well designed 2 bhk builder floor is available at a prime location in Preet Colony. It has a salable area of 855 sqft and is available at a price of Rs. 3,263 per sqft. The house is semi-furnished. Its main door is facing southwest direction. It is made in way to provide a comfortable living for the residents. It is situated in the proximity of all the important facilities. Please contact for more details. ",1,southwest,0,6,0,0,0,1,0,0,0,1,0,0,,,,,,,,,,,,,,,,,
New chandigarh mohali,1778,10600000,INR,0,1,0,"The house is semi-furnished. It has club house as well as power backup. The project also has swimming pool, lift available and gymnasium. It is facing west direction. This residential complex is under-construction as of now. . The society is well connected by different modes of transportation. ",1,west,0,0,1,1,0,1,1,1,1,1,0,0,,,,1.0,,,,,,,,,,,,,
Sunny Enclave,1350,3490000,INR,,1,0,Well designed 3 bhk builder floor is available at a prime location in Sunny Enclave. It has an area of 1350 sqft with a carpet area of 1250 sqft . The property is available at a price of Rs. 34.90 lac . Its main door is facing northeast direction. It is made in way to provide a comfortable living. The society is well connected by different modes of transportation. Kindly call us for details. ,1,northeast,0,0,0,0,0,0,0,0,0,0,0,0,,,,,,,,,,,,,,,,,
Sector 71,1350,5500000,INR,,0,0,It has a built-up area of 1350 sqft and is priced at Rs. 55.00 lac . The house is unfurnished. It is north facing property. It is a ready-to-move-in property. It is made in way to provide a comfortable living. ,1,north,0,0,0,0,0,0,0,0,0,0,0,0,,,,,,,,,,,,,,,,,
Sector 50,1500,18500000,INR,,0,0,"A 3 bhk property is available for sale in Sector 50, Chandigarh. It has an area of 1500 sqft with a carpet area of 1480 sqft . The property is available at a price of Rs. 1.85 cr . It is a semi-furnished property. It is southeast facing property. It is a ready-to-move-in property. It is made in way to provide a comfortable living. It is well connected to the city areas. ",1,southeast,0,0,0,0,0,1,0,1,0,1,0,0,,,,,,,,,,,,,,,,,
New chandigarh mohali,1995,12500000,INR,1,0,0,"Property for sale in Devi Nagar, Mohali. This 3 BHK Independent Floor is located in Mohali's most promising location. It is on floor 1. The total number of floors in this building is 3. The built-up area is 1995 Square feet. The property has 3 bedrooms and 3 bathroom. It also has a servant room. This unit enjoys a good view and is a North facing property. This residential building in Devi Nagar, Mohali has lift facility. Kids too have access to a kids area. Other amenities include Gym, Garden, Swimming Pool, Clubhouse. This property also enjoys power backup facility. Regular water supply is available. This is a gated community. This Independent Floor is strategically located within close distance of famous healthcare centres such as PHC, Mullanpur Garibdas and Dashmesh Eye Centre. Schools like Bajwa Institute, Guru Gobind Singh Vidya Mandir Sr. Sec School, and International Divine School Of Nursing are also nearby",1,north,0,0,1,1,0,1,1,1,1,0,0,0,,,,,,,,,,,,,,,,,
Sector 15,2250,28500000,INR,,1,0,"Newly built property 
High class material 
Great location  More About This Property 3 BHK Independent Floor for sale in Sector 15, Chandigarh - contact now, for details about the most coveted property. This 3 BHK unit is available in Sector 15 and offers a premium lifestyle at the best price. It is a desired purchase for any homebuyer in Sector 15. It is on floor 0. The total number of floors is 2. The price of this Independent Floor is Rs 2.85 Cr. It is a good, spacious Independent Floor unit with carpet area of 1687 Square feet. The built-up area is 2250 Square feet. There are 3 bedrooms and 3 bathroom. This property is at a walking distance from Post Graduate Institute of Medical Education & Research, Chandigarh, New OPD PGI, and PGI Emergency. The city's best schools such as Govt Sr Secondary School, D.A.V. Model School, and Extreme Martial Arts Chandigarh are near your residential property",1,,0,0,0,0,0,0,0,0,0,0,0,0,,,,,,,,,,,,,,,,,
Dhakoli,1150,3000000,INR,1,1,0,,1,north,0,122,0,0,0,0,0,0,0,0,0,0,,,,,,,,,,,,,,,,,
Lohgarh,1300,4890000,INR,,1,0,Well designed 3 bhk builder floor is available at a prime location in Lohgarh. It has a built-up area of 1300 sqft and is priced at Rs. 48.90 lac . It is a semi-furnished property. It is northwest facing property. This residential complex is under-construction as of now. . It is made in way to provide a comfortable living. It is well connected to the city areas. Please contact us for more details. ,1,northwest,0,0,1,1,0,1,1,1,1,1,0,0,,,,1.0,,,,,,,,,,,,,
Sector 78,1836,11000000,INR,,0,0,This spacious 3 bhk builder floor is available for sale and is located in the heart of Sector 78. It has an area of 1836 sqft with a carpet area of 1440 sqft . The property is available at a price of Rs. 1.10 cr . The house is unfurnished. It is east facing property. It is a ready-to-move-in property. It is made in way to provide a comfortable living for the residents. The society is well connected by different modes of transportation. Kindly call us for details. ,1,east,0,0,0,0,0,0,0,0,0,0,0,0,,,,,,,,,,,,,,,,,
Sector 79,1350,5800000,INR,,0,0,"Well designed 2 bhk builder floor is available at a prime location in Sector 79. It has a salable area of 1350 sqft and is available at a price of Rs. 4,296 per sqft. The house is semi-furnished. It is facing north direction. It is a 6 year old ready-to-move-in property. It is made in way to provide a comfortable living for the residents. The society is well connected by different modes of transportation. Please contact us for more details. ",1,north,0,6,0,0,0,0,0,0,0,0,0,0,,,,,,,,,,,,,,,,,
Sector 63,1050,5500000,INR,,0,0,"A 2 bhk property is available for sale in Sector 63, Chandigarh. It has an area of 1050 sqft with a carpet area of 950 sqft . The property is available at a price of Rs. 55.00 lac . The house is semi-furnished. This residential property is ready-to-move-in. It is made in way to provide a comfortable living. It is well connected to the city areas. Kindly call us for details. ",1,,0,0,0,0,0,0,0,0,0,0,0,0,,,,,,,,,,,,,,,,,
New chandigarh mohali,2700,7500000,INR,,0,0,"A spacious 3 bhk builder floor is available for sale in New chandigarh mohali, Chandigarh. It has a salable area of 2700 sqft and is available at a price of Rs. 2,777 per sqft. It is a semi-furnished property. This residential property is ready-to-move-in. The time you'll spend here will become the greatest moment of your life that will also help you to relieve, relax & evoke a great sense of happiness. It is situated in the proximity of all the important facilities. Please contact for more details. ",1,southeast,0,0,0,1,0,1,1,0,1,1,0,0,,,,,,,,,,,,,,,,,
Dhakoli,1755,6900000,INR,,1,0,"It’s a 3 bhk builder floor situated in Dhakoli, Chandigarh. It has a salable area of 1755 sqft and is available at a price of Rs. 3,931 per sqft. It is a semi-furnished property. Furnishings include 1 tv, 1 sofa, 1 sofa, 1 dining table and 1 ac. It is facing northeast direction. This residential complex is under-construction as of now. . It is well connected to the city areas. If you are interested, please contact us for more details. ",1,northeast,0,0,1,1,0,1,1,1,1,1,0,0,,,,1.0,,,,,,,,,,,,,
New chandigarh mohali,1640,6500000,INR,1,0,0,"A spacious 3 bhk builder floor is available for sale in New chandigarh mohali, Chandigarh. It has a built-up area of 1640 sqft and is priced at Rs. 65.00 lac . It is a semi-furnished property. It is made in way to provide a comfortable living. It is situated in the proximity of all the important facilities. Please contact for more details. ",1,,0,0,0,0,0,0,0,0,0,0,0,0,,,,,,,,,,,,,,,,,
Sector 51,1100,13500000,INR,,0,0,"A spacious 2 bhk builder floor is available for sale in Sector 51, Chandigarh. It has a salable area of 1100 sqft and is available at a price of Rs. 12,272 per sqft. It is a semi-furnished property. It is a ready-to-move-in property. It is made in way to provide a comfortable living for the residents. The site is in close proximity to various civic utilities. Contact us for more details. ",1,,0,0,0,0,0,0,0,0,0,0,0,0,,,,,,,,,,,,,,,,,
Sector 60,1100,7500000,INR,1,0,0,"Well designed 2 bhk builder floor is available at a prime location in Sector 60. It has an area of 1100 sqft . The property is available at a price of Rs. 75.00 lac . The house is semi-furnished. It is facing northeast direction. This residential property is ready-to-move-in. The time you'll spend here will become the greatest moment of your life that will also help you to relieve, relax & evoke a great sense of happiness. It is situated in the proximity of all the important facilities. Kindly call us for details. ",1,northeast,0,5,0,0,0,1,0,0,0,0,0,0,,,,,,,,,,,,,,,,,
New chandigarh mohali,4093,27500000,INR,,1,0,"It’s a 5 bhk builder floor situated in New chandigarh mohali, Chandigarh. The house is semi-furnished. It has gymnasium as well as swimming pool. The project also has power backup, lift available and club house. It is facing east direction. It is an under-construction property . It is made in way to provide a comfortable living for the residents. The site is in close proximity to various civic utilities. If you are interested, please contact us for more details. ",1,east,0,0,1,1,0,1,1,1,1,1,0,0,,,,,,,,,,,,,,,,,
Sector 78,1125,8000000,INR,,1,0,"It’s a 2 bhk builder floor situated in Sector 78. It has an area of 1125 sqft with a carpet area of 890 sqft . The property is available at a price of Rs. 80.00 lac . It is an unfurnished property. It is a ready-to-move-in property. It is made in way to provide a comfortable living for the residents. The site is in close proximity to various civic utilities. If you are interested, please contact us for more details. ",1,,0,0,0,0,0,0,0,0,0,0,0,0,,,,,,,,,,,,,,,,,
New chandigarh mohali,1560,9500000,INR,,0,0,It’s a 3 bhk builder floor situated in New chandigarh mohali. It is a semi-furnished property. This residential property is ready-to-move-in. It is made in way to provide a comfortable living for the residents. It is situated in the proximity of all the important facilities. Contact us for more details. ,1,,0,0,0,0,0,0,0,0,0,0,0,0,,,,,,,,,,,,,,,,,
Dhakoli,900,2750000,INR,,0,0,"This spacious 3 bhk builder floor is available for sale and is located in the heart of Dhakoli. It has a salable area of 900 sqft and is available at a price of Rs. 3,055 per sqft. It is northeast facing property. This residential property is ready-to-move-in. The society is well connected by different modes of transportation. Kindly call us for details. ",1,northeast,0,0,0,0,0,0,0,0,0,0,0,0,,,,,,,,,,,,,,,,,
Dhakoli,990,3555000,INR,1,1,0,"This spacious 3 bhk builder floor is available for sale and is located in the heart of Dhakoli. It has a salable area of 990 sqft and is available at a price of Rs. 3,590 per sqft. The house is semi-furnished. The time you'll spend here will become the greatest moment of your life that will also help you to relieve, relax & evoke a great sense of happiness. It is situated in the proximity of all the important facilities. Kindly call us for details. ",1,,0,0,0,0,0,0,0,0,0,0,0,0,,,,,,,,,,,,,,,,,
Sector 79,1800,10500000,INR,1,0,0,"Well designed 3 bhk builder floor is available at a prime location in Sector 79. It has a salable area of 1800 sqft and is available at a price of Rs. 5,833 per sqft. It is a semi-furnished property. This residential property is ready-to-move-in. It is made in way to provide a comfortable living. It is situated in the proximity of all the important facilities. Kindly call us for details. ",1,,0,6,0,0,0,0,0,0,0,0,0,0,,,,,,,,,,,,,,,,,
Sunny Enclave,1080,3490000,INR,,1,0,"A spacious 3 bhk builder floor is available for sale in Sunny Enclave, Chandigarh. It has an area of 1080 sqft with a carpet area of 948 sqft . The property is available at a price of Rs. 34.90 lac . Its main door is facing east direction. It is made in way to provide a comfortable living for the residents. It is well connected to the city areas. Please contact us for more details. ",1,east,0,0,0,0,0,0,0,0,0,0,0,0,,,,,,,,,,,,,,,,,
Dhakoli,1358,3800000,INR,,1,0,It’s a 3 bhk builder floor situated in Dhakoli. It has an area of 1358 sqft with a carpet area of 1050 sqft . The property is available at a price of Rs. 38.00 lac . The house is semi-furnished. It is east facing property. It is a ready-to-move-in property. It is made in way to provide a comfortable living for the residents. It is situated in the proximity of all the important facilities. ,1,east,0,0,0,0,0,1,0,0,0,0,0,0,,,,1.0,,,,,,,,,,,,,
Dhakoli,900,3190000,INR,1,1,0,Well designed 3 bhk builder floor is available at a prime location in Dhakoli. It has an area of 900 sqft . The property is available at a price of Rs. 31.90 lac . It is a semi-furnished property. It is a ready-to-move-in property. Contact us for more details. ,1,,0,0,0,0,0,0,0,0,0,0,0,0,,,,,,,,,,,,,,,,,
Dhakoli,1125,4200000,INR,,1,0,"This spacious 3 bhk builder floor is available for sale and is located in the heart of Dhakoli. It has an area of 1125 sqft with a carpet area of 925 sqft . The property is available at a price of Rs. 42.00 lac . The house is semi-furnished. Its main door is facing north direction. It is a ready-to-move-in property. The time you'll spend here will become the greatest moment of your life that will also help you to relieve, relax & evoke a great sense of happiness. It is situated in the proximity of all the important facilities. Please contact for more details. ",1,north,0,0,0,0,0,0,0,0,0,0,0,0,,,,,,,,,,,,,,,,,
New chandigarh mohali,1415,7950100,INR,0,1,0,"Well designed 3 bhk builder floor is available at a prime location in New chandigarh mohali. It has a built-up area of 1415 sqft and is priced at Rs. 79.50 lac . The house is semi-furnished. It has lift available. Other amenities include club house, gymnasium, power backup and swimming pool. It is facing west direction. This residential complex is under-construction as of now. . It is made in way to provide a comfortable living for the residents. ",1,west,0,0,1,1,0,1,1,1,1,1,0,0,,,,1.0,,,,,,,,,,,,,
Sector 35,1575,12000000,INR,,0,0,"A 2 BHK Independent Floor for sale in Sector 35, Mohali. This beautifully designed 2 BHK unit with all the modern-day comforts is one of Sector 35's most desired properties. Contact now for more information. This 2 BHK unit is on floor 0. There are 3 floors in this property. The price of this Independent Floor is Rs 1.2 Cr. Each unit has a built-up area of 1575 Square feet. The carpet area is 1260 Square feet. There are 2 bedrooms. There is provision for 2 bathroom. This residential property is near Government Model Senior Secondary School, CMJ University, and Shishu Niketan Public School. It is also close to Tricity Institute of Plastic Surgery TIPS, Mukat Hospital & Heart Institute, and Grover Eye Laser & ENT Hospital",1,,0,0,0,0,0,0,0,0,0,0,0,0,,,,,,,,,,,,,,,,,
Sunny Enclave,600,1690000,INR,1,1,0,"It’s a 1 bhk builder floor situated in Sunny Enclave, Chandigarh. It has a salable area of 600 sqft and is available at a price of Rs. 2,816 per sqft. The house is semi-furnished. It is east facing property. It is a ready-to-move-in property. It is made in way to provide a comfortable living. Kindly call us for details. ",1,east,0,0,0,0,0,0,0,0,0,0,0,0,,,,,,,,,,,,,,,,,
Sector 16,9000,100000000,INR,1,0,0,"A spacious 8 bhk builder floor is available for sale in Sector 16, Chandigarh. It has an area of 9000 sqft . The property is available at a price of Rs. 10.00 cr . The house is semi-furnished. This residential property is ready-to-move-in. The time you'll spend here will become the greatest moment of your life that will also help you to relieve, relax & evoke a great sense of happiness. It is well connected to the city areas. Please contact us for more details. ",1,,0,0,0,0,0,0,0,0,0,0,0,0,,,,,,,,,,,,,,,,,
Lohgarh,1350,6200000,INR,,1,0,"This spacious 3 bhk builder floor is available for sale and is located in the heart of Lohgarh. It has a salable area of 1350 sqft and is available at a price of Rs. 4,592 per sqft. It is a semi-furnished property. It is east facing property. This residential complex is under-construction as of now. . The time you'll spend here will become the greatest moment of your life that will also help you to relieve, relax & evoke a great sense of happiness. It is well connected to the city areas. Please contact us for more details. ",1,east,0,0,1,1,0,1,1,1,1,1,0,0,,,,1.0,,,,,,,,,,,,,
Sector 34,3250,32500000,INR,,0,0,"It’s a 3 bhk builder floor situated in Sector 34. It has an area of 3250 sqft with a carpet area of 2100 sqft . The property is available at a price of Rs. 3.25 cr . It is a semi-furnished property. This residential property is ready-to-move-in. It is made in way to provide a comfortable living for the residents. It is well connected to the city areas. If you are interested, please contact us for more details. ",1,,0,0,0,0,0,0,0,0,0,0,0,0,,,,,,,,,,,,,,,,,
New chandigarh mohali,1596,9505000,INR,,0,0,"Well designed 3 bhk builder floor is available at a prime location in New chandigarh mohali. It has a salable area of 1596 sqft and is available at a price of Rs. 5,955 per sqft. It is an under-construction property . It is made in way to provide a comfortable living. If you are interested, please contact us for more details. ",1,east,0,0,1,1,0,1,1,1,1,1,0,0,,,,1.0,,,,,,,,,,,,,
Sector 19,3000,51000000,INR,,0,0,"A spacious 3 bhk builder floor is available for sale in Sector 19, Chandigarh. It is a semi-furnished property. This residential property is ready-to-move-in. It is made in way to provide a comfortable living for the residents. It is well connected to the city areas. Kindly call us for details. ",1,northeast,0,0,1,0,0,1,0,0,0,0,0,0,,,,,,,,,,,,,,,,,
Gazipur,1450,3900000,INR,1,1,0,"A spacious 3 bhk builder floor is available for sale in Motia Developers Motia Platinum Floors, Gazipur, Chandigarh. The house is semi-furnished. It is east facing property. The time you'll spend here will become the greatest moment of your life that will also help you to relieve, relax & evoke a great sense of happiness. It is well connected to the city areas. Contact us for more details. ",1,east,0,5,1,0,0,1,0,0,0,1,0,0,,,,,,,,,,,,,,,,,
Lohgarh,1800,6200000,INR,,0,0,"It’s a 3 bhk builder floor situated in Lohgarh, Chandigarh. It has an area of 1800 sqft with a carpet area of 1600 sqft . The property is available at a price of Rs. 62.00 lac . It is a semi-furnished property. It is facing northeast direction. This residential property is ready-to-move-in. It is made in way to provide a comfortable living for the residents. The site is in close proximity to various civic utilities. Please contact for more details. ",1,northeast,0,0,1,1,0,1,1,1,1,1,0,0,,,,1.0,,,,,,,,,,,,,
Sector 60,2250,16000000,INR,,1,0,"It has a salable area of 2250 sqft and is available at a price of Rs. 7,111 per sqft. It is an unfurnished property. It is facing southeast direction. It is an under-construction property . The time you'll spend here will become the greatest moment of your life that will also help you to relieve, relax & evoke a great sense of happiness. The society is well connected by different modes of transportation. Please contact for more details. ",1,southeast,0,0,0,0,0,0,0,0,0,0,0,0,,,,,,,,,,,,,,,,,
Sunny Enclave,1350,4299000,INR,,1,0,"It has a salable area of 1350 sqft and is available at a price of Rs. 3,184 per sqft. It is a semi-furnished property. This residential complex is under-construction as of now. . It is made in way to provide a comfortable living for the residents. Contact us for more details. ",1,east,0,0,1,1,0,1,1,1,1,1,0,0,,,,1.0,,,,,,,,,,,,,
Sector 49,1200,31900000,INR,,1,0,"It’s a 2 bhk builder floor situated in Sector 49, Chandigarh. It has an area of 1200 sqft with a carpet area of 972 sqft . The property is available at a price of Rs. 3.19 cr . Its main door is facing northeast direction. It is made in way to provide a comfortable living. The society is well connected by different modes of transportation. If you are interested, please contact us for more details. ",1,northeast,0,0,0,0,0,1,0,0,0,0,0,0,,,,,,,,,,,,,,,,,
Sector 78,1440,9000000,INR,1,0,0,"A 3 bhk property is available for sale in Sector 78, Chandigarh. It has an area of 1440 sqft . The property is available at a price of Rs. 90.00 lac . The house is semi-furnished. It is a ready-to-move-in property. Contact us for more details. ",1,east,0,0,0,1,0,1,0,0,0,0,0,0,,,,,,,,,,,,,,,,,
Dhakoli,2079,7900000,INR,,1,0,"A spacious 4 bhk builder floor is available for sale in Dhakoli, Chandigarh. It has a built-up area of 2079 sqft and is priced at Rs. 79.00 lac . It is a semi-furnished property. Furnishings include 1 tv, 1 sofa, 1 sofa and 1 ac. It is facing northeast direction. This residential complex is under-construction as of now. . It is made in way to provide a comfortable living. The society is well connected by different modes of transportation. Kindly call us for details. ",1,northeast,0,0,1,1,0,1,1,1,1,1,0,0,,,,1.0,,,,,,,,,,,,,
New chandigarh mohali,1640,6499320,INR,,0,0,"A 3 bhk property is available for sale in New chandigarh mohali, Chandigarh. It has an area of 1640 sqft with a carpet area of 1300 sqft . The property is available at a price of Rs. 65.00 lac . It is a semi-furnished property. It is facing west direction. This residential property is ready-to-move-in. The time you'll spend here will become the greatest moment of your life that will also help you to relieve, relax & evoke a great sense of happiness. The site is in close proximity to various civic utilities. Contact us for more details. ",1,west,0,0,0,1,0,1,1,1,1,1,0,0,,,,,,,,,,,,,,,,,
Dhakoli,1080,3200000,INR,,1,0,"This spacious 3 bhk builder floor is available for sale and is located in the heart of Dhakoli. It has an area of 1080 sqft with a carpet area of 750 sqft . The property is available at a price of Rs. 32.00 lac . It is a semi-furnished property. Its main door is facing southwest direction. It is a ready-to-move-in property. The time you'll spend here will become the greatest moment of your life that will also help you to relieve, relax & evoke a great sense of happiness. It is well connected to the city areas. Please contact us for more details. ",1,southwest,0,0,0,0,0,0,0,0,0,0,0,0,,,,,,,,,,,,,,,,,
Dhakoli,855,2790000,INR,,1,0,It has a built-up area of 855 sqft and is priced at Rs. 27.90 lac . The house is semi-furnished. This residential property is ready-to-move-in. It is made in way to provide a comfortable living for the residents. It is well connected to the city areas. Please contact for more details. ,1,,0,0,0,0,0,0,0,0,0,0,0,0,,,,,,,,,,,,,,,,,
Sector 22,1400,11000000,INR,,1,0,It has an area of 1400 sqft with a carpet area of 1200 sqft . The property is available at a price of Rs. 1.10 cr . The house is unfurnished. This residential property is ready-to-move-in. It is made in way to provide a comfortable living. Please contact for more details. ,1,,0,0,0,0,0,0,0,0,0,0,0,0,,,,,,,,,,,,,,,,,
Dhakoli,1044,3950000,INR,1,0,0,"Well designed 3 bhk builder floor is available at a prime location in Dhakoli. The house is semi-furnished. The time you'll spend here will become the greatest moment of your life that will also help you to relieve, relax & evoke a great sense of happiness. It is situated in the proximity of all the important facilities. Please contact for more details. ",1,,0,0,0,0,0,0,0,0,0,0,0,0,,,,,,,,,,,,,,,,,
Dhakoli,1640,7890000,INR,0,1,0,"The Project is coming up with 3 BHK flats in Zirakpur. These are luxury Independent Low rise floors with lift and covered car parking for each Home in 6.5 Acres Township. More About This Property 3 BHK Independent Floor for sale in Zirakpur. This property is in Dhakoli, which is a coveted investment location. This tastefully designed 3 BHK unit is among Zirakpur's best properties. Contact now for more details. This property in Zirakpur is on floor 2. The total number of floors in this Independent Floor is 4. It is best suited for all kinds of families. Because this property is spacious, with a built-up area of 1640 Square feet. This is a North-East facing property. It has 3 bathroom and 3 bedrooms. This property has lift. Sports enthusiasts can enjoy sports facilities provided in this project such as sports facility. Other facilities include Gym, Garden, Sports Facility, Swimming Pool, Intercom, Clubhouse, Community Hall. This property also has power backup facility. This is a gated community. There is regular water supply in this property. It is equipped with cctv facility. Kids area is also present. Some of the very well-known and reputed speciality hospitals like Kaushal Gynae and Medical Centre, Sigma Medical Aids, and Surya Medicare Limited are just a walk away from this location",1,northeast,0,0,1,1,0,1,1,1,1,1,0,0,,,,1.0,,,,,,,,,,,,,
Sector 34,2250,23600000,INR,,1,0,"One of the finest property in Sector 34 is now available for sale. This is a 3 BHK Independent Floor. Make it yours now. It is on floor 1. It is a 2 storeyed building. The price of this Independent Floor is Rs 2.36 Cr. This Independent Floor is spacious with a built-up area of 2250 Square feet. The carpet area is 1587 Square feet. It is a North-East-facing property with a good view. There are 3 bedrooms and 3 bathroom. This property ensures you are a quick distance away from the city's best schools such as Charms Education & Immigraton Services (P) Ltd, UEI Global, and Cadd Primer Chandigarh. It is also close to good and reputed hospitals like Government Medical College & Hospital, Tricity Institute of Plastic Surgery TIPS, and Mukat Hospital & Heart Institute",1,northeast,0,0,0,0,0,0,0,0,0,0,0,0,,,,,,,,,,,,,,,,,
Sector 21,5400,42500000,INR,1,1,0,"It’s a 4 bhk builder floor situated in Sector 21, Chandigarh. It has a built-up area of 5400 sqft and is priced at Rs. 4.25 cr . It is a semi-furnished property. This residential property is ready-to-move-in. It is made in way to provide a comfortable living for the residents. It is situated in the proximity of all the important facilities. If you are interested, please contact us for more details. ",1,,0,0,0,0,0,0,0,0,0,0,0,0,,,,,,,,,,,,,,,,,
Sector 69,4500,25000000,INR,,0,0,"It’s a 4 bhk builder floor situated in Sector 69, Chandigarh. It has a built-up area of 4500 sqft and is priced at Rs. 2.50 cr . The house is semi-furnished. Its main door is facing east direction. It is a ready-to-move-in property. The time you'll spend here will become the greatest moment of your life that will also help you to relieve, relax & evoke a great sense of happiness. Kindly call us for details. ",1,east,0,0,0,1,0,1,0,0,0,1,0,0,,,,,,,,,,,,,,,,,
Lohgarh,1325,4750000,INR,,1,0,This spacious 3 bhk builder floor is available for sale and is located in the heart of Lohgarh. It is a semi-furnished property. It is a ready-to-move-in property. It is made in way to provide a comfortable living for the residents. It is well connected to the city areas. Contact us for more details. ,1,east,0,0,1,0,0,0,0,0,0,0,0,0,,,,,,,,,,,,,,,,,
Togan,2250,7500000,INR,,1,0,"It’s a 3 bhk builder floor situated in Togan, Chandigarh. It has a built-up area of 2250 sqft and is priced at Rs. 75.00 lac . The house is semi-furnished. It is made in way to provide a comfortable living. The site is in close proximity to various civic utilities. Please contact us for more details. ",1,,0,0,0,0,0,0,0,0,0,0,0,0,,,,,,,,,,,,,,,,,
Sector 59,2250,12500000,INR,,0,0,"It’s a 3 bhk builder floor situated in Sector 59. It has a built-up area of 2250 sqft and is priced at Rs. 1.25 cr . It is an unfurnished property. It is a 6 year old ready-to-move-in property. The time you'll spend here will become the greatest moment of your life that will also help you to relieve, relax & evoke a great sense of happiness. It is situated in the proximity of all the important facilities. Please contact us for more details. ",1,,0,5,0,0,0,0,0,0,0,0,0,0,,,,,,,,,,,,,,,,,
Sunny Enclave,1035,3090000,INR,,1,0,"Well designed 2 bhk builder floor is available at a prime location in Sunny Enclave. It has a salable area of 1035 sqft and is available at a price of Rs. 2,985 per sqft. It is a semi-furnished property. It is a ready-to-move-in property. It is made in way to provide a comfortable living. The society is well connected by different modes of transportation. ",1,east,0,0,0,0,0,0,0,0,0,0,0,0,,,,,,,,,,,,,,,,,
Dhakoli,1300,3600000,INR,,1,0,"It’s a 3 bhk builder floor situated in Dhakoli, Chandigarh. It is a semi-furnished property. It is east facing property. The time you'll spend here will become the greatest moment of your life that will also help you to relieve, relax & evoke a great sense of happiness. The society is well connected by different modes of transportation. ",1,east,0,0,0,0,0,1,0,0,0,0,0,0,,,,1.0,,,,,,,,,,,,,
Dhakoli,1200,3090000,INR,1,1,0,It has a built-up area of 1200 sqft and is priced at Rs. 30.90 lac . It is a semi-furnished property. It is a ready-to-move-in property. It is made in way to provide a comfortable living. It is situated in the proximity of all the important facilities. Please contact for more details. ,1,,0,0,0,0,0,0,0,0,0,0,0,0,,,,,,,,,,,,,,,,,
Dera Bassi,990,2420000,INR,,1,1,,1,northeast,0,3,0,1,1,1,1,1,1,1,1,0,7.1,,,1.0,1.0,1.0,1.0,1.0,1.0,1.0,1.0,1.0,1.0,1.0,,,
Dhakoli,1772,7020000,INR,,1,0,"It has an area of 1772 sqft with a carpet area of 1450 sqft . The property is available at a price of Rs. 70.20 lac . It is a semi-furnished property. It is made in way to provide a comfortable living for the residents. It is well connected to the city areas. If you are interested, please contact us for more details. ",1,,0,0,1,1,0,1,1,1,1,1,0,0,,,,1.0,,,,,,,,,,,,,
Patiala Road Zirakpur,1080,3590000,INR,1,1,1,,1,north,0,122,0,1,1,1,1,1,1,1,1,0,,,,1.0,1.0,1.0,1.0,1.0,1.0,1.0,1.0,1.0,1.0,1.0,1.0,1.0,
Dhakoli,1450,5800000,INR,,1,0,"A 3 bhk property is available for sale in Dhakoli, Chandigarh. It has a salable area of 1450 sqft and is available at a price of Rs. 4,000 per sqft. It is a semi-furnished property. It is facing east direction. It is a ready-to-move-in property. It is situated in the proximity of all the important facilities. ",1,east,0,0,1,0,0,1,1,1,1,0,0,0,,,,1.0,,,,,,,,,,,,,
Lohgarh,1800,6350000,INR,0,1,0,"This spacious 3 bhk builder floor is available for sale and is located in the heart of Lohgarh. It has a salable area of 1800 sqft and is available at a price of Rs. 3,527 per sqft. The house is semi-furnished. It is northeast facing property. It is an under-construction property . The time you'll spend here will become the greatest moment of your life that will also help you to relieve, relax & evoke a great sense of happiness. The site is in close proximity to various civic utilities. Contact us for more details. ",1,northeast,0,0,1,1,0,1,1,1,1,1,0,0,,,,1.0,,,,,,,,,,,,,
Sector 15,2250,23500000,INR,,1,0,"3 BHK Independent Floor for sale in Sector 15, Chandigarh with modern-day amenities. The Independent Floor is in Sector 15 which is a promising investment destination in Chandigarh. This might be your chance to grab the best 3 BHK property for sale in Sector 15. The property is on floor 1 and the total number of floors is 2. This 3 BHK Independent Floor is available at a reasonable price of Rs 2.35 Cr. It is a very spacious property, spread over 1687 Square feet. The built-up area is 2250 Square feet. This property has provision for 3 bathroom. It enjoys a strategic location with many reputed and multispeciality hospitals nearby like Post Graduate Institute of Medical Education & Research, Chandigarh, New OPD PGI, and PGI Emergency. The city's best schools like Govt Sr Secondary School, D.A.V. Model School, and Extreme Martial Arts Chandigarh are also near this housing project",1,,0,0,0,0,0,0,0,0,0,0,0,0,,,,,,,,,,,,,,,,,
New chandigarh mohali,1180,5700000,INR,,0,0,"A 3 bhk property is available for sale in New chandigarh mohali, Chandigarh. It has an area of 1180 sqft with a carpet area of 850 sqft . The property is available at a price of Rs. 57.00 lac . The house is semi-furnished. Its main door is facing west direction. This residential property is ready-to-move-in. It is situated in the proximity of all the important facilities. Contact us for more details. ",1,west,0,0,0,1,0,0,1,1,1,0,0,0,,,,,,,,,,,,,,,,,
Dhakoli,855,2790000,INR,,1,0,"It has a salable area of 855 sqft and is available at a price of Rs. 3,263 per sqft. It is a semi-furnished property. It is facing southwest direction. It is a ready-to-move-in property. It is made in way to provide a comfortable living. It is well connected to the city areas. If you are interested, please contact us for more details. ",1,southwest,0,0,0,0,0,1,0,0,0,1,0,0,,,,,,,,,,,,,,,,,
Dhakoli,900,2750000,INR,1,0,0,"It’s a 3 bhk builder floor situated in Dhakoli, Chandigarh. It has a salable area of 900 sqft and is available at a price of Rs. 3,055 per sqft. It is a semi-furnished property. This residential property is ready-to-move-in. The time you'll spend here will become the greatest moment of your life that will also help you to relieve, relax & evoke a great sense of happiness. It is well connected to the city areas. Please contact us for more details. ",1,,0,0,0,0,0,0,0,0,0,0,0,0,,,,,,,,,,,,,,,,,
Sector 79,1350,7500000,INR,,1,0,"This spacious 2 bhk builder floor is available for sale and is located in the heart of Sector 79. It has a salable area of 1350 sqft and is available at a price of Rs. 5,555 per sqft. The house is unfurnished. This residential property is ready-to-move-in. It is made in way to provide a comfortable living for the residents. The site is in close proximity to various civic utilities. If you are interested, please contact us for more details. ",1,northeast,0,6,0,0,0,0,0,0,0,0,0,0,,,,,,,,,,,,,,,,,
Togan,2250,7890000,INR,,1,0,"A 3 bhk property is available for sale in Togan, Chandigarh. It has an area of 2250 sqft with a carpet area of 1456 sqft . The property is available at a price of Rs. 78.90 lac . The house is semi-furnished. Its main door is facing northwest direction. This residential complex is under-construction as of now. . The time you'll spend here will become the greatest moment of your life that will also help you to relieve, relax & evoke a great sense of happiness. It is situated in the proximity of all the important facilities. Please contact for more details. ",1,northwest,0,0,1,1,0,1,1,1,1,1,0,0,,,,,,,,,,,,,,,,,
Mohali Sector 127,900,3290000,INR,,1,1,,1,east,0,3,0,1,1,1,1,1,0,0,1,0,,,,1.0,1.0,1.0,1.0,,,1.0,1.0,1.0,,1.0,1.0,1.0,
Omaxe New Chandigarh,1395,4729000,INR,,1,1,,1,northeast,0,0,1,1,1,1,1,1,1,1,1,0,,,,1.0,1.0,1.0,1.0,1.0,1.0,1.0,1.0,1.0,1.0,1.0,1.0,1.0,
Peermachhala,1050,3080000,INR,,1,1,,1,east,0,3,0,0,1,0,0,0,0,0,0,0,,,,,,1.0,1.0,,,1.0,1.0,1.0,1.0,1.0,,,
Dhakoli,1000,4450000,INR,,1,0,The house is semi-furnished. Its main door is facing northeast direction. It is a ready-to-move-in property. It is well connected to the city areas. Contact us for more details. ,1,northeast,0,0,1,0,0,1,0,0,0,0,0,0,,,,,,,,,,,,,,,,,
Sector 34,3250,23500000,INR,,0,0,"Well designed 3 bhk builder floor is available at a prime location in Sector 34. It has an area of 3250 sqft with a carpet area of 1450 sqft . The property is available at a price of Rs. 2.35 cr . It is facing west direction. It is well connected to the city areas. If you are interested, please contact us for more details. ",1,west,0,0,0,1,0,1,1,1,1,1,0,0,,,,1.0,,,,,,,,,,,,,
Zirakpur GAzipur Road,1150,2790000,INR,,1,1,"It’s a 2 bhk builder floor situated in Zirakpur GAzipur Road, Chandigarh. It has a salable area of 1150 sqft and is available at a price of Rs. 2,426 per sqft. It is on the 1st floor of the building (total number of floors are 3). One of the major USPs of the property is that it is a road facing property. The property is available on freehold. The property has 2 bathrooms and 2 balconies. It is a ready-to-move-in property. The society is well connected by different modes of transportation. ",1,northeast,0,0,0,0,0,0,0,0,0,0,0,0,,,,,,,,,,1.0,,,,,,,
Sec 124 Sunny Enclave,850,3590000,INR,,1,1,"It’s a 2 bhk builder floor situated in Sec 124 Sunny Enclave, Chandigarh. It has an area of 850 sqft with a carpet area of 820 sqft . The property is available at a price of Rs. 35.90 lac (negotiable ). It is a semi-furnished property. It is on the ground floor of the building (total number of floors are 3). Its main door is facing northeast direction. The property is available on freehold. It has 2 bathrooms and 2 balconies. This residential property is ready-to-move-in. The time you'll spend here will become the greatest moment of your life that will also help you to relieve, relax & evoke a great sense of happiness. The site is in close proximity to various civic utilities. Contact us for more details. ",1,northeast,0,0,0,0,1,0,0,1,0,0,0,1,,,,,,1.0,1.0,,,1.0,1.0,1.0,,1.0,,1.0,
Sunny Enclave,1100,3490000,INR,,1,0,"A 3 bhk property is available for sale in Sunny Enclave, Chandigarh. It has a built-up area of 1100 sqft and is priced at Rs. 34.90 lac . It is a semi-furnished property. It is east facing property. It is a ready-to-move-in property. The time you'll spend here will become the greatest moment of your life that will also help you to relieve, relax & evoke a great sense of happiness. The site is in close proximity to various civic utilities. Kindly call us for details. ",1,east,0,0,0,0,0,1,0,0,0,0,0,0,,,,,,,,,,,,,,,,,
Dhakoli,1360,3800000,INR,,1,0,"It has a salable area of 1360 sqft and is available at a price of Rs. 2,794 per sqft. It is a semi-furnished property. Its main door is facing east direction. It is a ready-to-move-in property. It is well connected to the city areas. If you are interested, please contact us for more details. ",1,east,0,0,0,0,0,1,0,0,0,0,0,0,,,,,,,,,,,,,,,,,
Dhakoli,1755,6500003,INR,,1,0,"A spacious 3 bhk builder floor is available for sale in Dhakoli, Chandigarh. It has a built-up area of 1755 sqft and is priced at Rs. 65.00 lac . It is a semi-furnished property. It is a ready-to-move-in property. It is made in way to provide a comfortable living for the residents. The society is well connected by different modes of transportation. Please contact for more details. ",1,,0,0,0,0,0,0,0,0,0,0,0,0,,,,,,,,,,,,,,,,,
Mohali Sector 127,600,1790000,INR,,1,1,"It’s a 1 bhk builder floor situated in Mohali Sector 127, Chandigarh. The house is semi-furnished. It is located on the 2nd floor(out of a total of 3 floor(s)). Its main door is facing north direction. The property is available on freehold. It has 1 bathroom and 1 balcony. It is made in way to provide a comfortable living. The society is well connected by different modes of transportation. Please contact for more details. ",1,north,0,0,0,1,1,1,1,0,0,1,1,0,,,,1.0,1.0,1.0,1.0,1.0,1.0,1.0,1.0,1.0,1.0,1.0,1.0,1.0,1.0
Mohali Sector 127,1100,2690000,INR,,1,1,It’s a 2 bhk builder floor situated in Mohali Sector 127. It is on 1st floor. The building has a total of 2 floor(s). It is north facing property. The property is available on freehold. This residential property is ready-to-move-in. It is made in way to provide a comfortable living for the residents. The site is in close proximity to various civic utilities. Please contact us for more details. ,1,north,1,1,0,1,1,1,0,1,0,1,0,1,,,,,1.0,1.0,1.0,,,1.0,1.0,1.0,1.0,,,1.0,
Mohali Sector 127,930,2750000,INR,,1,1,"It’s a 2 bhk builder floor situated in Mohali Sector 127, Chandigarh. It has a built-up area of 930 sqft and is priced at Rs. 27.50 lac (negotiable). It is a semi-furnished property. It is on the 2nd floor of the building (total number of floors are 3). Its main door is facing northeast direction. The property is available on freehold. It has 2 bathrooms and 2 balconies. This residential property is ready-to-move-in. The time you'll spend here will become the greatest moment of your life that will also help you to relieve, relax & evoke a great sense of happiness. It is well connected to the city areas. Please contact for more details. ",1,northeast,0,0,0,0,0,0,0,0,0,0,0,0,,,,,,,,,,,,,,,,,
Mohali Sector 127,1050,2690000,INR,,1,1,Well designed 2 bhk builder floor is available at a prime location in Mohali Sector 127. It has a built-up area of 1050 sqft and is priced at Rs. 26.90 lac (negotiable). The house is semi-furnished. It is east facing property. The property has 2 bathrooms and 2 balconies. It is a ready-to-move-in property. It is made in way to provide a comfortable living for the residents. The site is in close proximity to various civic utilities. Kindly call us for details. ,1,east,0,2,0,0,1,1,1,0,0,1,1,0,,,,1.0,1.0,1.0,1.0,1.0,1.0,1.0,1.0,1.0,1.0,1.0,1.0,1.0,1.0
PEER MUCHALLA ADJOING SEC 20 PANCHKULA,1450,4000000,INR,1,1,1,It’s a 3 bhk builder floor situated in PEER MUCHALLA ADJOING SEC 20 PANCHKULA. It is a semi-furnished property. It is on the 1st floor of the building (total number of floors are 3). The property provides an excellent view as it overlooks the garden. The property is available on freehold. It has 3 bathrooms and 2 balconies. This residential property is ready-to-move-in. It is made in way to provide a comfortable living. The society is well connected by different modes of transportation. Kindly call us for details. ,1,east,0,1,0,0,1,0,0,0,0,0,0,0,,,,,,,,,,1.0,,,,,,,
Dhakoli,1100,3890000,INR,,1,0,This spacious 3 bhk builder floor is available for sale and is located in the heart of Dhakoli. It has a built-up area of 1100 sqft and is priced at Rs. 38.90 lac . It is a semi-furnished property. It is facing north direction. It is a ready-to-move-in property. It is made in way to provide a comfortable living for the residents. It is well connected to the city areas. Please contact for more details. ,1,north,0,0,1,0,0,0,0,0,0,0,0,0,,,,,,,,,,,,,,,,,
Dhakoli,1100,3690000,INR,,1,0,"3 BHK Independent Floor for sale in Dhakoli, Zirakpur with modern-day amenities. The Independent Floor is in Dhakoli which is a promising investment destination in Zirakpur. This might be your chance to grab the best 3 BHK property for sale in Dhakoli. The property is on floor 1 and the total number of floors is 3. It is a very spacious property, spread over 900 Square feet. The built-up area is 1100 Square feet. This property has provision for 3 bathroom. It enjoys a strategic location with many reputed and multispeciality hospitals nearby like Sigma Medical Aids, Surya Medicare Limited, and Kaushal Gynae and Medical Centre. The city's best schools like National Open School Govt Of India Regl Centre and Little Flower Convent School are also near this housing project",1,,0,0,0,0,0,0,0,0,0,0,0,0,,,,,,,,,,,,,,,,,
Dhakoli,1190,3600000,INR,,1,0,"A spacious 3 bhk builder floor is available for sale in Dhakoli, Chandigarh. It has an area of 1190 sqft with a carpet area of 1000 sqft . The property is available at a price of Rs. 36.00 lac . The house is semi-furnished. It is northeast facing property. This residential property is ready-to-move-in. It is made in way to provide a comfortable living for the residents. The site is in close proximity to various civic utilities. Please contact us for more details. ",1,northeast,0,0,0,1,0,1,0,1,1,0,0,0,,,,1.0,,,,,,,,,,,,,
Dhakoli,1125,3890000,INR,,1,0,"It’s a 3 bhk builder floor situated in Dhakoli, Chandigarh. It has a built-up area of 1125 sqft and is priced at Rs. 38.90 lac . It is a ready-to-move-in property. The site is in close proximity to various civic utilities. If you are interested, please contact us for more details. ",1,west,0,0,0,0,0,0,0,0,0,0,0,0,,,,,,,,,,,,,,,,,
Dhakoli,1100,3790000,INR,,1,0,This spacious 3 bhk builder floor is available for sale and is located in the heart of Dhakoli. It has a built-up area of 1100 sqft and is priced at Rs. 37.90 lac . Its main door is facing south direction. It is a ready-to-move-in property. It is made in way to provide a comfortable living. ,1,south,0,0,0,0,0,1,0,0,0,0,0,0,,,,,,,,,,,,,,,,,
Dhakoli,1755,6200000,INR,,1,0,"It’s a 3 bhk builder floor situated in Dhakoli, Chandigarh. It has an area of 1755 sqft with a carpet area of 1530 sqft . The property is available at a price of Rs. 62.00 lac . It is a semi-furnished property. The time you'll spend here will become the greatest moment of your life that will also help you to relieve, relax & evoke a great sense of happiness. The society is well connected by different modes of transportation. Please contact us for more details. ",1,,0,0,0,0,0,0,0,0,0,0,0,0,,,,,,,,,,,,,,,,,
Dhakoli,900,2990000,INR,,1,0,"A 2 bhk property is available for sale in Dhakoli, Chandigarh. It has an area of 900 sqft with a carpet area of 750 sqft . The property is available at a price of Rs. 29.90 lac . It is a semi-furnished property. It is made in way to provide a comfortable living for the residents. The site is in close proximity to various civic utilities. ",1,,0,0,0,0,0,0,0,0,0,0,0,0,,,,,,,,,,,,,,,,,
Dhakoli,1150,3750000,INR,,1,0,It has a built-up area of 1150 sqft and is priced at Rs. 37.50 lac . It is a semi-furnished property. Its main door is facing west direction. This residential property is ready-to-move-in. It is made in way to provide a comfortable living for the residents. It is situated in the proximity of all the important facilities. Contact us for more details. ,1,west,0,0,0,0,0,1,0,0,0,0,0,0,,,,,,,,,,,,,,,,,
Dhakoli,900,3000000,INR,,1,0,"A 2 bhk property is available for sale in Dhakoli, Chandigarh. It has an area of 900 sqft with a carpet area of 750 sqft . The property is available at a price of Rs. 30.00 lac . It is a semi-furnished property. This residential property is ready-to-move-in. It is made in way to provide a comfortable living. Contact us for more details. ",1,north,0,0,0,0,0,1,0,0,0,0,0,0,,,,,,,,,,,,,,,,,
Dhakoli,1410,5550000,INR,,1,0,It is facing north direction. This residential property is ready-to-move-in. It is made in way to provide a comfortable living for the residents. The site is in close proximity to various civic utilities. Please contact for more details. ,1,north,0,0,1,1,0,1,1,1,1,0,0,0,,,,,,,,,,,,,,,,,
Dhakoli,900,3000000,INR,,1,0,"A spacious 2 bhk builder floor is available for sale in Dhakoli, Chandigarh. It has a salable area of 900 sqft and is available at a price of Rs. 3,333 per sqft. The house is semi-furnished. It is facing north direction. This residential property is ready-to-move-in. The time you'll spend here will become the greatest moment of your life that will also help you to relieve, relax & evoke a great sense of happiness. It is well connected to the city areas. If you are interested, please contact us for more details. ",1,north,0,0,0,0,0,1,0,0,0,0,0,0,,,,,,,,,,,,,,,,,
Dhakoli,1755,6250000,INR,,1,0,"A spacious 3 bhk builder floor is available for sale in Dhakoli, Chandigarh. The house is semi-furnished. It is a ready-to-move-in property. The time you'll spend here will become the greatest moment of your life that will also help you to relieve, relax & evoke a great sense of happiness. The society is well connected by different modes of transportation. ",1,east,0,0,1,1,0,1,1,1,1,0,0,0,,,,1.0,,,,,,,,,,,,,
Dhakoli,1600,6300000,INR,,1,0,It has an area of 1600 sqft with a carpet area of 1350 sqft . The property is available at a price of Rs. 63.00 lac . It is northeast facing property. This residential property is ready-to-move-in. It is made in way to provide a comfortable living for the residents. The society is well connected by different modes of transportation. Please contact us for more details. ,1,northeast,0,0,1,1,0,1,1,1,1,0,0,0,,,,,,,,,,,,,,,,,
Dhakoli,1100,3800000,INR,,1,0,"A 3 bhk property is available for sale in Dhakoli, Chandigarh. It is facing north direction. It is made in way to provide a comfortable living. It is situated in the proximity of all the important facilities. Please contact for more details. ",1,north,0,0,0,0,0,1,0,0,0,0,0,0,,,,,,,,,,,,,,,,,
Dhakoli,1150,3790000,INR,,1,0,"Well designed 3 bhk builder floor is available at a prime location in Dhakoli. It has a salable area of 1150 sqft and is available at a price of Rs. 3,295 per sqft. It is a semi-furnished property. Its main door is facing west direction. The time you'll spend here will become the greatest moment of your life that will also help you to relieve, relax & evoke a great sense of happiness. The society is well connected by different modes of transportation. If you are interested, please contact us for more details. ",1,west,0,0,0,0,0,0,0,0,0,0,0,0,,,,,,,,,,,,,,,,,
Dhakoli,1150,3700000,INR,,1,0,"A spacious 3 bhk builder floor is available for sale in Dhakoli, Chandigarh. It has a built-up area of 1150 sqft and is priced at Rs. 37.00 lac . It is a semi-furnished property. Its main door is facing west direction. It is a ready-to-move-in property. It is made in way to provide a comfortable living for the residents. It is situated in the proximity of all the important facilities. Kindly call us for details. ",1,west,0,0,0,0,0,1,0,0,0,0,0,0,,,,,,,,,,,,,,,,,
Dhakoli,1580,5500000,INR,,1,0,This spacious 3 bhk builder floor is available for sale and is located in the heart of Dhakoli. It has a built-up area of 1580 sqft and is priced at Rs. 55.00 lac . It is northeast facing property. It is a ready-to-move-in property. It is made in way to provide a comfortable living for the residents. ,1,northeast,0,0,1,0,0,1,1,1,0,0,0,0,,,,,,,,,,,,,,,,,
Dhakoli,1008,3990000,INR,,1,0,"It is a semi-furnished property. Its main door is facing north direction. This residential property is ready-to-move-in. The time you'll spend here will become the greatest moment of your life that will also help you to relieve, relax & evoke a great sense of happiness. It is situated in the proximity of all the important facilities. ",1,north,0,0,0,0,0,0,0,0,0,0,0,0,,,,,,,,,,,,,,,,,
Dhakoli,900,2000000,INR,1,0,0,"It’s a 2 bhk builder floor situated in Dhakoli. It has a salable area of 900 sqft and is available at a price of Rs. 2,222 per sqft. It is a semi-furnished property. It is well connected to the city areas. Kindly call us for details. ",1,,0,0,0,0,0,0,0,0,0,0,0,0,,,,,,,,,,,,,,,,,
New chandigarh mohali,1640,7000000,INR,,0,0,"Well designed 3 bhk builder floor is available at a prime location in New chandigarh mohali. It is a semi-furnished property. It is facing west direction. It is a ready-to-move-in property. The time you'll spend here will become the greatest moment of your life that will also help you to relieve, relax & evoke a great sense of happiness. It is situated in the proximity of all the important facilities. Please contact for more details. ",1,west,0,0,0,1,0,1,1,0,1,1,0,0,,,,,,,,,,,,,,,,,
Dhakoli,1170,3750000,INR,,1,0,"A spacious 3 bhk builder floor is available for sale in Dhakoli, Chandigarh. It has a salable area of 1170 sqft and is available at a price of Rs. 3,205 per sqft. It is a semi-furnished property. It is facing east direction. It is a ready-to-move-in property. It is made in way to provide a comfortable living for the residents. It is situated in the proximity of all the important facilities. If you are interested, please contact us for more details. ",1,east,0,0,1,0,0,1,0,0,0,1,0,0,,,,,,,,,,,,,,,,,
Dhakoli,1098,3450000,INR,,1,0,It has an area of 1098 sqft with a carpet area of 1050 sqft . The property is available at a price of Rs. 34.50 lac . It is a semi-furnished property. It is southwest facing property. It is a ready-to-move-in property. It is made in way to provide a comfortable living for the residents. It is well connected to the city areas. Please contact for more details. ,1,southwest,0,0,0,0,0,1,0,0,0,1,0,0,,,,,,,,,,,,,,,,,
Dhakoli,1098,3750000,INR,,1,0,"A 3 bhk property is available for sale in Dhakoli, Chandigarh. It has an area of 1098 sqft with a carpet area of 1040 sqft . The property is available at a price of Rs. 37.50 lac . The house is semi-furnished. Its main door is facing southwest direction. It is a ready-to-move-in property. It is made in way to provide a comfortable living. It is well connected to the city areas. Kindly call us for details. ",1,southwest,0,0,1,0,0,1,0,0,0,1,0,0,,,,,,,,,,,,,,,,,
Dhakoli,1100,3790000,INR,,1,0,"This spacious 3 bhk builder floor is available for sale and is located in the heart of Dhakoli. The house is semi-furnished. The time you'll spend here will become the greatest moment of your life that will also help you to relieve, relax & evoke a great sense of happiness. The site is in close proximity to various civic utilities. Please contact for more details. ",1,,0,0,1,0,0,1,0,0,0,1,0,0,,,,,,,,,,,,,,,,,
Dhakoli,855,2690000,INR,,1,0,"A spacious 2 bhk builder floor is available for sale in Dhakoli, Chandigarh. It has an area of 855 sqft with a carpet area of 800 sqft . The property is available at a price of Rs. 26.90 lac . It is a semi-furnished property. It is a ready-to-move-in property. It is made in way to provide a comfortable living. The society is well connected by different modes of transportation. If you are interested, please contact us for more details. ",1,,0,0,0,0,0,1,0,0,0,1,0,0,,,,,,,,,,,,,,,,,
Dhakoli,1170,3790000,INR,,1,0,"It has a salable area of 1170 sqft and is available at a price of Rs. 3,239 per sqft. It is a semi-furnished property. This residential property is ready-to-move-in. It is well connected to the city areas. Kindly call us for details. ",1,northwest,0,0,1,0,0,1,0,0,0,1,0,0,,,,,,,,,,,,,,,,,
Dhakoli,1100,3590000,INR,,1,0,"It’s a 3 bhk builder floor situated in Dhakoli. It has a salable area of 1100 sqft and is available at a price of Rs. 3,263 per sqft. It is a semi-furnished property. It is facing southwest direction. It is made in way to provide a comfortable living for the residents. The site is in close proximity to various civic utilities. ",1,southwest,0,0,1,0,0,1,0,0,0,1,0,0,,,,,,,,,,,,,,,,,
Dhakoli,1100,3790000,INR,,1,0,"It has an area of 1100 sqft with a carpet area of 1050 sqft . The property is available at a price of Rs. 37.90 lac . The house is semi-furnished. It is southwest facing property. It is a ready-to-move-in property. The time you'll spend here will become the greatest moment of your life that will also help you to relieve, relax & evoke a great sense of happiness. It is situated in the proximity of all the important facilities. Please contact us for more details. ",1,southwest,0,0,1,0,0,1,0,0,0,1,0,0,,,,,,,,,,,,,,,,,
Dhakoli,1100,4100000,INR,,1,0,"It’s a 3 bhk builder floor situated in Dhakoli, Chandigarh. It has an area of 1100 sqft with a carpet area of 1050 sqft . The property is available at a price of Rs. 41.00 lac . Furnishings include 1 tv, 1 refrigerator, 1 sofa, 1 dining table, 1 ac and 1 bed. It is facing northeast direction. It is a ready-to-move-in property. It is made in way to provide a comfortable living for the residents. It is well connected to the city areas. ",1,northeast,1,0,1,0,0,1,0,0,0,1,0,0,,,,,,,,,,,,,,,,,
Dhakoli,855,2790000,INR,,1,0,"A spacious 2 bhk builder floor is available for sale in Dhakoli, Chandigarh. It has an area of 855 sqft with a carpet area of 800 sqft . The property is available at a price of Rs. 27.90 lac . The house is semi-furnished. It is facing southwest direction. It is a ready-to-move-in property. The time you'll spend here will become the greatest moment of your life that will also help you to relieve, relax & evoke a great sense of happiness. If you are interested, please contact us for more details. ",1,southwest,0,0,0,0,0,1,0,0,0,0,0,0,,,,,,,,,,,,,,,,,
Dhakoli,855,2690000,INR,,1,0,It’s a 2 bhk builder floor situated in Dhakoli. It has a built-up area of 855 sqft and is priced at Rs. 26.90 lac . It is a semi-furnished property. It is a ready-to-move-in property. It is well connected to the city areas. ,1,southwest,0,0,0,0,0,1,0,0,0,1,0,0,,,,,,,,,,,,,,,,,
Dhakoli,1098,3490000,INR,,1,0,"It’s a 3 bhk builder floor situated in Dhakoli, Chandigarh. It has a built-up area of 1098 sqft and is priced at Rs. 34.90 lac . The house is semi-furnished. It is facing southwest direction. The site is in close proximity to various civic utilities. Please contact us for more details. ",1,southwest,0,0,0,0,0,1,0,0,0,1,0,0,,,,,,,,,,,,,,,,,
Dhakoli,1098,3790000,INR,,1,0,"It’s a 3 bhk builder floor situated in Dhakoli. It has an area of 1098 sqft with a carpet area of 1050 sqft . The property is available at a price of Rs. 37.90 lac . It is a semi-furnished property. The site is in close proximity to various civic utilities. If you are interested, please contact us for more details. ",1,southwest,0,0,1,0,0,1,0,0,0,1,0,0,,,,,,,,,,,,,,,,,
Dhakoli,855,2790000,INR,,1,0,"This spacious 2 bhk builder floor is available for sale and is located in the heart of Dhakoli. It has a built-up area of 855 sqft and is priced at Rs. 27.90 lac . It is a semi-furnished property. It is facing southwest direction. This residential property is ready-to-move-in. It is made in way to provide a comfortable living for the residents. It is well connected to the city areas. If you are interested, please contact us for more details. ",1,southwest,0,0,0,0,0,1,0,0,0,0,0,0,,,,,,,,,,,,,,,,,
Lohgarh,1350,3499200,INR,,1,0,"It has a built-up area of 1350 sqft and is priced at Rs. 35.00 lac . It is a furnished property. It has 1 sofa, 1 sofa, 1 washing machine and 1 dining table. It also has 1 bed. It is facing east direction. It is a ready-to-move-in property. It is made in way to provide a comfortable living for the residents. It is well connected to the city areas. ",1,east,1,0,0,0,0,0,0,0,0,0,0,0,,,,,,,,,,,,,,,,,
New chandigarh mohali,1415,8000000,INR,0,1,0,"It’s a 3 bhk builder floor situated in New chandigarh mohali, Chandigarh. It is a semi-furnished property. It has lift available as well as power backup. The project also has club house, gymnasium and swimming pool. Its main door is facing west direction. It is an under-construction property . It is made in way to provide a comfortable living for the residents. It is well connected to the city areas. ",1,west,0,0,1,1,0,1,1,1,1,1,0,0,,,,1.0,,,,,,,,,,,,,
Sector 53,2250,14000000,INR,,1,0,"A spacious 3 bhk builder floor is available for sale in Sector 53, Chandigarh. It has an area of 2250 sqft with a carpet area of 1950 sqft . The property is available at a price of Rs. 1.40 cr . The house is unfurnished. It is facing southeast direction. It is a 6 year old ready-to-move-in property. It is made in way to provide a comfortable living. It is situated in the proximity of all the important facilities. Please contact us for more details. ",1,southeast,0,6,0,0,0,0,0,0,0,0,0,0,,,,,,,,,,,,,,,,,
Sector 60,1800,14000000,INR,,1,0,"It has an area of 1800 sqft with a carpet area of 1650 sqft . The property is available at a price of Rs. 1.40 cr . The house is unfurnished. Its main door is facing southeast direction. It is a 6 year old ready-to-move-in property. The time you'll spend here will become the greatest moment of your life that will also help you to relieve, relax & evoke a great sense of happiness. It is situated in the proximity of all the important facilities. Please contact for more details. ",1,southeast,0,5,0,0,0,0,0,0,0,0,0,0,,,,,,,,,,,,,,,,,
New chandigarh mohali,1778,8536178,INR,0,1,0,It has a built-up area of 1778 sqft and is priced at Rs. 85.36 lac . It is northeast facing property. It is an under-construction property . It is made in way to provide a comfortable living for the residents. Please contact us for more details. ,1,northeast,0,0,1,1,0,1,1,1,1,1,0,0,,,,1.0,,,,,,,,,,,,,
New chandigarh mohali,1415,7505160,INR,0,1,0,"A spacious 3 bhk builder floor is available for sale in New chandigarh mohali, Chandigarh. It has a salable area of 1415 sqft and is available at a price of Rs. 5,304 per sqft. The house is semi-furnished. It is northeast facing property. This residential complex is under-construction as of now. . The time you'll spend here will become the greatest moment of your life that will also help you to relieve, relax & evoke a great sense of happiness. If you are interested, please contact us for more details. ",1,northeast,0,0,1,1,0,1,1,1,1,1,0,0,,,,1.0,,,,,,,,,,,,,
Sector 60,2250,13500000,INR,,1,0,"Newly made house floor for sale. 10 marla.
Parking space.
Open area.
High quality material used More About This Property Check out this 3 BHK Independent Floor for sale in Sector 60, Mohali. This 3 BHK Independent Floor is perfect for a modern-day lifestyle. Sector 60 is a promising location in Mohali and this is one of the finest properties in the area. Buy this Independent Floor for sale now. It is located on floor 0. The total number of floors in this project is 2. The property's price is Rs 1.35 Cr. This property is a modern-day abode, with 2250 Square feet built-up area. The carpet-area is 1687 Square feet. The unit has 3 bedrooms and 3 bathroom. Educational institutions are closeby with schools such as GEM Public School, Dansation Dance Studio, and SMU MOHALIs nearby. Healthcare centres such as Fortis Hospital, Mohali, Grecian Hospital, and IVY Hospital are also easily accessible",1,,0,5,0,0,0,0,0,0,0,0,0,0,,,,,,,,,,,,,,,,,
Sector 69,1800,9500000,INR,,0,0,"A spacious 3 bhk builder floor is available for sale in Sector 69, Chandigarh. It has a built-up area of 1800 sqft and is priced at Rs. 95.00 lac . It is a semi-furnished property. It is a ready-to-move-in property. It is made in way to provide a comfortable living for the residents. The site is in close proximity to various civic utilities. Please contact for more details. ",1,,0,0,0,0,0,0,0,0,0,0,0,0,,,,,,,,,,,,,,,,,
Sector 34,2250,23500000,INR,,1,0,"Looking for a good 3 BHK Independent Floor in Sector 34, Chandigarh? This property is in one of Chandigarh's most popular locations. The property is on floor 1. Total number of floors is 3. This Independent Floor is available for Rs 2.35 Cr. This modern unit has a built-up area of 2250 Square feet. The carpet area of this Independent Floor is 1800 Square feet. There are 3 bedrooms and 3 bathroom. It also has a servant room. Sports enthusiasts have multiple options such as Garden. It is very close to some of city's best hospitals, such as, Government Medical College & Hospital, Tricity Institute of Plastic Surgery TIPS, and Mukat Hospital & Heart Institute. Established schools, such as Charms Education & Immigraton Services (P) Ltd, UEI Global, and Cadd Primer Chandigarh are also close-by",1,,0,0,0,0,0,0,0,0,0,0,0,0,,,,,,,,,,,,,,,,,
New chandigarh mohali,1415,7501600,INR,0,1,0,"A spacious 3 bhk builder floor is available for sale in New chandigarh mohali, Chandigarh. It has a built-up area of 1415 sqft and is priced at Rs. 75.02 lac . This residential complex is under-construction as of now. . It is made in way to provide a comfortable living. It is situated in the proximity of all the important facilities. ",1,northeast,0,0,1,1,0,1,1,1,1,1,0,0,,,,1.0,,,,,,,,,,,,,
New chandigarh mohali,1415,7503160,INR,0,1,0,"It’s a 3 bhk builder floor situated in New chandigarh mohali. It has an area of 1415 sqft . The property is available at a price of Rs. 75.03 lac . It has swimming pool. Other amenities include power backup, lift available, club house and gymnasium. Its main door is facing south direction. This residential complex is under-construction as of now. . The time you'll spend here will become the greatest moment of your life that will also help you to relieve, relax & evoke a great sense of happiness. The site is in close proximity to various civic utilities. Contact us for more details. ",1,south,0,0,1,1,0,1,1,1,1,1,0,0,,,,1.0,,,,,,,,,,,,,
New chandigarh mohali,1415,7510310,INR,0,1,0,"It has a built-up area of 1415 sqft and is priced at Rs. 75.10 lac . The house is semi-furnished. It has club house as well as gymnasium. The project also has power backup, lift available and swimming pool. It is facing northwest direction. This residential complex is under-construction as of now. . The society is well connected by different modes of transportation. Contact us for more details. ",1,northwest,0,0,1,1,0,1,1,1,1,1,0,0,,,,1.0,,,,,,,,,,,,,
New chandigarh mohali,1415,7510310,INR,0,1,0,It has an area of 1415 sqft . The property is available at a price of Rs. 75.10 lac . It is a semi-furnished property. It is northwest facing property. It is an under-construction property . It is situated in the proximity of all the important facilities. ,1,northwest,0,0,1,1,0,1,1,1,1,1,0,0,,,,1.0,,,,,,,,,,,,,
New chandigarh mohali,1415,7501000,INR,0,1,0,"It has an area of 1415 sqft . The property is available at a price of Rs. 75.01 lac . It has club house as well as power backup. The project also has lift available, gymnasium and swimming pool. Its main door is facing northwest direction. It is an under-construction property . It is made in way to provide a comfortable living for the residents. The site is in close proximity to various civic utilities. ",1,northwest,0,0,1,1,0,1,1,1,1,1,0,0,,,,1.0,,,,,,,,,,,,,
Mullanpur Garibdass,2550,8460000,INR,0,1,0,,1,northeast,0,0,1,1,0,1,1,1,1,1,0,0,,,,1.0,,,,,,,,,,,,,
Mullanpur Garibdass,2450,8130000,INR,0,1,0,,1,northeast,0,0,1,1,0,1,1,1,1,1,0,0,,,,1.0,,,,,,,,,,,,,
Mullanpur Garibdass,2300,8190000,INR,0,1,0,,1,northeast,0,0,1,1,0,1,1,1,1,1,0,0,,,,1.0,,,,,,,,,,,,,
Mullanpur Garibdass,2000,7135000,INR,0,1,0,,1,northeast,0,0,1,1,0,1,1,1,1,1,0,0,,,,1.0,,,,,,,,,,,,,
Mullanpur,2000,7135000,INR,0,1,0,,1,northeast,0,0,1,1,0,1,1,1,1,1,0,0,,,,1.0,,,,,,,,,,,,,
Mullanpur,1596,5880000,INR,0,1,0,,1,northeast,0,0,1,1,0,1,1,1,1,1,0,0,,,,1.0,,,,,,,,,,,,,
Mullanpur,1955,6690000,INR,0,1,0,,1,northeast,0,0,1,1,0,1,1,1,1,1,0,0,,,,1.0,,,,,,,,,,,,,
Mullanpur Garibdass,2050,7020000,INR,0,1,0,,1,northeast,0,0,1,1,0,1,1,1,1,1,0,0,,,,1.0,,,,,,,,,,,,,
Mullanpur,2020,6930000,INR,0,1,0,,1,northeast,0,0,1,1,0,1,1,1,1,1,0,0,,,,1.0,,,,,,,,,,,,,
Mullanpur Garibdass,1580,5820000,INR,0,1,0,,1,northeast,0,0,1,1,0,1,1,1,1,1,0,0,,,,1.0,,,,,,,,,,,,,
Mullanpur,2450,8130000,INR,0,1,0,,1,northeast,0,0,1,1,0,1,1,1,1,1,0,0,,,,1.0,,,,,,,,,,,,,
Mullanpur,2165,7425000,INR,0,1,0,,1,northeast,0,0,1,1,0,1,1,1,1,1,0,0,,,,1.0,,,,,,,,,,,,,
Mullanpur,2300,8190000,INR,0,1,0,"3 BHK Independent Floor available for sale in Direct Entry From Dakshin Marg New Chandigarh, Celestia Royal, Mullanpur, Mullanpur, Mohali. Available amenities are: Gym, Swimming pool, Servant room, Garden, Kids area, Sports facility, Lift. Independent Flo",1,northeast,0,0,1,1,0,1,1,1,1,1,0,0,,,,1.0,,,,,,,,,,,,,
Sunny Enclave,1100,3490000,INR,,1,0,"This spacious 3 bhk builder floor is available for sale and is located in the heart of Sunny Enclave. It has a salable area of 1100 sqft and is available at a price of Rs. 3,172 per sqft. The house is semi-furnished. It is facing east direction. This residential property is ready-to-move-in. It is made in way to provide a comfortable living for the residents. Please contact us for more details. ",1,east,0,0,0,0,0,0,0,0,0,0,0,0,,,,,,,,,,,,,,,,,
Sunny Enclave,1350,3890000,INR,,1,0,"A 3 bhk property is available for sale in Sunny Enclave, Chandigarh. It has an area of 1350 sqft with a carpet area of 1300 sqft . The property is available at a price of Rs. 38.90 lac . It is a semi-furnished property. This residential property is ready-to-move-in. It is made in way to provide a comfortable living for the residents. The society is well connected by different modes of transportation. Kindly call us for details. ",1,east,0,0,0,0,0,0,0,0,0,0,0,0,,,,,,,,,,,,,,,,,
Sunny Enclave,1017,3090000,INR,,1,0,Well designed 2 bhk builder floor is available at a prime location in Sunny Enclave. It has a built-up area of 1017 sqft and is priced at Rs. 30.90 lac . It is a semi-furnished property. It is facing west direction. It is a ready-to-move-in property. It is made in way to provide a comfortable living. The society is well connected by different modes of transportation. Kindly call us for details. ,1,west,0,0,0,0,0,0,0,0,0,0,0,0,,,,,,,,,,,,,,,,,
Sunny Enclave,2220,8000000,INR,,1,0,This spacious 3 bhk builder floor is available for sale and is located in the heart of Sunny Enclave. The house is semi-furnished. Its main door is facing west direction. It is made in way to provide a comfortable living for the residents. It is situated in the proximity of all the important facilities. Kindly call us for details. ,1,west,0,0,0,0,0,0,0,0,0,0,0,0,,,,,,,,,,,,,,,,,
Sunny Enclave,1020,3089000,INR,,1,0,"A spacious 2 bhk builder floor is available for sale in Sunny Enclave, Chandigarh. It has a built-up area of 1020 sqft and is priced at Rs. 30.89 lac . It is a semi-furnished property. The site is in close proximity to various civic utilities. Please contact us for more details. ",1,north,0,0,0,0,0,0,0,0,0,0,0,0,,,,,,,,,,,,,,,,,
Dhakoli,1100,2900000,INR,,1,0,"It’s a 2 bhk builder floor situated in Dhakoli. It has a salable area of 1100 sqft and is available at a price of Rs. 2,636 per sqft. The house is semi-furnished. It is east facing property. It is a ready-to-move-in property. It is made in way to provide a comfortable living. The society is well connected by different modes of transportation. Kindly call us for details. ",1,east,0,0,0,0,0,1,0,0,0,1,0,0,,,,1.0,,,,,,,,,,,,,
Dhakoli,1250,2900000,INR,,1,0,"Well designed 2 bhk builder floor is available at a prime location in Dhakoli. It has an area of 1250 sqft with a carpet area of 900 sqft . The property is available at a price of Rs. 29.00 lac . The house is furnished. This residential property is ready-to-move-in. The time you'll spend here will become the greatest moment of your life that will also help you to relieve, relax & evoke a great sense of happiness. It is situated in the proximity of all the important facilities. Contact us for more details. ",1,,1,0,0,0,0,0,0,0,0,0,0,0,,,,,,,,,,,,,,,,,
Dhakoli,1600,5200000,INR,,1,0,"It’s a 3 bhk builder floor situated in Dhakoli, Chandigarh. It has an area of 1600 sqft with a carpet area of 1350 sqft . The property is available at a price of Rs. 52.00 lac . The house is semi-furnished. Its main door is facing east direction. It is made in way to provide a comfortable living for the residents. The site is in close proximity to various civic utilities. ",1,east,0,0,1,1,0,1,1,1,1,0,0,0,,,,1.0,,,,,,,,,,,,,
Dhakoli,1350,3500000,INR,,1,0,"It’s a 3 bhk builder floor situated in Dhakoli. It has a salable area of 1350 sqft and is available at a price of Rs. 2,592 per sqft. It is a semi-furnished property. It is facing east direction. This residential property is ready-to-move-in. The time you'll spend here will become the greatest moment of your life that will also help you to relieve, relax & evoke a great sense of happiness. The site is in close proximity to various civic utilities. ",1,east,0,0,0,0,0,0,0,0,0,0,0,0,,,,,,,,,,,,,,,,,
Dhakoli,1400,3800000,INR,,1,0,Well designed 3 bhk builder floor is available at a prime location in Dhakoli. It has an area of 1400 sqft with a carpet area of 1100 sqft . The property is available at a price of Rs. 38.00 lac . It is a semi-furnished property. It is facing east direction. This residential property is ready-to-move-in. It is made in way to provide a comfortable living. The society is well connected by different modes of transportation. Please contact for more details. ,1,east,0,0,0,0,0,1,0,0,0,0,0,0,,,,1.0,,,,,,,,,,,,,
Dhakoli,1666,8550000,INR,0,1,0,"It’s a 2 bhk builder floor situated in Dhakoli, Chandigarh. It has an area of 1666 sqft . The property is available at a price of Rs. 85.50 lac . It is a semi-furnished property. It is facing northeast direction. It is an under-construction property . It is made in way to provide a comfortable living. Please contact for more details. ",1,northeast,0,0,1,1,0,1,1,1,1,1,0,0,,,,1.0,,,,,,,,,,,,,
New chandigarh mohali,1778,8500300,INR,0,1,0,"It’s a 3 bhk builder floor situated in New chandigarh mohali, Chandigarh. It has an area of 1778 sqft . The property is available at a price of Rs. 85.00 lac . The house is semi-furnished. It is made in way to provide a comfortable living. It is situated in the proximity of all the important facilities. ",1,south,0,0,1,1,0,1,1,1,1,1,0,0,,,,1.0,,,,,,,,,,,,,
New chandigarh mohali,1778,8550030,INR,0,1,0,"It’s a 3 bhk builder floor situated in New chandigarh mohali. It has a built-up area of 1778 sqft and is priced at Rs. 85.50 lac . It is a semi-furnished property. It is made in way to provide a comfortable living. It is well connected to the city areas. If you are interested, please contact us for more details. ",1,northwest,0,0,1,1,0,1,1,1,1,1,0,0,,,,1.0,,,,,,,,,,,,,
New chandigarh mohali,1778,8565003,INR,0,1,0,"It has a built-up area of 1778 sqft and is priced at Rs. 85.65 lac . It has gymnasium as well as swimming pool. The project also has club house, lift available and power backup. It is northeast facing property. The time you'll spend here will become the greatest moment of your life that will also help you to relieve, relax & evoke a great sense of happiness. Kindly call us for details. ",1,northeast,0,0,1,1,0,1,1,1,1,1,0,0,,,,1.0,,,,,,,,,,,,,
New chandigarh mohali,1415,7503160,INR,0,1,0,"This spacious 3 bhk builder floor is available for sale and is located in the heart of New chandigarh mohali. It has an area of 1415 sqft . The property is available at a price of Rs. 75.03 lac . It is a semi-furnished property. It has swimming pool. Other amenities include lift available, club house, gymnasium and power backup. Its main door is facing northwest direction. It is an under-construction property . It is made in way to provide a comfortable living for the residents. It is situated in the proximity of all the important facilities. ",1,northwest,0,0,1,1,0,1,1,1,1,1,0,0,,,,1.0,,,,,,,,,,,,,
New chandigarh mohali,1778,8550030,INR,0,1,0,"A 3 bhk property is available for sale in New chandigarh mohali, Chandigarh. It has a built-up area of 1778 sqft and is priced at Rs. 85.50 lac . The house is semi-furnished. This residential complex is under-construction as of now. . It is made in way to provide a comfortable living for the residents. It is well connected to the city areas. Please contact us for more details. ",1,northeast,0,0,1,1,0,1,1,1,1,1,0,0,,,,1.0,,,,,,,,,,,,,
New chandigarh mohali,1778,8546500,INR,0,1,0,"It’s a 3 bhk builder floor situated in New chandigarh mohali, Chandigarh. It has club house. Other amenities include gymnasium, lift available, power backup and swimming pool. This residential complex is under-construction as of now. . It is made in way to provide a comfortable living for the residents. The society is well connected by different modes of transportation. If you are interested, please contact us for more details. ",1,northeast,0,0,1,1,0,1,1,1,1,1,0,0,,,,1.0,,,,,,,,,,,,,
New chandigarh mohali,1778,8524650,INR,0,1,0,"A 3 bhk property is available for sale in New chandigarh mohali, Chandigarh. It is facing northeast direction. This residential complex is under-construction as of now. . The time you'll spend here will become the greatest moment of your life that will also help you to relieve, relax & evoke a great sense of happiness. The site is in close proximity to various civic utilities. Please contact for more details. ",1,northeast,0,0,1,1,0,1,1,1,1,1,0,0,,,,1.0,,,,,,,,,,,,,
New chandigarh mohali,1778,8565003,INR,0,1,0,"Well designed 3 bhk builder floor is available at a prime location in New chandigarh mohali. It has a salable area of 1778 sqft and is available at a price of Rs. 4,817 per sqft. It is a semi-furnished property. It has swimming pool. Other amenities include power backup, club house, gymnasium and lift available. It is made in way to provide a comfortable living for the residents. The site is in close proximity to various civic utilities. If you are interested, please contact us for more details. ",1,west,0,0,1,1,0,1,1,1,1,1,0,0,,,,1.0,,,,,,,,,,,,,
Dhakoli,1350,3500000,INR,,1,0,"It’s a 3 bhk builder floor situated in Dhakoli. It has a salable area of 1350 sqft and is available at a price of Rs. 2,592 per sqft. It is a semi-furnished property. It is facing east direction. This residential property is ready-to-move-in. The time you'll spend here will become the greatest moment of your life that will also help you to relieve, relax & evoke a great sense of happiness. The site is in close proximity to various civic utilities. ",1,east,0,0,0,0,0,0,0,0,0,0,0,0,,,,,,,,,,,,,,,,,
Dhakoli,1250,2900000,INR,,1,0,"Well designed 2 bhk builder floor is available at a prime location in Dhakoli. It has an area of 1250 sqft with a carpet area of 900 sqft . The property is available at a price of Rs. 29.00 lac . The house is furnished. This residential property is ready-to-move-in. The time you'll spend here will become the greatest moment of your life that will also help you to relieve, relax & evoke a great sense of happiness. It is situated in the proximity of all the important facilities. Contact us for more details. ",1,,1,0,0,0,0,0,0,0,0,0,0,0,,,,,,,,,,,,,,,,,
Dhakoli,1400,3800000,INR,,1,0,Well designed 3 bhk builder floor is available at a prime location in Dhakoli. It has an area of 1400 sqft with a carpet area of 1100 sqft . The property is available at a price of Rs. 38.00 lac . It is a semi-furnished property. It is facing east direction. This residential property is ready-to-move-in. It is made in way to provide a comfortable living. The society is well connected by different modes of transportation. Please contact for more details. ,1,east,0,0,0,0,0,1,0,0,0,0,0,0,,,,1.0,,,,,,,,,,,,,
Dhakoli,1600,5200000,INR,,1,0,"It’s a 3 bhk builder floor situated in Dhakoli, Chandigarh. It has an area of 1600 sqft with a carpet area of 1350 sqft . The property is available at a price of Rs. 52.00 lac . The house is semi-furnished. Its main door is facing east direction. It is made in way to provide a comfortable living for the residents. The site is in close proximity to various civic utilities. ",1,east,0,0,1,1,0,1,1,1,1,0,0,0,,,,1.0,,,,,,,,,,,,,
New chandigarh mohali,1778,8565003,INR,0,1,0,"Well designed 3 bhk builder floor is available at a prime location in New chandigarh mohali. It has a salable area of 1778 sqft and is available at a price of Rs. 4,817 per sqft. It is a semi-furnished property. It has swimming pool. Other amenities include power backup, club house, gymnasium and lift available. It is made in way to provide a comfortable living for the residents. The site is in close proximity to various civic utilities. If you are interested, please contact us for more details. ",1,west,0,0,1,1,0,1,1,1,1,1,0,0,,,,1.0,,,,,,,,,,,,,
New chandigarh mohali,1778,8565003,INR,0,1,0,"A 3 bhk property is available for sale in New chandigarh mohali, Chandigarh. It has a built-up area of 1778 sqft and is priced at Rs. 85.65 lac . It has swimming pool as well as gymnasium. The project also has lift available, club house and power backup. The time you'll spend here will become the greatest moment of your life that will also help you to relieve, relax & evoke a great sense of happiness. If you are interested, please contact us for more details. ",1,west,0,0,1,1,0,1,1,1,1,1,0,0,,,,1.0,,,,,,,,,,,,,
New Chandigarh Mullanpur,2875,9700000,INR,,1,1,,1,northeast,0,0,1,1,1,1,0,1,1,1,1,0,,,,1.0,,1.0,1.0,1.0,1.0,1.0,1.0,1.0,1.0,1.0,1.0,1.0,
New Chandigarh Mullanpur,1034,3505260,INR,,1,1,,1,northeast,0,0,1,1,1,1,1,1,1,1,1,0,,,,1.0,1.0,1.0,1.0,1.0,1.0,1.0,1.0,1.0,1.0,1.0,1.0,1.0,
Chandigarh Road,1730,5500000,INR,1,1,1,,1,northeast,0,3,1,1,1,0,0,1,1,0,0,0,,,,,,,,,,1.0,,,,,,,
Omaxe New Chandigarh,1580,5819000,INR,,1,1,,1,northeast,0,0,1,1,1,0,0,1,1,0,0,0,,,,,,,,,,1.0,,,,,,,
New Chandigarh Mullanpur,1725,6396000,INR,1,1,1,,1,northeast,0,3,0,1,1,0,0,1,1,0,0,0,,,,,,,,,,1.0,,,,,,,
Mohali Sector 127,580,1490000,INR,1,1,1,,1,northeast,0,3,0,1,1,0,0,0,0,0,0,0,,,,,,,,,,1.0,,,,,,,
New Chandigarh Mullanpur,1725,6388000,INR,,1,1,,1,northeast,0,3,0,0,0,0,0,0,0,0,0,0,,,,,,,,,,,,,,,,,
Omaxe New Chandigarh,1580,5817000,INR,,1,1,,1,northeast,0,0,1,1,1,0,0,1,1,0,0,0,,,,,,,,,,1.0,,,,,,,
Mohali Sector 127,580,1487000,INR,,1,1,,1,northeast,0,3,0,0,1,0,0,0,0,0,0,0,,,,,,,,,,,,,,,,,
Dhakoli Zirakpur,1000,3190000,INR,,1,0,,1,northeast,0,3,0,1,1,1,1,1,1,1,1,0,,,,,1.0,1.0,1.0,1.0,1.0,1.0,1.0,1.0,1.0,1.0,1.0,1.0,
Dhakoli Zirakpur,1500,3000000,INR,,1,1,,1,northeast,0,3,0,1,0,0,0,0,0,1,1,0,,,,,1.0,1.0,,1.0,1.0,1.0,1.0,1.0,1.0,1.0,1.0,1.0,
New Chandigarh Mullanpur,1580,5700000,INR,,1,1,,1,northeast,0,0,1,1,1,1,1,1,1,1,1,0,,,,1.0,1.0,1.0,1.0,1.0,1.0,1.0,1.0,1.0,1.0,1.0,1.0,1.0,1.0
Dhakoli Zirakpur,1000,3100000,INR,,1,1,,1,northeast,0,3,0,1,1,1,1,1,0,1,0,0,,,,1.0,1.0,1.0,1.0,1.0,1.0,1.0,1.0,1.0,1.0,1.0,1.0,1.0,
Omaxe New Chandigarh,1580,5819000,INR,0,1,1,,1,northeast,0,0,1,1,1,1,1,1,1,1,1,0,,,,,1.0,1.0,1.0,1.0,1.0,1.0,,1.0,1.0,1.0,,1.0,
Omaxe New Chandigarh,1580,5820000,INR,0,1,1,,1,northeast,0,0,1,1,1,1,1,1,1,1,1,0,,,,,1.0,1.0,1.0,1.0,1.0,1.0,1.0,1.0,1.0,1.0,,1.0,
New Chandigarh Mullanpur,1725,6300000,INR,,1,1,,1,northeast,0,3,0,0,0,0,0,0,0,0,0,0,,,,,,,,,,,,,,,,,
New Chandigarh Mullanpur,1580,5820000,INR,0,1,1,,1,northeast,0,0,0,0,0,0,0,0,0,0,0,0,,,,,,,,,,,,,,,,,
Mohali Sec 117,1098,3039000,INR,1,1,1,,1,northeast,0,3,0,0,1,0,0,0,0,0,0,0,,,,,,,,,,,,,,,,,
Mohali Sec 66,2000,14000000,INR,,1,0,"A spacious 3 bhk builder floor is available for sale in Mohali Sec 66, Chandigarh. It has an area of 2000 sqft with a carpet area of 1650 sqft . The property is available at a price of Rs. 1.40 cr . It is a semi-furnished property. It is on the 2nd floor of the building (total number of floors are 2). The property provides an excellent view as it overlooks the road. It is a ready-to-move-in property. It is made in way to provide a comfortable living for the residents. It is situated in the proximity of all the important facilities. Contact us for more details. ",1,,0,0,1,0,0,0,0,0,0,0,0,0,,,,,,,,,,1.0,,,,,,,
Sec 124 Sunny Enclave,850,3490000,INR,,1,1,"It has a salable area of 850 sqft and is available at a price of Rs. 4,105 per sqft. It is a semi-furnished property. It is on the 3rd floor of the building (total number of floors are 3). It is facing northwest direction. It has 2 bathrooms and 2 balconies. The site is in close proximity to various civic utilities. Kindly call us for details. ",1,northwest,0,0,0,0,1,0,0,0,0,0,0,1,,,,,,,,,,1.0,,,,,,,
New Chandigarh Mullanpur,1725,6387000,INR,1,1,1,,1,northeast,0,3,0,1,1,1,1,1,1,1,1,0,,,,,,,1.0,,1.0,1.0,,1.0,1.0,1.0,,1.0,
New Chandigarh Mullanpur,1725,6390000,INR,1,1,1,,1,northeast,0,3,0,1,1,0,0,1,1,0,0,0,,,,,,,,,,1.0,,,,,,,
New Chandigarh Mullanpur,1580,5890000,INR,0,1,1,,1,northeast,0,0,1,0,0,0,0,0,0,0,0,0,,,,,,,,,,,,,,,,,
Mullanpur,1880,9300000,INR,1,0,0,"Well designed 3 bhk builder floor is available at a prime location in Mullanpur. It has a salable area of 1880 sqft and is available at a price of Rs. 4,946 per sqft. The house is unfurnished. It is on the 1st floor of the building (total number of floors are 3). The property is available on freehold. The property has 3 bathrooms and 2 balconies. This residential property is ready-to-move-in. It is made in way to provide a comfortable living for the residents. The society is well connected by different modes of transportation. Please contact us for more details. ",1,north,0,2,1,1,1,1,1,1,1,0,0,1,,,,,,1.0,1.0,,,1.0,1.0,1.0,1.0,,,1.0,
Sector 37,3150,22500000,INR,,0,1,"A 3 bhk property is available for sale in Sector 37, Chandigarh. It is a semi-furnished property. The property has 3 bathrooms and 2 balconies. It is a 5 year old ready-to-move-in property. It is made in way to provide a comfortable living for the residents. The society is well connected by different modes of transportation. ",1,north,0,5,1,1,1,0,0,0,0,0,0,0,,,,,,,,,,1.0,,,,,,,
Sector 34,2250,22500000,INR,,0,1,"A spacious 3 bhk builder floor is available for sale in Sector 34, Chandigarh. It has a built-up area of 2250 sqft and is priced at Rs. 2.25 cr (negotiable). It is a semi-furnished property. It is on the 1st floor of the building (total number of floors are 3). It has lift available. Other amenities include 24 x 7 security and car parking. One of the major USPs of the property is that it is a garden facing property. If you are interested, please contact us for more details. ",1,north,0,2,1,0,1,0,0,0,0,0,0,0,,,,,,,,,,1.0,,,,,,,
Sector 38,1800,15000000,INR,1,0,1,"A spacious 2 bhk builder floor is available for sale in Sector 38, Chandigarh. It has a salable area of 1800 sqft and is available at a price of Rs. 8,333 per sqft. It is an unfurnished property. It is located on the 2nd floor(out of a total of 3 floor(s)). It is west facing property. It is a 8 year old ready-to-move-in property. The time you'll spend here will become the greatest moment of your life that will also help you to relieve, relax & evoke a great sense of happiness. The site is in close proximity to various civic utilities. Contact us for more details. ",1,west,0,7,0,0,0,0,0,0,0,0,0,0,,,,,,,,,,1.0,,,,,,,
Mohali Sector 127,1350,3590000,INR,,1,1,,1,east,1,3,0,0,1,1,1,0,0,0,1,0,,,,,,,1.0,,,1.0,,1.0,,1.0,,,
New Chandigarh Mullanpur,1800,4454000,INR,,1,1,,1,northeast,0,0,1,1,1,0,0,1,1,0,0,0,,,,,,,,,,1.0,,,,,,,
DLF Mullanpur,2250,7990000,INR,,1,1,It is a semi-furnished property. It is on the 3rd floor of the building (total number of floors are 4). The property is available on freehold. It has 3 bathrooms and 2 balconies. The site is in close proximity to various civic utilities. ,1,east,0,0,1,1,1,1,1,1,1,1,1,1,,,,,1.0,1.0,1.0,1.0,1.0,1.0,1.0,1.0,1.0,1.0,,1.0,
New Chandigarh Mullanpur,1725,6396000,INR,,1,1,,1,northeast,0,3,0,1,1,0,0,1,1,0,0,0,,,,,,,,,,1.0,,,,,,,
DLF Mullanpur,2250,9390000,INR,,1,1,It’s a 3 bhk builder floor situated in DLF Mullanpur. It has an area of 2250 sqft with a carpet area of 1450 sqft . The property is available at a price of Rs. 93.90 lac (negotiable ). Its main door is facing east direction. The property is available on freehold. It is a ready-to-move-in property. ,1,east,1,0,0,0,0,0,0,0,0,0,0,0,,,,,,,,,,,,,,,,,
DLF Mullanpur,2250,8590000,INR,,1,1,"A 3 bhk property is available for sale in DLF Mullanpur, Chandigarh. The house is semi-furnished. It is located on the 1st floor(out of a total of 4 floor(s)). The property provides an excellent view as it overlooks the road. The property is available on freehold. It is an under-construction property and is expected to get completed by 30/04/2023. The time you'll spend here will become the greatest moment of your life that will also help you to relieve, relax & evoke a great sense of happiness. It is situated in the proximity of all the important facilities. Kindly call us for details. ",1,west,0,0,1,1,1,1,1,1,1,1,1,1,,,,,1.0,1.0,1.0,1.0,1.0,1.0,1.0,1.0,1.0,1.0,,1.0,1.0
Mohali Sec 117,1098,3040000,INR,1,1,1,,1,northeast,0,3,0,1,1,0,0,0,0,0,0,0,,,,,,,,,,,,,,,,,
Dhakoli,1100,3690000,INR,1,0,0,"This spacious 3 bhk builder floor is available for sale and is located in the heart of Dhakoli. It has an area of 1100 sqft . The property is available at a price of Rs. 36.90 lac . The house is semi-furnished. It is a ready-to-move-in property. The time you'll spend here will become the greatest moment of your life that will also help you to relieve, relax & evoke a great sense of happiness. If you are interested, please contact us for more details. ",1,,0,0,0,0,0,0,0,0,0,0,0,0,,,,,,,,,,,,,,,,,
Dhakoli,1100,3590000,INR,1,0,0,"This spacious 3 bhk builder floor is available for sale and is located in the heart of Dhakoli. It has a salable area of 1100 sqft and is available at a price of Rs. 3,263 per sqft. It is a semi-furnished property. This residential property is ready-to-move-in. It is situated in the proximity of all the important facilities. Contact us for more details. ",1,,0,0,0,0,0,0,0,0,0,0,0,0,,,,,,,,,,,,,,,,,
Dhakoli,1044,3950000,INR,1,0,0,"A 3 bhk property is available for sale in Dhakoli, Chandigarh. It has a salable area of 1044 sqft and is available at a price of Rs. 3,783 per sqft. It is a semi-furnished property. It is a ready-to-move-in property. It is made in way to provide a comfortable living. It is well connected to the city areas. Kindly call us for details. ",1,,0,0,0,0,0,0,0,0,0,0,0,0,,,,,,,,,,,,,,,,,
Dhakoli,900,2750000,INR,1,0,0,"A spacious 3 bhk builder floor is available for sale in Dhakoli, Chandigarh. It is a semi-furnished property. It is a ready-to-move-in property. It is made in way to provide a comfortable living for the residents. It is situated in the proximity of all the important facilities. Please contact for more details. ",1,,0,0,0,0,0,0,0,0,0,0,0,0,,,,,,,,,,,,,,,,,
Dhakoli,1100,3690000,INR,1,0,0,"It’s a 3 bhk builder floor situated in Dhakoli, Chandigarh. It has a salable area of 1100 sqft and is available at a price of Rs. 3,354 per sqft. It is a semi-furnished property. It is a ready-to-move-in property. It is made in way to provide a comfortable living for the residents. Contact us for more details. ",1,,0,0,0,0,0,0,0,0,0,0,0,0,,,,,,,,,,,,,,,,,
Dhakoli,1100,3590000,INR,1,0,0,"It’s a 3 bhk builder floor situated in Dhakoli, Chandigarh. The house is semi-furnished. It is a ready-to-move-in property. The site is in close proximity to various civic utilities. If you are interested, please contact us for more details. ",1,,0,0,0,0,0,0,0,0,0,0,0,0,,,,,,,,,,,,,,,,,
Dhakoli,1044,3950000,INR,1,0,0,"This spacious 3 bhk builder floor is available for sale and is located in the heart of Dhakoli. It has an area of 1044 sqft . The property is available at a price of Rs. 39.50 lac . It is a semi-furnished property. It is a ready-to-move-in property. The time you'll spend here will become the greatest moment of your life that will also help you to relieve, relax & evoke a great sense of happiness. It is well connected to the city areas. Contact us for more details. ",1,,0,0,0,0,0,0,0,0,0,0,0,0,,,,,,,,,,,,,,,,,
Dhakoli,900,2750000,INR,1,0,0,This spacious 3 bhk builder floor is available for sale and is located in the heart of Dhakoli. It has a built-up area of 900 sqft and is priced at Rs. 27.50 lac . The house is semi-furnished. This residential property is ready-to-move-in. It is made in way to provide a comfortable living. It is situated in the proximity of all the important facilities. Please contact for more details. ,1,,0,0,0,0,0,0,0,0,0,0,0,0,,,,,,,,,,,,,,,,,
Dhakoli,1100,3690000,INR,1,0,0,"It’s a 3 bhk builder floor situated in Dhakoli, Chandigarh. It has a built-up area of 1100 sqft and is priced at Rs. 36.90 lac . It is a semi-furnished property. It is a ready-to-move-in property. It is made in way to provide a comfortable living for the residents. The site is in close proximity to various civic utilities. If you are interested, please contact us for more details. ",1,,0,0,0,0,0,0,0,0,0,0,0,0,,,,,,,,,,,,,,,,,
Dhakoli,1100,3590000,INR,1,0,0,"It’s a 3 bhk builder floor situated in Dhakoli, Chandigarh. It has a built-up area of 1100 sqft and is priced at Rs. 35.90 lac . The house is semi-furnished. This residential property is ready-to-move-in. Please contact for more details. ",1,,0,0,0,0,0,0,0,0,0,0,0,0,,,,,,,,,,,,,,,,,
Dhakoli,1044,3950000,INR,1,0,0,"A 3 bhk property is available for sale in Dhakoli, Chandigarh. It has a salable area of 1044 sqft and is available at a price of Rs. 3,783 per sqft. The house is semi-furnished. It is a ready-to-move-in property. It is made in way to provide a comfortable living. The society is well connected by different modes of transportation. Please contact for more details. ",1,,0,0,0,0,0,0,0,0,0,0,0,0,,,,,,,,,,,,,,,,,
Dhakoli,900,2750000,INR,1,0,0,"Well designed 3 bhk builder floor is available at a prime location in Dhakoli. It has a built-up area of 900 sqft and is priced at Rs. 27.50 lac . It is a semi-furnished property. It is a ready-to-move-in property. If you are interested, please contact us for more details. ",1,,0,0,0,0,0,0,0,0,0,0,0,0,,,,,,,,,,,,,,,,,
Dhakoli,1100,3690000,INR,1,0,0,"It’s a 3 bhk builder floor situated in Dhakoli. The house is semi-furnished. It is a ready-to-move-in property. It is made in way to provide a comfortable living for the residents. The society is well connected by different modes of transportation. If you are interested, please contact us for more details. ",1,,0,0,0,0,0,0,0,0,0,0,0,0,,,,,,,,,,,,,,,,,
Dhakoli,1100,3590000,INR,1,0,0,"It’s a 3 bhk builder floor situated in Dhakoli, Chandigarh. It has a salable area of 1100 sqft and is available at a price of Rs. 3,263 per sqft. It is a semi-furnished property. It is a ready-to-move-in property. Contact us for more details. ",1,,0,0,0,0,0,0,0,0,0,0,0,0,,,,,,,,,,,,,,,,,
Dhakoli,1044,3950000,INR,1,0,0,"It’s a 3 bhk builder floor situated in Dhakoli, Chandigarh. It has an area of 1044 sqft . The property is available at a price of Rs. 39.50 lac . The house is semi-furnished. This residential property is ready-to-move-in. It is made in way to provide a comfortable living for the residents. The site is in close proximity to various civic utilities. Kindly call us for details. ",1,,0,0,0,0,0,0,0,0,0,0,0,0,,,,,,,,,,,,,,,,,
Dhakoli,900,2750000,INR,1,0,0,"A spacious 3 bhk builder floor is available for sale in Dhakoli, Chandigarh. It has an area of 900 sqft . The property is available at a price of Rs. 27.50 lac . The house is semi-furnished. This residential property is ready-to-move-in. The time you'll spend here will become the greatest moment of your life that will also help you to relieve, relax & evoke a great sense of happiness. The society is well connected by different modes of transportation. If you are interested, please contact us for more details. ",1,,0,0,0,0,0,0,0,0,0,0,0,0,,,,,,,,,,,,,,,,,
Dhakoli,1100,3590000,INR,1,0,0,"A 3 bhk property is available for sale in Dhakoli, Chandigarh. It has a salable area of 1100 sqft and is available at a price of Rs. 3,263 per sqft. It is a semi-furnished property. This residential property is ready-to-move-in. The time you'll spend here will become the greatest moment of your life that will also help you to relieve, relax & evoke a great sense of happiness. It is well connected to the city areas. Please contact us for more details. ",1,,0,0,0,0,0,0,0,0,0,0,0,0,,,,,,,,,,,,,,,,,
Dhakoli,1100,3690000,INR,1,0,0,"It’s a 3 bhk builder floor situated in Dhakoli. It has a salable area of 1100 sqft and is available at a price of Rs. 3,354 per sqft. The house is semi-furnished. This residential property is ready-to-move-in. It is made in way to provide a comfortable living for the residents. It is well connected to the city areas. Kindly call us for details. ",1,,0,0,0,0,0,0,0,0,0,0,0,0,,,,,,,,,,,,,,,,,
Mohali Sec 125,550,1690000,INR,,1,1,"It has 1 wardrobe, 1 sofa, 1 dining table and 1 bed. It also has 1 modular kitchen. It is located on the 1st floor(out of a total of 2 floor(s)). The property is available on freehold. It is a ready-to-move-in property. The society is well connected by different modes of transportation. ",1,north,1,1,0,1,1,1,0,1,0,1,1,1,,,,1.0,,1.0,1.0,,,1.0,1.0,1.0,1.0,,,1.0,
Mohali Sec 125,910,1790000,INR,,1,1,"It’s a 2 bhk builder floor situated in Mohali Sec 125, Chandigarh. It has an area of 910 sqft with a carpet area of 882 sqft . The property is available at a price of Rs. 17.90 lac (negotiable ). The house is furnished. One of the major USPs of the property is that it is a road facing property. The property is available on freehold. The property has 2 bathrooms and 1 balcony. It is a ready-to-move-in property. It is made in way to provide a comfortable living. It is situated in the proximity of all the important facilities. ",1,north,1,1,0,1,1,1,0,1,0,1,1,1,,,,1.0,1.0,1.0,,,,1.0,1.0,1.0,1.0,,,,
Mohali Sector 127,910,1990000,INR,,1,1,"It has a built-up area of 910 sqft and is priced at Rs. 19.90 lac (negotiable). It is a furnished property. It’s on 1st floor out of 3 floors building. It is north facing property. The property has 2 bathrooms and 1 balcony. The time you'll spend here will become the greatest moment of your life that will also help you to relieve, relax & evoke a great sense of happiness. ",1,north,1,1,0,1,1,1,0,1,0,1,1,1,,,,1.0,1.0,1.0,,,,1.0,1.0,1.0,1.0,,,1.0,
Mohali Sec 125,915,1790000,INR,,1,1,"It has a built-up area of 915 sqft and is priced at Rs. 17.90 lac (negotiable). It is an unfurnished property. It has 1 wardrobe, 1 sofa, 1 dining table and 1 bed. It has 1 bathroom and 1 balcony. It is situated in the proximity of all the important facilities. ",1,north,0,1,0,1,1,0,0,1,0,0,0,1,,,,,,,,,,1.0,,,,,,,
Mohali Sec 125,910,3090000,INR,,1,1,"A spacious 2 bhk builder floor is available for sale in Mohali Sec 125, Chandigarh. It has a salable area of 910 sqft and is available at a price of Rs. 3,395 per sqft. It has 1 wardrobe, 1 refrigerator, 1 sofa and 1 dining table. It also has 1 bed. The property has 1 bathroom and 1 balcony. It is a ready-to-move-in property. The time you'll spend here will become the greatest moment of your life that will also help you to relieve, relax & evoke a great sense of happiness. ",1,north,1,1,0,1,1,0,0,1,0,0,0,1,,,,,,,,,,1.0,,,,,,,
Mohali Sec 125,610,1890000,INR,,1,1,"A spacious 1 bhk builder floor is available for sale in Mohali Sec 125, Chandigarh. It has a salable area of 610 sqft and is available at a price of Rs. 3,098 per sqft. It has 1 bathroom and 1 balcony. It is made in way to provide a comfortable living. The society is well connected by different modes of transportation. If you are interested, please contact us for more details. ",1,north,1,1,0,1,1,1,0,1,0,1,0,1,,,,,,1.0,,,,1.0,1.0,1.0,1.0,,,1.0,1.0
Mohali Sector 127,599,1490000,INR,,1,1,"It has a salable area of 599 sqft and is available at a price of Rs. 2,487 per sqft. It is an unfurnished property. It has 1 sofa, 1 dining table, 1 wardrobe and 1 bed. It is on 1st floor. The building has a total of 3 floor(s). It is facing north direction. The property has 1 bathroom and 1 balcony. This residential property is ready-to-move-in. It is made in way to provide a comfortable living for the residents. The society is well connected by different modes of transportation. ",1,north,0,1,0,1,1,1,0,1,0,1,1,1,,,,,,1.0,,,,1.0,1.0,1.0,1.0,,,1.0,1.0
Mohali Sector 127,550,1690000,INR,,1,1,"A spacious 1 bhk builder floor is available for sale in Mohali Sector 127, Chandigarh. The house is furnished. It’s on 1st floor out of 3 floors building. It is facing northeast direction. The property is available on freehold. The property has 1 bathroom and 1 balcony. It is a ready-to-move-in property. It is made in way to provide a comfortable living. The society is well connected by different modes of transportation. Contact us for more details. ",1,northeast,1,1,0,1,1,1,0,0,0,1,1,1,,,,,,1.0,,,,1.0,1.0,1.0,1.0,,,,
Mohali Sec 125,588,1555000,INR,,1,1,"A spacious 1 bhk builder floor is available for sale in Mohali Sec 125, Chandigarh. It is on 1st floor. The building has a total of 2 floor(s). It has 1 bathroom and 1 balcony. It is made in way to provide a comfortable living. The society is well connected by different modes of transportation. ",1,north,1,1,0,1,1,1,0,1,0,1,1,1,,,,1.0,,1.0,,,,1.0,1.0,1.0,1.0,,,1.0,
Mohali Sector 127,915,1990000,INR,,1,1,It has an area of 915 sqft with a carpet area of 855 sqft . The property is available at a price of Rs. 19.90 lac (negotiable ). The property provides an excellent view as it overlooks the road. The property is in a complex owned by a co-operative society. It is a ready-to-move-in property. It is made in way to provide a comfortable living. ,1,north,1,1,0,1,1,1,0,1,0,1,1,1,,,,1.0,,1.0,,,,1.0,1.0,1.0,1.0,,,1.0,
Mohali Sector 127,951,1890000,INR,,1,1,"It has a built-up area of 951 sqft and is priced at Rs. 18.90 lac (negotiable). It has 1 wardrobe, 1 sofa, 1 dining table and 1 bed. It also has 1 modular kitchen. It is on the 1st floor of the building (total number of floors are 2). It is south facing property. The time you'll spend here will become the greatest moment of your life that will also help you to relieve, relax & evoke a great sense of happiness. It is situated in the proximity of all the important facilities. Please contact for more details. ",1,south,1,1,0,1,1,1,0,1,0,1,1,1,,,,1.0,,1.0,,,,1.0,1.0,1.0,1.0,,,1.0,
Mohali Sector 127,915,1890000,INR,,1,1,"It has a salable area of 915 sqft and is available at a price of Rs. 2,065 per sqft. It is a furnished property. Furnishings include 1 wardrobe, 1 sofa, 1 dining table, 1 bed and 1 modular kitchen. The property has 2 bathrooms and 2 balconies. The site is in close proximity to various civic utilities. ",1,north,1,1,0,1,1,1,0,1,0,1,1,1,,,,1.0,,1.0,1.0,,,1.0,1.0,1.0,1.0,,,1.0,
Mohali Sector 127,980,1750000,INR,,1,1,"It’s a 2 bhk builder floor situated in Mohali Sector 127. It has a built-up area of 980 sqft and is priced at Rs. 17.50 lac (negotiable). The house is furnished. It has 1 wardrobe, 1 sofa, 1 dining table and 1 bed. It also has 1 modular kitchen. It is located on the 1st floor(out of a total of 2 floor(s)). Its main door is facing north direction. The property is available on freehold. It has 1 bathroom and 1 balcony. This residential property is ready-to-move-in. The time you'll spend here will become the greatest moment of your life that will also help you to relieve, relax & evoke a great sense of happiness. The society is well connected by different modes of transportation. Please contact for more details. ",1,north,1,1,0,1,1,1,0,0,0,0,1,1,,,,1.0,1.0,1.0,,,,1.0,1.0,1.0,1.0,,,1.0,
Mohali Sector 127,915,1850000,INR,,1,1,"It’s a 2 bhk builder floor situated in Mohali Sector 127, Chandigarh. It has a salable area of 915 sqft and is available at a price of Rs. 2,021 per sqft. It is a furnished property. Furnishings include 1 wardrobe, 1 sofa, 1 dining table, 1 bed and 1 modular kitchen. It’s on 1st floor out of 2 floors building. It is a road facing property. The property is in a complex owned by a co-operative society. It has 1 bathroom and 1 balcony. This residential property is ready-to-move-in. The time you'll spend here will become the greatest moment of your life that will also help you to relieve, relax & evoke a great sense of happiness. It is well connected to the city areas. If you are interested, please contact us for more details. ",1,north,1,1,0,1,1,1,0,1,0,1,1,1,,,,1.0,,1.0,1.0,,,1.0,1.0,1.0,1.0,,,1.0,
Mohali Sector 127,510,1450000,INR,,1,1,"It’s a 1 bhk builder floor situated in Mohali Sector 127, Chandigarh. It has an area of 510 sqft with a carpet area of 400 sqft . The property is available at a price of Rs. 14.50 lac (negotiable ). It is an unfurnished property. It has 1 wardrobe, 1 sofa, 1 dining table and 1 bed. It also has 1 modular kitchen. It is located on the 2nd floor(out of a total of 3 floor(s)). Its main door is facing north direction. The property is available on freehold. The property has 1 bathroom and 1 balcony. It is a ready-to-move-in property. It is made in way to provide a comfortable living for the residents. The site is in close proximity to various civic utilities. Contact us for more details. ",1,north,0,1,0,1,1,1,0,1,0,1,1,1,,,,1.0,,1.0,,,,1.0,1.0,1.0,1.0,,,1.0,
SEC 115 MOHALI KHARAR LANDRAN ROAD,510,1490000,INR,,1,1,"It’s a 1 bhk builder floor situated in SEC 115 MOHALI KHARAR LANDRAN ROAD, Chandigarh. It has a built-up area of 510 sqft and is priced at Rs. 14.90 lac (negotiable). It has 1 wardrobe, 1 refrigerator, 1 dining table and 1 bed. It also has 1 modular kitchen. It’s on 1st floor out of 3 floors building. It is a corner property. The property has 1 bathroom and 1 balcony. It is well connected to the city areas. ",1,north,1,1,0,1,1,1,0,1,0,1,1,1,,,,1.0,,1.0,1.0,,,1.0,1.0,1.0,1.0,,,1.0,
Mohali Sec 125,510,1690000,INR,,1,1,"A 1 bhk property is available for sale in Mohali Sec 125, Chandigarh. It has a salable area of 510 sqft and is available at a price of Rs. 3,313 per sqft. It is a furnished property. It is on the 1st floor of the building (total number of floors are 2). It is north facing property. The property is available on freehold. It has 1 bathroom and 1 balcony. This residential property is ready-to-move-in. It is made in way to provide a comfortable living. ",1,north,1,1,0,1,1,1,0,1,1,1,1,1,,,,1.0,,1.0,1.0,,,1.0,1.0,1.0,1.0,,,1.0,
SEC 115 MOHALI KHARAR LANDRAN ROAD,510,1590000,INR,,1,1,"It’s a 1 bhk builder floor situated in SEC 115 MOHALI KHARAR LANDRAN ROAD. It has an area of 510 sqft with a carpet area of 445 sqft . The property is available at a price of Rs. 15.90 lac (negotiable ). The house is furnished. It has 1 wardrobe, 1 sofa, 1 dining table and 1 bed. It also has 1 modular kitchen. It is on 1st floor. The building has a total of 2 floor(s). It is a garden facing property. The property is available on freehold. It has 1 bathroom and 1 balcony. It is a ready-to-move-in property. It is made in way to provide a comfortable living. Please contact for more details. ",1,north,1,1,0,1,1,1,0,1,0,1,0,1,,,,1.0,1.0,1.0,1.0,,,1.0,1.0,1.0,1.0,,,1.0,
Mohali Sector 127,555,1490000,INR,,1,1,"A spacious 1 bhk builder floor is available for sale in Mohali Sector 127, Chandigarh. It has a salable area of 555 sqft and is available at a price of Rs. 2,684 per sqft. The house is furnished. It has 1 wardrobe, 1 sofa, 1 dining table and 1 bed. It also has 1 modular kitchen. It’s on 2nd floor out of 3 floors building. Its main door is facing north direction. The property is available on freehold. It has 1 bathroom and 1 balcony. It is a ready-to-move-in property. It is made in way to provide a comfortable living for the residents. The site is in close proximity to various civic utilities. Contact us for more details. ",1,north,1,1,0,1,1,1,0,1,0,1,1,1,,,,1.0,,1.0,1.0,,,1.0,1.0,1.0,1.0,,,1.0,
Mohali Sector 127,510,1490000,INR,,1,1,"It has a built-up area of 510 sqft and is priced at Rs. 14.90 lac (negotiable). It is a furnished property. Furnishings include 1 wardrobe, 1 sofa, 1 dining table, 1 bed and 1 modular kitchen. The property has 1 bathroom and 1 balcony. The time you'll spend here will become the greatest moment of your life that will also help you to relieve, relax & evoke a great sense of happiness. The site is in close proximity to various civic utilities. Kindly call us for details. ",1,south,1,1,0,1,1,1,0,1,0,1,1,1,,,,,,1.0,,,,1.0,1.0,1.0,1.0,,,1.0,
Mohali Sector 127,900,1890000,INR,,1,1,"It’s a 2 bhk builder floor situated in Mohali Sector 127. It has a built-up area of 900 sqft and is priced at Rs. 18.90 lac (negotiable). It is a furnished property. It has 1 wardrobe, 1 sofa, 1 dining table and 1 bed. It also has 1 modular kitchen. It is located on the 1st floor(out of a total of 3 floor(s)). It is a garden facing property. The property is available on freehold. It has 1 bathroom and 1 balcony. It is a ready-to-move-in property. The time you'll spend here will become the greatest moment of your life that will also help you to relieve, relax & evoke a great sense of happiness. The site is in close proximity to various civic utilities. If you are interested, please contact us for more details. ",1,north,1,1,0,1,1,0,0,1,0,0,0,1,,,,,,,,,,1.0,,,,,,,
Mohali Sector 127,910,1790000,INR,,1,1,"It’s a 2 bhk builder floor situated in Mohali Sector 127, Chandigarh. It has a salable area of 910 sqft and is available at a price of Rs. 1,967 per sqft. The house is furnished. It has 1 wardrobe, 1 sofa, 1 dining table and 1 bed. It also has 1 modular kitchen. The property provides an excellent view as it overlooks the garden. The property has 1 bathroom and 1 balcony. It is situated in the proximity of all the important facilities. Please contact for more details. ",1,north,1,1,0,1,1,1,0,1,0,1,0,1,,,,,,1.0,1.0,,,1.0,1.0,1.0,1.0,,,1.0,
Mohali Sector 127,1050,1970000,INR,,1,1,It has a built-up area of 1050 sqft and is priced at Rs. 19.70 lac (negotiable). It is an unfurnished property. The property has 2 bathrooms and 2 balconies. It is a ready-to-move-in property. It is situated in the proximity of all the important facilities. ,1,,0,1,0,0,0,0,0,0,0,0,0,0,,,,,,,,,,,,,,,,,
Mohali Sector 127,952,1790000,INR,,1,1,"It’s a 2 bhk builder floor situated in Mohali Sector 127, Chandigarh. It has a salable area of 952 sqft and is available at a price of Rs. 1,880 per sqft. The house is furnished. Furnishings include 2 wardrobe, 1 sofa, 1 dining table, 2 bed and 1 modular kitchen. It’s on 1st floor out of 3 floors building. The property provides an excellent view as it is a corner property. The property is available on freehold. The property has 1 bathroom and 1 balcony. This residential property is ready-to-move-in. It is made in way to provide a comfortable living. The society is well connected by different modes of transportation. Please contact us for more details. ",1,north,1,1,0,1,0,1,0,1,0,1,1,1,,,,1.0,1.0,1.0,,,,1.0,1.0,1.0,1.0,,,1.0,
Mohali Sector 127,600,1880000,INR,,1,1,It’s a 1 bhk builder floor situated in Mohali Sector 127. It is on the ground floor of the building (total number of floors are 2). The property is available on freehold. This residential property is ready-to-move-in. It is situated in the proximity of all the important facilities. ,1,north,1,1,0,1,1,1,0,1,0,0,1,1,,,,1.0,,1.0,,,,1.0,1.0,1.0,1.0,,,,
Mohali Sector 127,510,1480520,INR,,1,1,"It is a furnished property. Furnishings include 1 wardrobe, 1 dining table, 1 bed and 1 modular kitchen. It is on the 1st floor of the building (total number of floors are 2). The property is in a complex owned by a co-operative society. It has 1 bathroom and 1 balcony. It is a ready-to-move-in property. It is made in way to provide a comfortable living for the residents. The site is in close proximity to various civic utilities. Contact us for more details. ",1,north,1,1,0,1,0,1,0,1,0,1,0,1,,,,,,1.0,,,,1.0,1.0,1.0,1.0,,,1.0,
Mohali Sector 127,510,1480000,INR,,1,1,"It’s a 1 bhk builder floor situated in Mohali Sector 127, Chandigarh. It has a built-up area of 510 sqft and is priced at Rs. 14.80 lac (negotiable). The house is furnished. It has 1 wardrobe, 1 dining table, 1 bed and 1 modular kitchen. It is located on the 1st floor(out of a total of 2 floor(s)). The property provides an excellent view as it overlooks the road. The property is available on freehold. It is a ready-to-move-in property. It is made in way to provide a comfortable living for the residents. ",1,north,1,1,0,1,1,1,0,1,0,1,1,1,,,,1.0,,1.0,,,,1.0,1.0,1.0,1.0,,,1.0,
Mohali Sec 125,555,1690000,INR,,1,1,"It has a salable area of 555 sqft and is available at a price of Rs. 3,045 per sqft. It is a furnished property. Furnishings include 1 wardrobe, 1 dining table, 1 bed and 1 modular kitchen. It is on 1st floor. The building has a total of 3 floor(s). It is facing north direction. It has 1 bathroom and 1 balcony. The time you'll spend here will become the greatest moment of your life that will also help you to relieve, relax & evoke a great sense of happiness. If you are interested, please contact us for more details. ",1,north,1,1,0,1,1,1,0,1,0,0,1,1,,,,1.0,,1.0,1.0,,,1.0,1.0,1.0,1.0,,,1.0,
SEC 115 MOHALI KHARAR LANDRAN ROAD,510,1590000,INR,,1,1,"This spacious 1 bhk builder floor is available for sale and is located in the heart of SEC 115 MOHALI KHARAR LANDRAN ROAD. The house is furnished. It has 1 wardrobe, 1 dining table, 1 bed and 1 modular kitchen. It is on the 1st floor of the building (total number of floors are 3). It is facing north direction. The property has 1 bathroom and 1 balcony. It is made in way to provide a comfortable living for the residents. Please contact for more details. ",1,north,1,1,0,1,1,1,0,1,0,1,1,1,,,,1.0,,1.0,1.0,,,1.0,1.0,1.0,1.0,,,1.0,
Mohali Sector 127,1100,1980000,INR,,1,1,"This spacious 2 bhk builder floor is available for sale and is located in the heart of Mohali Sector 127. It has a built-up area of 1100 sqft and is priced at Rs. 19.80 lac (negotiable). The house is furnished. Furnishings include 1 wardrobe, 1 dining table, 1 bed and 1 modular kitchen. It is facing north direction. The property is available on freehold. The property has 2 bathrooms and 2 balconies. It is made in way to provide a comfortable living for the residents. The site is in close proximity to various civic utilities. Please contact for more details. ",1,north,1,1,0,1,1,1,0,1,0,0,1,1,,,,1.0,,1.0,1.0,,1.0,1.0,1.0,1.0,1.0,,,1.0,
Mohali Sector 127,1050,1990000,INR,,1,1,"It has an area of 1050 sqft with a carpet area of 998 sqft . The property is available at a price of Rs. 19.90 lac (negotiable ). It has 1 wardrobe, 1 dining table, 1 bed and 1 modular kitchen. It is facing south direction. This residential property is ready-to-move-in. The society is well connected by different modes of transportation. Kindly call us for details. ",1,south,0,1,0,1,1,0,0,1,0,0,0,1,,,,,,,,,,1.0,,,,,,,
Mohali Sector 127,910,1990000,INR,,1,1,"It has an area of 910 sqft with a carpet area of 889 sqft . The property is available at a price of Rs. 19.90 lac (negotiable ). The house is furnished. Furnishings include 1 wardrobe, 1 sofa, 1 dining table, 1 bed and 1 modular kitchen. It is on 1st floor. The building has a total of 2 floor(s). The property has 1 bathroom and 1 balcony. The time you'll spend here will become the greatest moment of your life that will also help you to relieve, relax & evoke a great sense of happiness. It is well connected to the city areas. Please contact us for more details. ",1,north,1,1,0,1,1,1,0,1,0,1,1,1,,,,1.0,,1.0,,,,1.0,1.0,1.0,1.0,,,1.0,
Mohali Sector 127,915,1790000,INR,,1,1,"It’s a 2 bhk builder floor situated in Mohali Sector 127. It has an area of 915 sqft with a carpet area of 888 sqft . The property is available at a price of Rs. 17.90 lac (negotiable ). Furnishings include 1 wardrobe, 1 sofa, 1 dining table, 1 bed and 1 modular kitchen. It is on the 1st floor of the building (total number of floors are 3). Its main door is facing north direction. It has 1 bathroom and 1 balcony. It is made in way to provide a comfortable living for the residents. It is situated in the proximity of all the important facilities. Please contact us for more details. ",1,north,1,1,0,1,1,1,0,1,0,1,1,1,,,,1.0,,1.0,1.0,,,1.0,1.0,1.0,1.0,,,1.0,
Mohali Sector 127,550,1490000,INR,,1,1,"It has a salable area of 550 sqft and is available at a price of Rs. 2,709 per sqft. It is a semi-furnished property. It’s on 1st floor out of 3 floors building. The property is available on freehold. The property has 1 bathroom and 1 balcony. It is made in way to provide a comfortable living for the residents. The society is well connected by different modes of transportation. Contact us for more details. ",1,south,0,1,0,1,1,1,0,1,0,1,1,1,,,,1.0,,1.0,1.0,,,1.0,1.0,1.0,1.0,,,1.0,
Mohali Sector 127,600,1490000,INR,,1,1,"This spacious 1 bhk builder floor is available for sale and is located in the heart of Mohali Sector 127. It has 1 wardrobe, 1 sofa, 1 dining table and 1 bed. It also has 1 modular kitchen. The property is available on freehold. It has 1 bathroom and 1 balcony. It is a ready-to-move-in property. The time you'll spend here will become the greatest moment of your life that will also help you to relieve, relax & evoke a great sense of happiness. It is situated in the proximity of all the important facilities. If you are interested, please contact us for more details. ",1,north,1,1,0,1,1,1,0,1,0,0,1,1,,,,1.0,,1.0,,,,1.0,1.0,1.0,1.0,,,1.0,
SEC 115 MOHALI KHARAR LANDRAN ROAD,623,1490000,INR,,1,1,"* ready to move in in
* 2.67 Subsidy Benefit
* Gated Society
* Fully Furnished
* CCTV Camera Protection
#Facilities Available Are:-
* We Are Providing an Friendly Environment that's perfectly suited to the modern Lifestyle
* Modular Kitchen+ RO+ Chimney
* 1000+ families Living Here
* Boundary wall
* Double Bed
* Led Panels Led Lights
* Wall Ceiling+ Cupboards
* Adjoining Facilities Nearby Malls, Schools, College, Hospital, Restaurants.
* Safe Zone for Kids

Contact For Further Information",1,north,1,1,0,1,1,1,0,1,0,0,1,1,,,,1.0,,1.0,,,,1.0,1.0,1.0,1.0,,,1.0,
Mohali Sec 125,910,1990000,INR,,1,1,"A 2 bhk property is available for sale in Mohali Sec 125, Chandigarh. It is on the 1st floor of the building (total number of floors are 2). The property provides an excellent view as it overlooks the garden. It has 2 bathrooms and 2 balconies. It is well connected to the city areas. ",1,north,1,1,0,1,1,0,0,1,0,0,0,1,,,,,,1.0,,,,1.0,1.0,1.0,1.0,,,,
Mohali Sector 127,910,1990000,INR,,1,1,"It has a built-up area of 910 sqft and is priced at Rs. 19.90 lac (negotiable). It is a furnished property. It’s on 1st floor out of 3 floors building. It is north facing property. The property has 2 bathrooms and 1 balcony. The time you'll spend here will become the greatest moment of your life that will also help you to relieve, relax & evoke a great sense of happiness. ",1,north,1,1,0,1,1,1,0,1,0,1,1,1,,,,1.0,1.0,1.0,,,,1.0,1.0,1.0,1.0,,,1.0,
Mohali Sec 125,915,1790000,INR,,1,1,"It has a built-up area of 915 sqft and is priced at Rs. 17.90 lac (negotiable). It is an unfurnished property. It has 1 wardrobe, 1 sofa, 1 dining table and 1 bed. It has 1 bathroom and 1 balcony. It is situated in the proximity of all the important facilities. ",1,north,0,1,0,1,1,0,0,1,0,0,0,1,,,,,,,,,,1.0,,,,,,,
Mohali Sec 125,910,3090000,INR,,1,1,"A spacious 2 bhk builder floor is available for sale in Mohali Sec 125, Chandigarh. It has a salable area of 910 sqft and is available at a price of Rs. 3,395 per sqft. It has 1 wardrobe, 1 refrigerator, 1 sofa and 1 dining table. It also has 1 bed. The property has 1 bathroom and 1 balcony. It is a ready-to-move-in property. The time you'll spend here will become the greatest moment of your life that will also help you to relieve, relax & evoke a great sense of happiness. ",1,north,1,1,0,1,1,0,0,1,0,0,0,1,,,,,,,,,,1.0,,,,,,,
Mohali Sec 125,610,1890000,INR,,1,1,"A spacious 1 bhk builder floor is available for sale in Mohali Sec 125, Chandigarh. It has a salable area of 610 sqft and is available at a price of Rs. 3,098 per sqft. It has 1 bathroom and 1 balcony. It is made in way to provide a comfortable living. The society is well connected by different modes of transportation. If you are interested, please contact us for more details. ",1,north,1,1,0,1,1,1,0,1,0,1,0,1,,,,,,1.0,,,,1.0,1.0,1.0,1.0,,,1.0,1.0
Mohali Sector 127,599,1490000,INR,,1,1,"It has a salable area of 599 sqft and is available at a price of Rs. 2,487 per sqft. It is an unfurnished property. It has 1 sofa, 1 dining table, 1 wardrobe and 1 bed. It is on 1st floor. The building has a total of 3 floor(s). It is facing north direction. The property has 1 bathroom and 1 balcony. This residential property is ready-to-move-in. It is made in way to provide a comfortable living for the residents. The society is well connected by different modes of transportation. ",1,north,0,1,0,1,1,1,0,1,0,1,1,1,,,,,,1.0,,,,1.0,1.0,1.0,1.0,,,1.0,1.0
Mohali Sector 127,550,1690000,INR,,1,1,"A spacious 1 bhk builder floor is available for sale in Mohali Sector 127, Chandigarh. The house is furnished. It’s on 1st floor out of 3 floors building. It is facing northeast direction. The property is available on freehold. The property has 1 bathroom and 1 balcony. It is a ready-to-move-in property. It is made in way to provide a comfortable living. The society is well connected by different modes of transportation. Contact us for more details. ",1,northeast,1,1,0,1,1,1,0,0,0,1,1,1,,,,,,1.0,,,,1.0,1.0,1.0,1.0,,,,
Mohali Sec 125,588,1555000,INR,,1,1,"A spacious 1 bhk builder floor is available for sale in Mohali Sec 125, Chandigarh. It is on 1st floor. The building has a total of 2 floor(s). It has 1 bathroom and 1 balcony. It is made in way to provide a comfortable living. The society is well connected by different modes of transportation. ",1,north,1,1,0,1,1,1,0,1,0,1,1,1,,,,1.0,,1.0,,,,1.0,1.0,1.0,1.0,,,1.0,
Mohali Sector 127,915,1990000,INR,,1,1,It has an area of 915 sqft with a carpet area of 855 sqft . The property is available at a price of Rs. 19.90 lac (negotiable ). The property provides an excellent view as it overlooks the road. The property is in a complex owned by a co-operative society. It is a ready-to-move-in property. It is made in way to provide a comfortable living. ,1,north,1,1,0,1,1,1,0,1,0,1,1,1,,,,1.0,,1.0,,,,1.0,1.0,1.0,1.0,,,1.0,
Mohali Sector 127,951,1890000,INR,,1,1,"It has a built-up area of 951 sqft and is priced at Rs. 18.90 lac (negotiable). It has 1 wardrobe, 1 sofa, 1 dining table and 1 bed. It also has 1 modular kitchen. It is on the 1st floor of the building (total number of floors are 2). It is south facing property. The time you'll spend here will become the greatest moment of your life that will also help you to relieve, relax & evoke a great sense of happiness. It is situated in the proximity of all the important facilities. Please contact for more details. ",1,south,1,1,0,1,1,1,0,1,0,1,1,1,,,,1.0,,1.0,,,,1.0,1.0,1.0,1.0,,,1.0,
Mohali Sector 127,915,1890000,INR,,1,1,"It has a salable area of 915 sqft and is available at a price of Rs. 2,065 per sqft. It is a furnished property. Furnishings include 1 wardrobe, 1 sofa, 1 dining table, 1 bed and 1 modular kitchen. The property has 2 bathrooms and 2 balconies. The site is in close proximity to various civic utilities. ",1,north,1,1,0,1,1,1,0,1,0,1,1,1,,,,1.0,,1.0,1.0,,,1.0,1.0,1.0,1.0,,,1.0,
Mohali Sector 127,980,1750000,INR,,1,1,"It’s a 2 bhk builder floor situated in Mohali Sector 127. It has a built-up area of 980 sqft and is priced at Rs. 17.50 lac (negotiable). The house is furnished. It has 1 wardrobe, 1 sofa, 1 dining table and 1 bed. It also has 1 modular kitchen. It is located on the 1st floor(out of a total of 2 floor(s)). Its main door is facing north direction. The property is available on freehold. It has 1 bathroom and 1 balcony. This residential property is ready-to-move-in. The time you'll spend here will become the greatest moment of your life that will also help you to relieve, relax & evoke a great sense of happiness. The society is well connected by different modes of transportation. Please contact for more details. ",1,north,1,1,0,1,1,1,0,0,0,0,1,1,,,,1.0,1.0,1.0,,,,1.0,1.0,1.0,1.0,,,1.0,
Mohali Sector 127,915,1850000,INR,,1,1,"It’s a 2 bhk builder floor situated in Mohali Sector 127, Chandigarh. It has a salable area of 915 sqft and is available at a price of Rs. 2,021 per sqft. It is a furnished property. Furnishings include 1 wardrobe, 1 sofa, 1 dining table, 1 bed and 1 modular kitchen. It’s on 1st floor out of 2 floors building. It is a road facing property. The property is in a complex owned by a co-operative society. It has 1 bathroom and 1 balcony. This residential property is ready-to-move-in. The time you'll spend here will become the greatest moment of your life that will also help you to relieve, relax & evoke a great sense of happiness. It is well connected to the city areas. If you are interested, please contact us for more details. ",1,north,1,1,0,1,1,1,0,1,0,1,1,1,,,,1.0,,1.0,1.0,,,1.0,1.0,1.0,1.0,,,1.0,
Mohali Sector 127,510,1450000,INR,,1,1,"It’s a 1 bhk builder floor situated in Mohali Sector 127, Chandigarh. It has an area of 510 sqft with a carpet area of 400 sqft . The property is available at a price of Rs. 14.50 lac (negotiable ). It is an unfurnished property. It has 1 wardrobe, 1 sofa, 1 dining table and 1 bed. It also has 1 modular kitchen. It is located on the 2nd floor(out of a total of 3 floor(s)). Its main door is facing north direction. The property is available on freehold. The property has 1 bathroom and 1 balcony. It is a ready-to-move-in property. It is made in way to provide a comfortable living for the residents. The site is in close proximity to various civic utilities. Contact us for more details. ",1,north,0,1,0,1,1,1,0,1,0,1,1,1,,,,1.0,,1.0,,,,1.0,1.0,1.0,1.0,,,1.0,
SEC 115 MOHALI KHARAR LANDRAN ROAD,510,1490000,INR,,1,1,"It’s a 1 bhk builder floor situated in SEC 115 MOHALI KHARAR LANDRAN ROAD, Chandigarh. It has a built-up area of 510 sqft and is priced at Rs. 14.90 lac (negotiable). It has 1 wardrobe, 1 refrigerator, 1 dining table and 1 bed. It also has 1 modular kitchen. It’s on 1st floor out of 3 floors building. It is a corner property. The property has 1 bathroom and 1 balcony. It is well connected to the city areas. ",1,north,1,1,0,1,1,1,0,1,0,1,1,1,,,,1.0,,1.0,1.0,,,1.0,1.0,1.0,1.0,,,1.0,
Mohali Sec 125,510,1690000,INR,,1,1,"A 1 bhk property is available for sale in Mohali Sec 125, Chandigarh. It has a salable area of 510 sqft and is available at a price of Rs. 3,313 per sqft. It is a furnished property. It is on the 1st floor of the building (total number of floors are 2). It is north facing property. The property is available on freehold. It has 1 bathroom and 1 balcony. This residential property is ready-to-move-in. It is made in way to provide a comfortable living. ",1,north,1,1,0,1,1,1,0,1,1,1,1,1,,,,1.0,,1.0,1.0,,,1.0,1.0,1.0,1.0,,,1.0,
SEC 115 MOHALI KHARAR LANDRAN ROAD,510,1590000,INR,,1,1,"It’s a 1 bhk builder floor situated in SEC 115 MOHALI KHARAR LANDRAN ROAD. It has an area of 510 sqft with a carpet area of 445 sqft . The property is available at a price of Rs. 15.90 lac (negotiable ). The house is furnished. It has 1 wardrobe, 1 sofa, 1 dining table and 1 bed. It also has 1 modular kitchen. It is on 1st floor. The building has a total of 2 floor(s). It is a garden facing property. The property is available on freehold. It has 1 bathroom and 1 balcony. It is a ready-to-move-in property. It is made in way to provide a comfortable living. Please contact for more details. ",1,north,1,1,0,1,1,1,0,1,0,1,0,1,,,,1.0,1.0,1.0,1.0,,,1.0,1.0,1.0,1.0,,,1.0,
Mohali Sector 127,555,1490000,INR,,1,1,"A spacious 1 bhk builder floor is available for sale in Mohali Sector 127, Chandigarh. It has a salable area of 555 sqft and is available at a price of Rs. 2,684 per sqft. The house is furnished. It has 1 wardrobe, 1 sofa, 1 dining table and 1 bed. It also has 1 modular kitchen. It’s on 2nd floor out of 3 floors building. Its main door is facing north direction. The property is available on freehold. It has 1 bathroom and 1 balcony. It is a ready-to-move-in property. It is made in way to provide a comfortable living for the residents. The site is in close proximity to various civic utilities. Contact us for more details. ",1,north,1,1,0,1,1,1,0,1,0,1,1,1,,,,1.0,,1.0,1.0,,,1.0,1.0,1.0,1.0,,,1.0,
Mohali Sector 127,510,1490000,INR,,1,1,"It has a built-up area of 510 sqft and is priced at Rs. 14.90 lac (negotiable). It is a furnished property. Furnishings include 1 wardrobe, 1 sofa, 1 dining table, 1 bed and 1 modular kitchen. The property has 1 bathroom and 1 balcony. The time you'll spend here will become the greatest moment of your life that will also help you to relieve, relax & evoke a great sense of happiness. The site is in close proximity to various civic utilities. Kindly call us for details. ",1,south,1,1,0,1,1,1,0,1,0,1,1,1,,,,,,1.0,,,,1.0,1.0,1.0,1.0,,,1.0,
Mohali Sector 127,900,1890000,INR,,1,1,"It’s a 2 bhk builder floor situated in Mohali Sector 127. It has a built-up area of 900 sqft and is priced at Rs. 18.90 lac (negotiable). It is a furnished property. It has 1 wardrobe, 1 sofa, 1 dining table and 1 bed. It also has 1 modular kitchen. It is located on the 1st floor(out of a total of 3 floor(s)). It is a garden facing property. The property is available on freehold. It has 1 bathroom and 1 balcony. It is a ready-to-move-in property. The time you'll spend here will become the greatest moment of your life that will also help you to relieve, relax & evoke a great sense of happiness. The site is in close proximity to various civic utilities. If you are interested, please contact us for more details. ",1,north,1,1,0,1,1,0,0,1,0,0,0,1,,,,,,,,,,1.0,,,,,,,
Mohali Sector 127,910,1790000,INR,,1,1,"It’s a 2 bhk builder floor situated in Mohali Sector 127, Chandigarh. It has a salable area of 910 sqft and is available at a price of Rs. 1,967 per sqft. The house is furnished. It has 1 wardrobe, 1 sofa, 1 dining table and 1 bed. It also has 1 modular kitchen. The property provides an excellent view as it overlooks the garden. The property has 1 bathroom and 1 balcony. It is situated in the proximity of all the important facilities. Please contact for more details. ",1,north,1,1,0,1,1,1,0,1,0,1,0,1,,,,,,1.0,1.0,,,1.0,1.0,1.0,1.0,,,1.0,
Mohali Sector 127,570,2290000,INR,,1,1,"Well designed 2 bhk builder floor is available at a prime location in Mohali Sector 127. It has 1 wardrobe, 1 sofa, 1 dining table and 1 bed. It also has 1 modular kitchen. It is located on the 2nd floor(out of a total of 3 floor(s)). The property is available on freehold. This residential property is ready-to-move-in. It is made in way to provide a comfortable living. The society is well connected by different modes of transportation. ",1,north,1,1,0,1,1,1,0,1,0,0,0,1,,,,,,1.0,1.0,,,1.0,1.0,1.0,1.0,,,1.0,
Mohali Sector 127,600,1790000,INR,,1,1,"This spacious 2 bhk builder floor is available for sale and is located in the heart of Mohali Sector 127. It has a salable area of 600 sqft and is available at a price of Rs. 2,983 per sqft. The house is furnished. Furnishings include 1 wardrobe, 1 sofa, 1 dining table, 1 ac, 1 bed and 1 modular kitchen. It is on the 2nd floor of the building (total number of floors are 3). It is facing north direction. The property is available on freehold. The property has 1 bathroom and 1 balcony. It is a ready-to-move-in property. It is made in way to provide a comfortable living. The society is well connected by different modes of transportation. Kindly call us for details. ",1,north,1,1,0,1,1,1,0,1,0,1,0,1,,,,1.0,,1.0,,,,1.0,1.0,1.0,1.0,,,,
Mohali Sector 127,550,1490000,INR,,1,1,"It is a furnished property. Furnishings include 1 wardrobe, 1 sofa, 1 bed and 1 modular kitchen. It’s on 1st floor out of 3 floors building. It is facing north direction. The property is available on freehold. It is a ready-to-move-in property. If you are interested, please contact us for more details. ",1,north,1,1,0,1,1,1,0,1,0,1,1,1,,,,1.0,,1.0,,,,1.0,1.0,1.0,1.0,,,1.0,
Mohali Sector 127,1055,2290000,INR,,1,1,,1,east,1,3,0,1,1,1,0,1,0,0,0,0,,,,,,1.0,,,,1.0,1.0,1.0,1.0,1.0,,,
Mohali Sector 127,1350,3590000,INR,,1,1,,1,east,1,3,0,1,1,1,1,0,0,0,1,0,,,,,,,1.0,,,1.0,,1.0,,1.0,,1.0,
IT Park Road,4500,35000000,INR,1,0,0,,1,north,0,3,1,1,1,1,1,1,1,1,1,0,,,,1.0,1.0,1.0,1.0,1.0,1.0,1.0,1.0,1.0,1.0,1.0,1.0,1.0,1.0
IT Park Road,4500,32500000,INR,1,0,1,,1,,1,3,1,1,1,1,1,1,1,1,1,0,,,,1.0,1.0,1.0,1.0,1.0,1.0,1.0,1.0,1.0,1.0,1.0,1.0,1.0,1.0
IT Park Road,4500,30000000,INR,1,0,0,,1,,0,3,1,1,1,1,1,1,1,1,1,0,,,,1.0,1.0,1.0,1.0,1.0,1.0,1.0,1.0,1.0,1.0,1.0,1.0,1.0,1.0
Dhakoli,1200,4090000,INR,1,0,0,This spacious 3 bhk builder floor is available for sale and is located in the heart of Dhakoli. It has an area of 1200 sqft . The property is available at a price of Rs. 40.90 lac . The house is semi-furnished. This residential property is ready-to-move-in. It is situated in the proximity of all the important facilities. Contact us for more details. ,1,,0,0,0,0,0,0,0,0,0,0,0,0,,,,,,,,,,,,,,,,,
Dhakoli,1125,3990000,INR,1,0,0,"A spacious 3 bhk builder floor is available for sale in Dhakoli, Chandigarh. It has a salable area of 1125 sqft and is available at a price of Rs. 3,546 per sqft. It is a semi-furnished property. This residential property is ready-to-move-in. It is made in way to provide a comfortable living. The society is well connected by different modes of transportation. Please contact us for more details. ",1,,0,0,0,0,0,0,0,0,0,0,0,0,,,,,,,,,,,,,,,,,
Dhakoli,1800,4790000,INR,1,0,0,"This spacious 4 bhk builder floor is available for sale and is located in the heart of Dhakoli. It has a built-up area of 1800 sqft and is priced at Rs. 47.90 lac . The house is semi-furnished. This residential property is ready-to-move-in. The time you'll spend here will become the greatest moment of your life that will also help you to relieve, relax & evoke a great sense of happiness. It is situated in the proximity of all the important facilities. Contact us for more details. ",1,,0,0,0,0,0,0,0,0,0,0,0,0,,,,,,,,,,,,,,,,,
Dhakoli,1125,4190000,INR,1,0,0,"A 3 bhk property is available for sale in Dhakoli, Chandigarh. The house is semi-furnished. It is a ready-to-move-in property. The time you'll spend here will become the greatest moment of your life that will also help you to relieve, relax & evoke a great sense of happiness. It is situated in the proximity of all the important facilities. ",1,,0,0,0,0,0,0,0,0,0,0,0,0,,,,,,,,,,,,,,,,,
Dhakoli,1125,3990000,INR,1,0,0,"It’s a 3 bhk builder floor situated in Dhakoli, Chandigarh. It is a semi-furnished property. It is a ready-to-move-in property. It is made in way to provide a comfortable living. Please contact for more details. ",1,,0,0,0,0,0,0,0,0,0,0,0,0,,,,,,,,,,,,,,,,,
Dhakoli,1200,4090000,INR,1,0,0,"A spacious 3 bhk builder floor is available for sale in Dhakoli, Chandigarh. It has an area of 1200 sqft . The property is available at a price of Rs. 40.90 lac . The house is semi-furnished. This residential property is ready-to-move-in. The time you'll spend here will become the greatest moment of your life that will also help you to relieve, relax & evoke a great sense of happiness. The site is in close proximity to various civic utilities. ",1,,0,0,0,0,0,0,0,0,0,0,0,0,,,,,,,,,,,,,,,,,
Dhakoli,1125,4190000,INR,1,0,0,Well designed 3 bhk builder floor is available at a prime location in Dhakoli. It has a built-up area of 1125 sqft and is priced at Rs. 41.90 lac . It is a semi-furnished property. It is made in way to provide a comfortable living. Kindly call us for details. ,1,,0,0,0,0,0,0,0,0,0,0,0,0,,,,,,,,,,,,,,,,,
Dhakoli,1800,4790000,INR,1,0,0,Well designed 4 bhk builder floor is available at a prime location in Dhakoli. The house is semi-furnished. It is a ready-to-move-in property. It is situated in the proximity of all the important facilities. Kindly call us for details. ,1,,0,0,0,0,0,0,0,0,0,0,0,0,,,,,,,,,,,,,,,,,
Dhakoli,1125,3990000,INR,1,0,0,"Well designed 3 bhk builder floor is available at a prime location in Dhakoli. It has a salable area of 1125 sqft and is available at a price of Rs. 3,546 per sqft. It is a semi-furnished property. It is made in way to provide a comfortable living. The site is in close proximity to various civic utilities. Contact us for more details. ",1,,0,0,0,0,0,0,0,0,0,0,0,0,,,,,,,,,,,,,,,,,
Dhakoli,1200,4090000,INR,1,0,0,"It’s a 3 bhk builder floor situated in Dhakoli, Chandigarh. It has a built-up area of 1200 sqft and is priced at Rs. 40.90 lac . The house is semi-furnished. It is a ready-to-move-in property. It is made in way to provide a comfortable living. It is situated in the proximity of all the important facilities. Please contact us for more details. ",1,,0,0,0,0,0,0,0,0,0,0,0,0,,,,,,,,,,,,,,,,,
Dhakoli,1125,4190000,INR,1,0,0,It’s a 3 bhk builder floor situated in Dhakoli. It has a built-up area of 1125 sqft and is priced at Rs. 41.90 lac . The house is semi-furnished. This residential property is ready-to-move-in. The society is well connected by different modes of transportation. ,1,,0,0,0,0,0,0,0,0,0,0,0,0,,,,,,,,,,,,,,,,,
Dhakoli,1800,4790000,INR,1,0,0,"It’s a 4 bhk builder floor situated in Dhakoli. The house is semi-furnished. It is a ready-to-move-in property. The time you'll spend here will become the greatest moment of your life that will also help you to relieve, relax & evoke a great sense of happiness. Please contact for more details. ",1,,0,0,0,0,0,0,0,0,0,0,0,0,,,,,,,,,,,,,,,,,
Highland Marg,1368,3690000,INR,,1,1,,1,east,0,3,0,0,1,1,0,0,0,0,0,0,,,,,,,1.0,,,1.0,,,,1.0,,,
Mohali Sector 127,930,2750000,INR,,1,1,"Well designed 2 bhk builder floor is available at a prime location in Mohali Sector 127. It has a built-up area of 930 sqft and is priced at Rs. 27.50 lac (negotiable). The house is semi-furnished. It is located on the 2nd floor(out of a total of 3 floor(s)). The time you'll spend here will become the greatest moment of your life that will also help you to relieve, relax & evoke a great sense of happiness. Please contact us for more details. ",1,northeast,0,0,0,0,0,0,0,0,0,0,0,0,,,,,,,,,,,,,,,,,
SEC 115 MOHALI KHARAR LANDRAN ROAD,600,1890000,INR,,1,1,"A spacious 2 bhk builder floor is available for sale in SEC 115 MOHALI KHARAR LANDRAN ROAD, Chandigarh. It has a salable area of 600 sqft and is available at a price of Rs. 3,150 per sqft. It has 2 wardrobe, 1 sofa, 1 wifi and 1 dining table. It also has 2 bed and 1 modular kitchen. It is on the 2nd floor of the building (total number of floors are 3). The property is in a complex owned by a co-operative society. It is made in way to provide a comfortable living. ",1,northeast,1,0,0,0,1,1,0,1,0,0,0,1,,,,1.0,,1.0,,,,1.0,1.0,1.0,1.0,1.0,1.0,,
SEC 115 MOHALI KHARAR LANDRAN ROAD,495,1590000,INR,,1,1,"It has a salable area of 495 sqft and is available at a price of Rs. 3,212 per sqft. It has 1 wardrobe, 1 sofa, 1 wifi and 1 dining table. It also has 1 bed and 1 modular kitchen. This residential property is ready-to-move-in. It is made in way to provide a comfortable living for the residents. The site is in close proximity to various civic utilities. ",1,northeast,1,0,0,0,1,1,0,1,0,0,0,1,,,,1.0,,1.0,,,,1.0,1.0,1.0,1.0,1.0,1.0,,
Mohali Sector 127,930,2750000,INR,,1,1,"A 2 bhk property is available for sale in Mohali Sector 127, Chandigarh. It has an area of 930 sqft with a carpet area of 870 sqft . The property is available at a price of Rs. 27.50 lac (negotiable ). The house is semi-furnished. It is on 2nd floor. The building has a total of 3 floor(s). It is northeast facing property. The property is available on freehold. The property has 2 bathrooms and 2 balconies. It is a ready-to-move-in property. It is made in way to provide a comfortable living for the residents. It is situated in the proximity of all the important facilities. Contact us for more details. ",1,northeast,0,0,0,0,1,1,0,1,0,1,1,1,,,,,,1.0,1.0,,,1.0,1.0,1.0,1.0,,1.0,1.0,
DLF Mullanpur,2250,9390000,INR,,1,1,It is a furnished property. It is located on the 3rd floor(out of a total of 4 floor(s)). The property is available on freehold. The property has 3 bathrooms and 2 balconies. This residential complex is under-construction as of now. The expected completion date is 31/03/2023. It is made in way to provide a comfortable living. ,1,east,1,0,0,0,0,0,0,0,0,0,0,0,,,,,,,,,,,,,,,,,
SEC 115 MOHALI KHARAR LANDRAN ROAD,675,1790000,INR,,1,1,"It has a built-up area of 675 sqft and is priced at Rs. 17.90 lac (negotiable). Furnishings include 1 wardrobe, 1 sofa, 1 wifi, 1 dining table, 1 bed and 1 modular kitchen. It’s on 2nd floor out of 3 floors building. It is a road facing property. The property is in a complex owned by a co-operative society. It has 1 bathroom and 1 balcony. This residential property is ready-to-move-in. It is well connected to the city areas. Please contact for more details. ",1,northeast,1,0,0,0,1,1,0,1,0,0,0,1,,,,1.0,,,,,,1.0,1.0,1.0,1.0,1.0,1.0,,
Mohali Sector 127,900,2990000,INR,,1,1,"It’s a 2 bhk builder floor situated in Mohali Sector 127. It has a built-up area of 900 sqft and is priced at Rs. 29.90 lac (negotiable). It is a furnished property. Furnishings include 1 wardrobe, 1 sofa, 1 wifi, 1 dining table, 2 bed and 1 modular kitchen. It is on 2nd floor. The building has a total of 3 floor(s). It has 2 bathrooms and 1 balcony. It is made in way to provide a comfortable living for the residents. It is well connected to the city areas. ",1,northeast,1,0,0,0,1,1,0,1,0,0,0,1,,,,1.0,,1.0,,,,1.0,1.0,1.0,1.0,1.0,1.0,,
Mohali Sector 127,675,1890000,INR,,1,1,"It is a furnished property. It has 1 wardrobe, 1 sofa, 1 wifi and 1 dining table. It also has 1 bed and 1 modular kitchen. It is on 2nd floor. The building has a total of 3 floor(s). It is northeast facing property. The property is in a complex owned by a co-operative society. It has 1 bathroom and 1 balcony. It is a ready-to-move-in property. The time you'll spend here will become the greatest moment of your life that will also help you to relieve, relax & evoke a great sense of happiness. If you are interested, please contact us for more details. ",1,northeast,1,0,0,0,1,1,0,1,0,0,0,1,,,,1.0,,1.0,,,,1.0,1.0,1.0,1.0,1.0,1.0,,
SEC 115 MOHALI KHARAR LANDRAN ROAD,1053,2890000,INR,,1,1,"This spacious 3 bhk builder floor is available for sale and is located in the heart of SEC 115 MOHALI KHARAR LANDRAN ROAD. It has a salable area of 1053 sqft and is available at a price of Rs. 2,744 per sqft. It is a furnished property. It is on 2nd floor. The building has a total of 3 floor(s). The property is in a complex owned by a co-operative society. It has 3 bathrooms and 1 balcony. It is situated in the proximity of all the important facilities. Please contact us for more details. ",1,northeast,1,0,0,0,1,1,0,1,0,0,0,1,,,,1.0,,1.0,,,,1.0,1.0,1.0,1.0,1.0,1.0,,
DLF Mullanpur,2385,8990000,INR,,1,1,"A 3 bhk property is available for sale in DLF Mullanpur, Chandigarh. It is a semi-furnished property. The property provides an excellent view as it overlooks the road. It is an under-construction property and is expected to get completed by 31/08/2023. The time you'll spend here will become the greatest moment of your life that will also help you to relieve, relax & evoke a great sense of happiness. It is well connected to the city areas. ",1,west,0,0,0,0,0,0,0,0,0,0,0,0,,,,,,,,,,,,,,,,,
Chandigarh Airport Area,540,1690000,INR,,1,1,"Features and Facilities Available For Your Comfort 

Modern Fittings in Kitchen 
Branded Tiles Flooring
Branded Bath Fitting
Plastic Paint
Sliding Cupboards 
False Ceiling
Gated Society 
Green Park 

Near Highway 

Direct Call Me For Booking and Any Other INFORMATION About Project",1,northeast,1,0,0,0,1,1,0,1,0,0,1,0,,,,,1.0,1.0,1.0,,,1.0,1.0,1.0,1.0,,1.0,,
Chandigarh Airport Area,810,2490000,INR,,1,1,"Features and Facilities Available For Your Comfort 

Modern Fittings in Kitchen 
Branded Tiles Flooring
Branded Bath Fitting
Plastic Paint
Sliding Cupboards 
False Ceiling
Gated Society 
Green Park 

Near Highway 

Direct Call Me For Booking and Any Other INFORMATION About Project",1,northeast,1,0,0,0,0,1,0,1,0,1,1,1,,,,,1.0,1.0,1.0,,,1.0,1.0,1.0,1.0,,1.0,1.0,
SEC 115 MOHALI KHARAR LANDRAN ROAD,495,1590000,INR,,1,1,Well designed 1 bhk builder floor is available at a prime location in SEC 115 MOHALI KHARAR LANDRAN ROAD. It’s on 2nd floor out of 3 floors building. The property is in a complex owned by a co-operative society. The property has 1 bathroom and 1 balcony. The society is well connected by different modes of transportation. Contact us for more details. ,1,northeast,1,0,0,0,1,1,0,1,0,0,0,1,,,,1.0,,1.0,,,,1.0,1.0,1.0,1.0,1.0,1.0,,
Mohali Sector 127,810,2490000,INR,,1,1,"A 2 bhk property is available for sale in Mohali Sector 127, Chandigarh. It has a built-up area of 810 sqft and is priced at Rs. 24.90 lac (negotiable). It is located on the 2nd floor(out of a total of 2 floor(s)). It is northeast facing property. The property is available on freehold. The time you'll spend here will become the greatest moment of your life that will also help you to relieve, relax & evoke a great sense of happiness. ",1,northeast,1,0,0,0,0,0,0,0,0,0,0,0,,,,,,,,,,,,,,,,,
PEER MUCHALLA ADJOING SEC 20 PANCHKULA,1100,3200000,INR,1,1,1,"A spacious 3 bhk builder floor is available for sale in PEER MUCHALLA ADJOING SEC 20 PANCHKULA, Chandigarh. It has an area of 1100 sqft . The property is available at a price of Rs. 32.00 lac (negotiable ). The property is available on freehold. It is a ready-to-move-in property. The time you'll spend here will become the greatest moment of your life that will also help you to relieve, relax & evoke a great sense of happiness. The site is in close proximity to various civic utilities. If you are interested, please contact us for more details. ",1,east,0,1,0,0,1,0,0,0,0,0,0,0,,,,,,,,,,1.0,,,,,,,
PEER MUCHALLA ADJOING SEC 20 PANCHKULA,1350,3900000,INR,1,1,1,"A spacious 3 bhk builder floor is available for sale in PEER MUCHALLA ADJOING SEC 20 PANCHKULA, Chandigarh. It has a salable area of 1350 sqft and is available at a price of Rs. 2,888 per sqft. It’s on 1st floor out of 3 floors building. One of the major USPs of the property is that it is a garden facing property. The property has 3 bathrooms and 2 balconies. This residential property is ready-to-move-in. It is situated in the proximity of all the important facilities. Please contact us for more details. ",1,north,0,1,1,0,1,0,0,0,0,0,0,0,,,,,,,,,,1.0,,,,,,,
Togan,2385,8490000,INR,,1,0,"It’s a 4 bhk builder floor situated in Togan, Chandigarh. The house is semi-furnished. It is northwest facing property. This residential complex is under-construction as of now. . It is well connected to the city areas. ",1,northwest,0,0,1,1,0,1,1,1,1,1,0,0,,,,,,,,,,,,,,,,,
Togan,2250,7890000,INR,,1,0,It has a built-up area of 2250 sqft and is priced at Rs. 78.90 lac . The house is semi-furnished. It is northwest facing property. This residential complex is under-construction as of now. . It is made in way to provide a comfortable living for the residents. It is situated in the proximity of all the important facilities. Please contact us for more details. ,1,northwest,0,0,1,1,0,1,1,1,1,1,0,0,,,,,,,,,,,,,,,,,
Mohali Sector 127,540,1690000,INR,,1,1,"Features and Facilities Available For Your Comfort 

Modern Fittings in Kitchen 
Branded Tiles Flooring
Branded Bath Fitting
Plastic Paint
Sliding Cupboards 
False Ceiling
Gated Society 
Green Park 

Near Highway 

Direct Call Me For Booking and Any Other INFORMATION About Project",1,northeast,0,0,0,0,0,0,0,0,0,0,0,0,,,,,,,,,,,,,,,,,
kharar landran road,970,2490000,INR,,1,1,"Features and Facilities Available For Your Comfort 

Modern Fittings in Kitchen 
Branded Tiles Flooring
Branded Bath Fitting
Plastic Paint
Sliding Cupboards 
False Ceiling
Gated Society 
Green Park 

Near Highway 

Direct Call Me For Booking and Any Other INFORMATION About Project",1,east,1,0,0,0,0,0,0,0,0,0,0,0,,,,,,,,,,,,,,,,,
sector 5 Mubarikpur road derabassi,1200,2475000,INR,,1,1,"A spacious 2 bhk builder floor is available for sale in sector 5 Mubarikpur road derabassi, Chandigarh. It has an area of 1200 sqft with a carpet area of 1025 sqft . The property is available at a price of Rs. 24.75 lac (negotiable ). It is located on the 1st floor(out of a total of 3 floor(s)). It is a garden facing property. This residential property is ready-to-move-in. The time you'll spend here will become the greatest moment of your life that will also help you to relieve, relax & evoke a great sense of happiness. ",1,northeast,0,1,0,1,1,0,1,0,0,0,0,0,,,,,,,,,,1.0,,,,,,,
sector 5 Mubarikpur road derabassi,1320,2775000,INR,,1,1,It has an area of 1320 sqft with a carpet area of 1125 sqft . The property is available at a price of Rs. 27.75 lac (negotiable ). The house is semi-furnished. It is on the 1st floor of the building (total number of floors are 3). It is facing northeast direction. The property is available on freehold. ,1,northeast,0,1,0,1,1,0,1,0,0,0,0,0,,,,,,,,,,1.0,,,,,,,
Ambala Highway,1810,6500000,INR,,1,1,Well designed 3 bhk builder floor is available at a prime location in Ambala Highway. It has an area of 1810 sqft with a carpet area of 1738 sqft . The property is available at a price of Rs. 65.00 lac (negotiable ). It is a semi-furnished property. It’s on 1st floor out of 4 floors building. One of the major USPs of the property is that it is a corner property. The property is available on freehold. The property has 3 bathrooms and 2 balconies. This residential property is ready-to-move-in. It is made in way to provide a comfortable living. The society is well connected by different modes of transportation. Contact us for more details. ,1,northeast,0,0,1,1,1,0,1,1,1,0,1,0,,,,,1.0,,,,,1.0,,,,,1.0,,
Gazipur Road,1000,2690000,INR,,1,1,"This spacious 2 bhk builder floor is available for sale and is located in the heart of Gazipur Road. It has a built-up area of 1000 sqft and is priced at Rs. 26.90 lac (negotiable). It is a semi-furnished property. It is on the 1st floor of the building (total number of floors are 3). Its main door is facing northeast direction. The property is available on freehold. It has 2 bathrooms and 2 balconies. This residential property is ready-to-move-in. The time you'll spend here will become the greatest moment of your life that will also help you to relieve, relax & evoke a great sense of happiness. The society is well connected by different modes of transportation. If you are interested, please contact us for more details. ",1,northeast,0,1,0,1,1,0,0,0,0,0,1,0,,,,,,,,,,1.0,,,,,,,
Mohali Sector 127,540,1590000,INR,,1,1,"Features and Facilities Available For Your Comfort 

Modern Fittings in Kitchen 
Branded Tiles Flooring
Branded Bath Fitting
Plastic Paint
Sliding Cupboards 
False Ceiling
Gated Society 
Green Park 

Near Highway 

Direct Call Me For Booking and Any Other INFORMATION About Project",1,northeast,1,0,0,0,1,0,0,0,0,0,1,0,,,,,,1.0,1.0,,,1.0,1.0,1.0,1.0,,,1.0,
sector 5 Mubarikpur road derabassi,1120,2475000,INR,,1,1,"It’s a 2 bhk builder floor situated in sector 5 Mubarikpur road derabassi, Chandigarh. It has a salable area of 1120 sqft and is available at a price of Rs. 2,209 per sqft. This residential property is ready-to-move-in. It is made in way to provide a comfortable living. If you are interested, please contact us for more details. ",1,northeast,0,1,0,1,1,0,1,0,0,0,1,0,,,,,,,,,,1.0,,1.0,1.0,,,,
Ambala Highway,1739,6490000,INR,,1,1,It has a built-up area of 1739 sqft and is priced at Rs. 64.90 lac (negotiable). It is a semi-furnished property. It’s on 1st floor out of 4 floors building. It is facing northeast direction. The property is available on freehold. The property has 3 bathrooms and 2 balconies. This residential property is ready-to-move-in. It is made in way to provide a comfortable living. The society is well connected by different modes of transportation. Please contact us for more details. ,1,northeast,0,1,1,1,1,1,1,1,1,0,1,1,,,,,1.0,,,,,1.0,,,,,,,
Ambala Highway,1720,6490000,INR,,1,1,It has a built-up area of 1720 sqft and is priced at Rs. 64.90 lac (negotiable). It is a semi-furnished property. It is located on the 1st floor(out of a total of 4 floor(s)). The property provides an excellent view as it is a corner property. It has 3 bathrooms and 2 balconies. This residential property is ready-to-move-in. It is made in way to provide a comfortable living. It is well connected to the city areas. Kindly call us for details. ,1,northeast,0,1,1,1,1,1,1,1,1,1,1,0,,,,,1.0,,,,,1.0,,,,,,,
sector 5 Mubarikpur road derabassi,1120,2475000,INR,,1,1,It’s a 2 bhk builder floor situated in sector 5 Mubarikpur road derabassi. It has a built-up area of 1120 sqft and is priced at Rs. 24.75 lac (negotiable). The house is semi-furnished. It is made in way to provide a comfortable living for the residents. It is well connected to the city areas. Please contact for more details. ,1,northeast,0,1,0,1,1,0,1,0,0,0,1,0,,,,,,,,,,1.0,,,1.0,,,,
Patiala Road,1845,6750000,INR,,1,1,"This spacious 3 bhk builder floor is available for sale and is located in the heart of Patiala Road. It has an area of 1845 sqft with a carpet area of 1476 sqft . The property is available at a price of Rs. 67.50 lac (negotiable ). It is a semi-furnished property. It is located on the 3rd floor(out of a total of 4 floor(s)). It is facing northeast direction. The property is available on freehold. It has 3 bathrooms and 2 balconies. It is an under-construction property and is expected to get completed by 29/09/2022. The time you'll spend here will become the greatest moment of your life that will also help you to relieve, relax & evoke a great sense of happiness. It is well connected to the city areas. Please contact for more details. ",1,northeast,0,0,0,1,1,0,1,0,0,1,0,0,,,,,,,,1.0,,1.0,,,1.0,1.0,1.0,1.0,
SEC 115 MOHALI KHARAR LANDRAN ROAD,810,5090000,INR,,1,1,"A 3 bhk property is available for sale in SEC 115 MOHALI KHARAR LANDRAN ROAD, Chandigarh. It is on 2nd floor. The building has a total of 2 floor(s). It is east facing property. The property is available on freehold. It has 3 bathrooms and 2 balconies. This residential property is ready-to-move-in. It is situated in the proximity of all the important facilities. If you are interested, please contact us for more details. ",1,east,0,0,0,0,0,0,0,0,0,0,0,0,,,,,,,,,,,,,,,,,
Mohali Sector 127,550,1690000,INR,,1,1,"It’s a 1 bhk builder floor situated in Mohali Sector 127, Chandigarh. It has a salable area of 550 sqft and is available at a price of Rs. 3,072 per sqft. The house is semi-furnished. The property provides an excellent view as it overlooks the road. The property is available on freehold. It has 1 bathroom and 2 balconies. It is a ready-to-move-in property. It is made in way to provide a comfortable living for the residents. It is situated in the proximity of all the important facilities. Contact us for more details. ",1,northeast,0,0,0,0,0,0,0,0,0,0,0,0,,,,,,,,,,,,,,,,,
sector 5 Mubarikpur road derabassi,1120,2475000,INR,,1,1,"It is on the 1st floor of the building (total number of floors are 3). The property is available on freehold. The property has 2 bathrooms and 2 balconies. This residential property is ready-to-move-in. The time you'll spend here will become the greatest moment of your life that will also help you to relieve, relax & evoke a great sense of happiness. It is situated in the proximity of all the important facilities. ",1,northeast,0,0,0,0,1,0,0,0,0,0,0,0,,,,,,,,,,1.0,,1.0,1.0,,,,
Dera Bassi,1550,3590000,INR,,1,1,It’s a 3 bhk builder floor situated in Dera Bassi. It is a semi-furnished property. It is located on the 1st floor(out of a total of 3 floor(s)). It is a corner property. The property is available on freehold. The property has 3 bathrooms and 2 balconies. It is a ready-to-move-in property. It is made in way to provide a comfortable living. The society is well connected by different modes of transportation. Kindly call us for details. ,1,,0,1,1,0,1,0,0,0,0,0,0,0,7.1,,,,,,,,,1.0,,1.0,1.0,,,,
Dera Bassi,1550,3590000,INR,,1,1,"Well designed 3 bhk builder floor is available at a prime location in Dera Bassi. It has a salable area of 1550 sqft and is available at a price of Rs. 2,316 per sqft. The house is semi-furnished. It’s on 1st floor out of 3 floors building. One of the major USPs of the property is that it is a corner property. The property is available on freehold. It has 3 bathrooms and 2 balconies. It is well connected to the city areas. Please contact for more details. ",1,northeast,0,1,0,0,1,0,0,0,0,0,0,0,7.1,,,,,,,,,1.0,,1.0,1.0,,,,
Dera Bassi,1550,3590000,INR,,1,1,"A spacious 3 bhk builder floor is available for sale in Dera Bassi, Chandigarh. It is located on the 1st floor(out of a total of 3 floor(s)). The property is available on freehold. It has 3 bathrooms and 2 balconies. It is a ready-to-move-in property. It is made in way to provide a comfortable living. It is well connected to the city areas. If you are interested, please contact us for more details. ",1,northeast,0,1,0,1,1,0,0,0,0,0,0,0,7.1,,,,,,,,,1.0,,,,,,,
Dera Bassi,1250,3290000,INR,,1,1,"Well designed 3 bhk builder floor is available at a prime location in Dera Bassi. It has a built-up area of 1250 sqft and is priced at Rs. 32.90 lac (negotiable). The house is semi-furnished. It is on 1st floor. The building has a total of 3 floor(s). Its main door is facing northeast direction. The property is available on freehold. The property has 3 bathrooms and 1 balcony. This residential property is ready-to-move-in. The time you'll spend here will become the greatest moment of your life that will also help you to relieve, relax & evoke a great sense of happiness. It is situated in the proximity of all the important facilities. Kindly call us for details. ",1,northeast,0,1,0,1,1,0,1,0,0,0,1,0,,,,,,,,,,1.0,,,,,,,
Dera Bassi,1250,3290000,INR,,1,1,"It’s a 3 bhk builder floor situated in Dera Bassi, Chandigarh. It is on 1st floor. The building has a total of 3 floor(s). Its main door is facing northeast direction. The property has 3 bathrooms and 2 balconies. It is made in way to provide a comfortable living. The society is well connected by different modes of transportation. Kindly call us for details. ",1,northeast,0,1,0,1,1,0,1,0,0,0,1,0,,,,,,,,,,1.0,,,,,,,
sector 5 Mubarikpur road derabassi,1110,2475000,INR,,1,1,"It has a salable area of 1110 sqft and is available at a price of Rs. 2,229 per sqft. The house is semi-furnished. It is a road facing property. The property is available on freehold. It is a ready-to-move-in property. ",1,northeast,0,1,0,1,1,0,0,0,0,0,0,0,,,,,,,,,,1.0,,,,,,,
Kharar Mohali,990,3470000,INR,,1,1,"A 2 bhk property is available for sale in Kharar Mohali, Chandigarh. It has a salable area of 990 sqft and is available at a price of Rs. 3,505 per sqft. It is a semi-furnished property. It has 2 wardrobe, 1 tv, 1 ac and 2 bed. It also has 1 modular kitchen. It’s on 2nd floor out of 3 floors building. Its main door is facing east direction. The property is available on freehold. The property has 2 bathrooms and 2 balconies. It is a ready-to-move-in property. It is made in way to provide a comfortable living. The site is in close proximity to various civic utilities. Please contact us for more details. ",1,east,0,0,0,0,0,0,0,0,0,0,0,0,,,,,,,,,,,,,,,,,
Kharar Mohali,990,3480000,INR,,1,1,"It’s a 2 bhk builder floor situated in Kharar Mohali, Chandigarh. It has an area of 990 sqft with a carpet area of 860 sqft . The property is available at a price of Rs. 34.80 lac (negotiable ). The house is semi-furnished. Furnishings include 2 wardrobe, 3 tv, 1 ac, 2 bed and 1 modular kitchen. It is located on the 2nd floor(out of a total of 3 floor(s)). It is east facing property. The property is available on freehold. The property has 2 bathrooms and 2 balconies. The time you'll spend here will become the greatest moment of your life that will also help you to relieve, relax & evoke a great sense of happiness. The society is well connected by different modes of transportation. Please contact for more details. ",1,east,0,0,0,0,0,0,0,0,0,0,0,0,,,,,,,,,,,,,,,,,
New Chandigarh Mullanpur,1580,5817000,INR,0,1,1,,1,northeast,0,0,1,0,0,0,0,0,0,0,0,0,,,,,,,,,,,,,,,,,
sector 5 Mubarikpur road derabassi,1210,2475000,INR,,1,1,"It’s a 2 bhk builder floor situated in sector 5 Mubarikpur road derabassi. The house is semi-furnished. The property is available on freehold. This residential property is ready-to-move-in. The time you'll spend here will become the greatest moment of your life that will also help you to relieve, relax & evoke a great sense of happiness. ",1,northeast,0,1,0,1,1,0,1,1,0,0,1,0,,,,,,,,,,1.0,,,,,,,
sector 5 Mubarikpur road derabassi,1500,2975000,INR,,1,1,"A spacious 2 bhk builder floor is available for sale in sector 5 Mubarikpur road derabassi, Chandigarh. It has a salable area of 1500 sqft and is available at a price of Rs. 1,983 per sqft. It is a semi-furnished property. It is on 1st floor. The building has a total of 3 floor(s). The property provides an excellent view as it overlooks the garden. The property is available on freehold. The property has 2 bathrooms and 2 balconies. ",1,northeast,0,1,0,1,1,0,0,0,1,0,0,0,,,,,,,,,,1.0,,,,,,,
Mohali Sector 127,1350,3390000,INR,,1,0,"Well designed 3 bhk builder floor is available at a prime location in Mohali Sector 127. It has a built-up area of 1350 sqft and is priced at Rs. 33.90 lac . The house is unfurnished. It has 3 bathrooms and 2 balconies. This residential property is ready-to-move-in. It is well connected to the city areas. If you are interested, please contact us for more details. ",1,,0,2,0,0,0,0,0,0,0,0,0,0,,,,,,,,,,,,,,,,,
Ambala Highway,750,1690000,INR,,1,1,"It has a salable area of 750 sqft and is available at a price of Rs. 2,253 per sqft. The house is semi-furnished. The property is available on freehold. It has 1 bathroom and 2 balconies. The time you'll spend here will become the greatest moment of your life that will also help you to relieve, relax & evoke a great sense of happiness. It is well connected to the city areas. Please contact us for more details. ",1,northeast,0,1,1,1,1,0,0,1,0,0,1,0,,,,,,,,,,1.0,,,,,,,
sector 5 Mubarikpur road derabassi,1125,2475000,INR,,1,1,This spacious 2 bhk builder floor is available for sale and is located in the heart of sector 5 Mubarikpur road derabassi. It has a built-up area of 1125 sqft and is priced at Rs. 24.75 lac (negotiable). It is a semi-furnished property. It is located on the 1st floor(out of a total of 3 floor(s)). It is facing northeast direction. The property is available on freehold. It has 2 bathrooms and 2 balconies. It is well connected to the city areas. ,1,northeast,0,1,0,1,1,0,0,1,1,0,0,0,,,,,,,,,,1.0,,,,,,,
sector 5 Mubarikpur road derabassi,1210,2490000,INR,,1,1,It is northeast facing property. The property is available on freehold. It has 2 bathrooms and 2 balconies. This residential property is ready-to-move-in. Kindly call us for details. ,1,northeast,0,0,0,1,1,0,1,0,0,0,1,0,,,,,,,,,,1.0,,,,,,,
sector 5 Mubarikpur road derabassi,1350,3275000,INR,,1,1,"It’s a 3 bhk builder floor situated in sector 5 Mubarikpur road derabassi, Chandigarh. It has an area of 1350 sqft with a carpet area of 1220 sqft . The property is available at a price of Rs. 32.75 lac (negotiable ). The house is semi-furnished. It’s on 1st floor out of 3 floors building. It is a corner property. The property is available on freehold. The property has 3 bathrooms and 2 balconies. It is a ready-to-move-in property. The site is in close proximity to various civic utilities. If you are interested, please contact us for more details. ",1,,0,0,0,1,1,0,1,0,0,0,1,0,,,,,,,,,,1.0,,,,,,,
Panchkula Road,515,1340000,INR,,1,0,"A variety of premium apartments can be purchased in Sector 14 Panchkula Extension region of Panchkula which is developed by the Shree Vardhman Green Space Company. The neighbourhood of the project has a higher education facility, schools, hospitals, bus stations, ATMs, Banks, petrol pumps, restaurants nearby. This company has many other familiar projects going on in this region which are very popular in its own way. The entire project is ready for moving in purpose. The different amenities of the project are a club house, a gym, intercom facilities, a playground for children's and much more. The price of the apartments is based on the request value along with the area. less",1,northeast,0,0,1,1,1,1,1,1,1,1,1,0,,,,,,1.0,1.0,1.0,,1.0,1.0,1.0,1.0,1.0,1.0,1.0,1.0
Vip Road Zirakpur,1800,4990000,INR,,1,1,"A 3 bhk property is available for sale in Vip Road Zirakpur, Chandigarh. The house is semi-furnished. It’s on 1st floor out of 3 floors building. The property has 3 bathrooms and 2 balconies. The society is well connected by different modes of transportation. If you are interested, please contact us for more details. ",1,northeast,0,1,0,1,1,0,0,0,0,0,0,0,,,,,,,,,,1.0,,,,,,,
Zirakpur Road,1800,6500000,INR,,1,0,"Sushma Valencia in Zirakpur, Chandigarh by Sushma Buildtech Builders is a residential project.
Highlights of project:
Spanish Theme Project.
Every Balcony Overlooks Wide Green Lawns.

The project offers Floor with perfect combination of contemporary architecture and features to provide comfortable living.

The Floor are of the following configurations: 3BHK.",1,northeast,0,2,1,1,1,1,1,1,1,1,1,0,,,,1.0,1.0,1.0,1.0,1.0,1.0,1.0,1.0,1.0,1.0,1.0,1.0,1.0,1.0
Panchkula Road,780,2094000,INR,,1,0,"A variety of premium apartments can be purchased in Sector 14 Panchkula Extension region of Panchkula which is developed by the Shree Vardhman Green Space Company. The neighbourhood of the project has a higher education facility, schools, hospitals, bus stations, ATMs, Banks, petrol pumps, restaurants nearby. This company has many other familiar projects going on in this region which are very popular in its own way. The entire project is ready for moving in purpose. The different amenities of the project are a club house, a gym, intercom facilities, a playground for children's and much more. The price of the apartments is based on the request value along with the area. less",1,northeast,0,0,1,1,1,1,1,1,1,1,1,0,,,,1.0,1.0,1.0,1.0,1.0,1.0,1.0,1.0,1.0,1.0,1.0,1.0,1.0,1.0
Panchkula Road,730,1962000,INR,,1,0,"A variety of premium apartments can be purchased in Sector 14 Panchkula Extension region of Panchkula which is developed by the Shree Vardhman Green Space Company. The neighbourhood of the project has a higher education facility, schools, hospitals, bus stations, ATMs, Banks, petrol pumps, restaurants nearby. This company has many other familiar projects going on in this region which are very popular in its own way. The entire project is ready for moving in purpose. The different amenities of the project are a club house, a gym, intercom facilities, a playground for children's and much more. The price of the apartments is based on the request value along with the area. less",1,northeast,0,0,1,1,1,1,1,1,1,1,1,0,,,,1.0,1.0,1.0,1.0,1.0,1.0,1.0,1.0,1.0,1.0,1.0,1.0,1.0,1.0
Panchkula Road,535,1400000,INR,,1,0,"A variety of premium apartments can be purchased in Sector 14 Panchkula Extension region of Panchkula which is developed by the Shree Vardhman Green Space Company. The neighbourhood of the project has a higher education facility, schools, hospitals, bus stations, ATMs, Banks, petrol pumps, restaurants nearby. This company has many other familiar projects going on in this region which are very popular in its own way. The entire project is ready for moving in purpose. The different amenities of the project are a club house, a gym, intercom facilities, a playground for children's and much more. The price of the apartments is based on the request value along with the area. less",1,northeast,0,0,1,1,1,1,1,1,1,1,1,0,,,,1.0,1.0,1.0,1.0,1.0,,1.0,1.0,1.0,1.0,1.0,1.0,1.0,1.0
Panchkula Road,780,2094000,INR,,1,0,"A 2 bhk property is available for sale in Panchkula Road, Chandigarh. It has a built-up area of 780 sqft and is priced at Rs. 20.94 lac . The house is semi-furnished. It’s on 5th floor out of 13 floors building. It is northeast facing property. The property is available on freehold. It is an under-construction property and is expected to get completed by 11/02/2022. The time you'll spend here will become the greatest moment of your life that will also help you to relieve, relax & evoke a great sense of happiness. It is situated in the proximity of all the important facilities. Please contact for more details. ",1,northeast,0,0,1,1,1,0,1,1,1,0,0,0,,,,,,,,,,1.0,,,,,,,
Vip Road Zirakpur,1800,4990000,INR,,1,1,"It has an area of 1800 sqft with a carpet area of 1700 sqft . The property is available at a price of Rs. 49.90 lac (negotiable ). The house is semi-furnished. It is on 1st floor. The building has a total of 3 floor(s). It is northeast facing property. The property is available on freehold. The time you'll spend here will become the greatest moment of your life that will also help you to relieve, relax & evoke a great sense of happiness. If you are interested, please contact us for more details. ",1,northeast,0,1,0,1,1,0,0,0,0,0,0,0,,,,,,,,,,1.0,,,,,,,
Zirakpur GAzipur Road,900,3700000,INR,,1,1,"It has an area of 900 sqft with a carpet area of 800 sqft . The property is available at a price of Rs. 37.00 lac (negotiable ). The house is semi-furnished. One of the major USPs of the property is that it is a garden facing property. The property is available on freehold. It has 2 bathrooms and 2 balconies. This residential property is ready-to-move-in. It is made in way to provide a comfortable living for the residents. It is well connected to the city areas. If you are interested, please contact us for more details. ",1,northeast,0,1,0,0,1,0,0,0,0,0,0,0,,,,,,,,,,1.0,,,,,,,
Panchkula Road,515,1340500,INR,,1,0,"A 1 bhk property is available for sale in Panchkula Road, Chandigarh. It has an area of 515 sqft with a carpet area of 323 sqft . The property is available at a price of Rs. 13.40 lac . It is a semi-furnished property. It is on 2nd floor. The building has a total of 10 floor(s). It is northeast facing property. The property is available on freehold. The property has 1 bathroom and 1 balcony. This residential complex is under-construction as of now. The expected completion date is 20/12/2021. The site is in close proximity to various civic utilities. Contact us for more details. ",1,northeast,0,0,1,1,1,1,1,1,1,1,1,0,,,,1.0,1.0,1.0,1.0,1.0,1.0,1.0,1.0,1.0,1.0,1.0,1.0,1.0,1.0
Panchkula Road,730,1962000,INR,,1,0,"It has a salable area of 730 sqft and is available at a price of Rs. 2,687 per sqft. The house is unfurnished. It is located on the 4th floor(out of a total of 10 floor(s)). The property provides an excellent view as it overlooks the garden. The property has 2 bathrooms and 1 balcony. It is well connected to the city areas. If you are interested, please contact us for more details. ",1,northeast,0,0,1,1,1,1,1,1,1,1,1,1,,,,1.0,1.0,1.0,1.0,1.0,1.0,1.0,1.0,1.0,1.0,1.0,1.0,1.0,1.0
Panchkula Road,515,1340000,INR,,1,0,"It has a salable area of 515 sqft and is available at a price of Rs. 2,601 per sqft. The house is unfurnished. The property is available on freehold. It has 1 bathroom and 1 balcony. It is an under-construction property and is expected to get completed by 06/09/2021. ",1,northwest,0,0,1,1,1,1,1,1,1,1,1,1,,,,1.0,1.0,1.0,1.0,1.0,1.0,1.0,1.0,1.0,1.0,1.0,1.0,1.0,1.0
Vip Road Zirakpur,900,4990000,INR,,1,0,"Ready to shift semi furnished dedicated parking modular kitchen with chimney gated society decent wood work with 
Led panel 
Pop. False ceiling. 
Location. VIP road.",1,northwest,0,1,0,1,1,0,0,0,0,0,0,0,,,,,,,,,,1.0,,,,,,,
Vip Road Zirakpur,900,5590000,INR,,1,0,Ready to shift semi furnished dedicated parking modular kitchen with chimney gated society decent wood work with Led panel. Pop false ceiling. Location VIP road zirakpur,1,northeast,0,1,0,1,1,0,0,0,0,0,0,0,,,,,,,,,,1.0,,,,,,,
Panchkula Road,730,1962000,INR,,1,0,"Shree Vardhman Promoters and Developers is one of the most-respected real estate development companies, working across cities such as Sonepat, Gurgaon, Kurukshetra and Panchkula, among others. Shree Vardhman is known for its commitment towards delivering unmatched quality and overall customer satisfaction. The company aims at being a leading player in the national realty market with innovation, functionality and landmark designs. Shree Vardhman Promoters and Developers is one of the most-respect... more",1,,0,0,1,1,1,0,0,1,1,0,0,1,,,,,,,,,,1.0,,,,,,,
Vip Road Zirakpur,1710,4990000,INR,,1,0,"A 3 bhk property is available for sale in Vip Road Zirakpur, Chandigarh. It has a built-up area of 1710 sqft and is priced at Rs. 49.90 lac . The house is semi-furnished. Its main door is facing northeast direction. The property is available on freehold. The property has 3 bathrooms and 2 balconies. It is made in way to provide a comfortable living for the residents. The site is in close proximity to various civic utilities. Please contact us for more details. ",1,northeast,0,1,0,1,1,0,0,0,0,0,0,0,,,,,,,,,,1.0,,,,,,,
Panchkula Road,512,1340500,INR,,1,0,"A variety of premium apartments can be purchased in Sector 14 Panchkula Extension region of Panchkula which is developed by the Shree Vardhman Green Space Company. The neighbourhood of the project has a higher education facility, schools, hospitals, bus stations, ATMs, Banks, petrol pumps, restaurants nearby. This company has many other familiar projects going on in this region which are very popular in its own way. The entire project is ready for moving in purpose. The different amenities of the project are a club house, a gym, intercom facilities, a playground for children's and much more. The price of the apartments is based on the request value along with the area. less",1,northeast,0,0,1,1,1,0,0,1,1,0,0,1,,,,,,,,,,1.0,,,,,,,
Vip Road Zirakpur,1800,4990000,INR,,1,1,"Key features. 
Ready to shift semi furnished dedicated parking modular kitchen with chimney gated society decent wood work with Led panel pop false ceiling",1,northeast,0,1,0,0,1,0,0,0,0,0,0,0,,,,,,,,,,1.0,,,,,,,
Panchkula Road,780,2094000,INR,,1,0,"A variety of premium apartments can be purchased in Sector 14 Panchkula Extension region of Panchkula which is developed by the Shree Vardhman Green Space Company. The neighbourhood of the project has a higher education facility, schools, hospitals, bus stations, ATMs, Banks, petrol pumps, restaurants nearby. This company has many other familiar projects going on in this region which are very popular in its own way. The entire project is ready for moving in purpose. The different amenities of the project are a club house, a gym, intercom facilities, a playground for children's and much more. The price of the apartments is based on the request value along with the area. less",1,northeast,0,0,1,1,1,0,0,1,1,0,1,1,,,,,,,,,,1.0,1.0,1.0,1.0,,,,
Zirakpur GAzipur Road,900,2590000,INR,,1,1,This spacious 2 bhk builder floor is available for sale and is located in the heart of Zirakpur GAzipur Road. It has an area of 900 sqft with a carpet area of 800 sqft . The property is available at a price of Rs. 25.90 lac (negotiable ). It is located on the 2nd floor(out of a total of 3 floor(s)). The property is available on freehold. This residential property is ready-to-move-in. Please contact for more details. ,1,northeast,0,1,0,1,1,1,0,0,0,0,1,0,,,,,,,,,,1.0,,,,,,,
Panchkula Road,730,1962000,INR,,1,0,Well designed 2 bhk builder floor is available at a prime location in Panchkula Road. It is a semi-furnished property. It is on the 4th floor of the building (total number of floors are 10). Its main door is facing northeast direction. The property is available on freehold. The property has 2 bathrooms and 1 balcony. Please contact us for more details. ,1,northeast,0,0,1,1,1,1,1,1,1,1,1,1,,,,1.0,1.0,1.0,1.0,1.0,1.0,1.0,1.0,1.0,1.0,1.0,1.0,1.0,1.0
Panchkula Road,515,1340000,INR,,1,1,It has an area of 515 sqft with a carpet area of 323 sqft . The property is available at a price of Rs. 13.40 lac (negotiable ). It is a semi-furnished property. The property provides an excellent view as it overlooks the road. It is made in way to provide a comfortable living for the residents. It is well connected to the city areas. ,1,northeast,0,0,1,1,1,1,1,1,1,1,1,1,,,,1.0,1.0,1.0,1.0,1.0,1.0,1.0,1.0,1.0,1.0,1.0,1.0,1.0,1.0
Panchkula Road,730,1962000,INR,,1,0,"It has a salable area of 730 sqft and is available at a price of Rs. 2,687 per sqft. The house is semi-furnished. It is on 5th floor. The building has a total of 10 floor(s). It is northwest facing property. The property is available on freehold. The property has 2 bathrooms and 1 balcony. The site is in close proximity to various civic utilities. ",1,northwest,0,0,1,1,1,0,1,1,1,1,1,1,,,,,1.0,,,,,1.0,,,,,,,
Panchkula Road,780,2094000,INR,,1,1,"A 2 bhk property is available for sale in Panchkula Road, Chandigarh. It has a salable area of 780 sqft and is available at a price of Rs. 2,684 per sqft. The house is semi-furnished. It is on 6th floor. The building has a total of 13 floor(s). Its main door is facing northeast direction. The property is available on freehold. It has 2 bathrooms and 1 balcony. It is an under-construction property and is expected to get completed by 20/03/2022. It is made in way to provide a comfortable living. It is well connected to the city areas. Contact us for more details. ",1,northeast,0,0,1,1,1,1,1,1,1,1,1,1,,,,1.0,1.0,1.0,1.0,1.0,1.0,1.0,1.0,1.0,1.0,,1.0,1.0,1.0
Patiala Road Zirakpur,1017,3690000,INR,,1,1,"It has a salable area of 1017 sqft and is available at a price of Rs. 3,628 per sqft. It is a semi-furnished property. The property is available on freehold. It has 3 bathrooms and 2 balconies. It is made in way to provide a comfortable living for the residents. It is situated in the proximity of all the important facilities. Please contact for more details. ",1,northeast,0,1,0,1,1,0,0,0,0,0,1,0,,,,,,,,,,1.0,,,,,,,
Ambala Highway,1737,6190000,INR,,1,0,It’s a 3 bhk builder floor situated in Ambala Highway. It is on 2nd floor. The building has a total of 3 floor(s). The property is available on freehold. It is a ready-to-move-in property. It is made in way to provide a comfortable living for the residents. It is situated in the proximity of all the important facilities. Contact us for more details. ,1,northeast,0,1,1,1,1,1,1,1,1,1,1,1,,,,1.0,1.0,1.0,1.0,1.0,1.0,1.0,1.0,1.0,1.0,1.0,1.0,1.0,1.0
Panchkula Road,515,1340500,INR,,1,1,"It’s a 1 bhk builder floor situated in Panchkula Road, Chandigarh. It is on 6th floor. The building has a total of 11 floor(s). The property is available on freehold. The property has 1 bathroom and 1 balcony. It is an under-construction property and is expected to get completed by 10/01/2022. ",1,northeast,0,0,1,1,1,0,1,1,0,0,1,0,,,,,,,,,,1.0,,,,,,,
Panchkula Road,780,2094000,INR,,1,0,"A 2 bhk property is available for sale in Panchkula Road, Chandigarh. It has an area of 780 sqft with a carpet area of 511 sqft . The property is available at a price of Rs. 20.94 lac . The house is semi-furnished. It is a corner property. It has 2 bathrooms and 2 balconies. It is an under-construction property and is expected to get completed by 16/03/2022. The time you'll spend here will become the greatest moment of your life that will also help you to relieve, relax & evoke a great sense of happiness. The site is in close proximity to various civic utilities. If you are interested, please contact us for more details. ",1,northeast,0,0,1,1,1,0,1,1,1,0,1,0,,,,,,,,,,1.0,,,,,,,
Panchkula Road,515,1340500,INR,,1,0,"Well designed 1 bhk builder floor is available at a prime location in Panchkula Road. It has a salable area of 515 sqft and is available at a price of Rs. 2,602 per sqft. The house is semi-furnished. It is on 4th floor. The building has a total of 13 floor(s). Its main door is facing northeast direction. The property is available on freehold. It has 1 bathroom and 1 balcony. It is an under-construction property and is expected to get completed by 05/04/2022. The society is well connected by different modes of transportation. ",1,northeast,0,0,1,1,1,0,1,1,1,1,1,0,,,,,,,,,,1.0,,,,,1.0,,
Panchkula Road,515,1340500,INR,,1,1,"A variety of premium apartments can be purchased in Sector 14 Panchkula Extension region of Panchkula which is developed by the Shree Vardhman Green Space Company. The neighbourhood of the project has a higher education facility, schools, hospitals, bus stations, ATMs, Banks, petrol pumps, restaurants nearby. This company has many other familiar projects going on in this region which are very popular in its own way. The entire project is ready for moving in purpose. The different amenities of",1,northwest,0,0,1,0,0,0,1,1,1,0,1,0,,,,,1.0,,,,,1.0,,,,,,,
Vip Road Zirakpur,1800,4990000,INR,,1,1,It’s a 3 bhk builder floor situated in Vip Road Zirakpur. It has an area of 1800 sqft with a carpet area of 1700 sqft . The property is available at a price of Rs. 49.90 lac (negotiable ). It is a semi-furnished property. It’s on 1st floor out of 3 floors building. The property provides an excellent view as it is a corner property. It is made in way to provide a comfortable living for the residents. It is well connected to the city areas. Contact us for more details. ,1,northeast,0,1,0,0,1,0,0,0,0,0,0,0,,,,,,,,,,1.0,,,,,,,
Panchkula Road,730,1962000,INR,,1,1,"variety of premium apartments can be purchased in Sector 14 Panchkula Extension region of Panchkula which is developed by the Shree Vardhman Green Space Company. The neighbourhood of the project has a higher education facility, schools, hospitals, bus stations, ATMs, Banks, petrol pumps, restaurants nearby. This company has many other familiar projects going on in this region which are very popular in its own way. The entire project is ready for moving in purpose. The different amenities of the project are a club house, a gym, intercom facilities, a playground for children's and much more. The price of the apartments is based on the request value along with the area. less",1,northeast,0,0,1,1,1,0,1,1,1,0,1,0,,,,,,,,,,1.0,,,,,,,
Patiala Road Zirakpur,800,1490000,INR,,1,1,"A 1 bhk property is available for sale in Patiala Road Zirakpur, Chandigarh. It has an area of 800 sqft with a carpet area of 600 sqft . The property is available at a price of Rs. 14.90 lac (negotiable ). The house is semi-furnished. It’s on 1st floor out of 3 floors building. The property is available on freehold. The property has 1 bathroom and 1 balcony. It is made in way to provide a comfortable living for the residents. Kindly call us for details. ",1,northeast,0,1,1,1,1,0,0,0,0,0,0,0,,,,,,,,,,1.0,,,,,,,
Panchkula Road,513,1340000,INR,,1,1,"variety of premium apartments can be purchased in Sector 14 Panchkula Extension region of Panchkula which is developed by the Shree Vardhman Green Space Company. The neighbourhood of the project has a higher education facility, schools, hospitals, bus stations, ATMs, Banks, petrol pumps, restaurants nearby. This company has many other familiar projects going on in this region which are very popular in its own way. The entire project is ready for moving in purpose. The different amenities of the project are a club house, a gym, intercom facilities, a playground for children's and much more. The price of the apartments is based on the request value along with the area. less",1,northeast,0,0,1,1,1,1,1,1,1,0,1,0,,,,,,,,,,1.0,,,,,,,
Panchkula Road,535,1400000,INR,,1,1,"It has an area of 535 sqft with a carpet area of 338 sqft . The property is available at a price of Rs. 14.00 lac (negotiable ). It is a semi-furnished property. It is on 4th floor. The building has a total of 13 floor(s). The property has 1 bathroom and 1 balcony. It is an under-construction property and is expected to get completed by 15/02/2022. It is made in way to provide a comfortable living for the residents. The site is in close proximity to various civic utilities. If you are interested, please contact us for more details. ",1,,0,0,1,1,1,0,0,0,0,0,0,0,,,,,,,,,,1.0,,,,,,,
Panchkula Road,515,1340000,INR,,1,0,"A variety of premium apartments can be purchased in Sector 14 Panchkula Extension region of Panchkula which is developed by the Shree Vardhman Green Space Company. The neighbourhood of the project has a higher education facility, schools, hospitals, bus stations, ATMs, Banks, petrol pumps, restaurants nearby. This company has many other familiar projects going on in this region which are very popular in its own way. The entire project is ready for moving in purpose. The different amenities of the project are a club house, a gym, intercom facilities, a playground for children's and much more. The price of the apartments is based on the request value along with the area. less",1,northeast,0,0,1,1,1,1,1,1,1,1,1,1,,,,1.0,1.0,1.0,1.0,1.0,,1.0,1.0,1.0,1.0,1.0,1.0,1.0,1.0
Vip Road Zirakpur,1800,4990000,INR,,1,1,"key features .
ready to move in in 
semi furnished 
dedicated parking 
modular kitchen with chimney 
gated society 
decent wood work with led panel
pop false ceilling",1,northeast,0,1,0,1,1,0,0,0,0,0,0,0,,,,,,,,,,1.0,,,,,,,
Vip Road Zirakpur,1800,4990000,INR,,1,0,"It’s a 3 bhk builder floor situated in Vip Road Zirakpur, Chandigarh. It has an area of 1800 sqft with a carpet area of 1650 sqft . The property is available at a price of Rs. 49.90 lac . It is a semi-furnished property. It is on 1st floor. The building has a total of 3 floor(s). It has 3 bathrooms and 2 balconies. It is a ready-to-move-in property. The time you'll spend here will become the greatest moment of your life that will also help you to relieve, relax & evoke a great sense of happiness. The society is well connected by different modes of transportation. Please contact for more details. ",1,northeast,0,1,0,1,1,0,0,0,0,0,0,0,,,,,,,,,,1.0,,,,,,,
Panchkula Road,780,2094000,INR,,1,0,"It has a salable area of 780 sqft and is available at a price of Rs. 2,684 per sqft. It is on the 6th floor of the building (total number of floors are 13). Its main door is facing northeast direction. The property is available on freehold. It has 2 bathrooms and 1 balcony. This residential complex is under-construction as of now. The expected completion date is 14/04/2022. The time you'll spend here will become the greatest moment of your life that will also help you to relieve, relax & evoke a great sense of happiness. The society is well connected by different modes of transportation. ",1,northeast,0,0,1,1,1,1,1,1,1,1,1,1,,,,1.0,1.0,1.0,1.0,1.0,1.0,1.0,1.0,1.0,1.0,1.0,1.0,1.0,1.0
Panchkula Road,730,1962000,INR,,1,0,"It is on the 4th floor of the building (total number of floors are 13). The property is available on freehold. The time you'll spend here will become the greatest moment of your life that will also help you to relieve, relax & evoke a great sense of happiness. It is well connected to the city areas. If you are interested, please contact us for more details. ",1,southeast,0,0,1,1,1,1,1,1,1,1,1,1,,,,1.0,1.0,1.0,1.0,1.0,1.0,1.0,1.0,1.0,1.0,1.0,1.0,1.0,1.0
Panchkula Road,730,1962000,INR,,1,0,"A variety of premium apartments can be purchased in Sector 14 Panchkula Extension region of Panchkula which is developed by the Shree Vardhman Green Space Company. The neighbourhood of the project has a higher education facility, schools, hospitals, bus stations, ATMs, Banks, petrol pumps, restaurants nearby. This company has many other familiar projects going on in this region which are very popular in its own way. The entire project is ready for moving in purpose. The different amenities of the project are a club house, a gym, intercom facilities, a playground for children's and much more. The price of the apartments is based on the request value along with the area. less",1,northeast,0,0,1,1,1,0,1,1,1,1,1,1,,,,,,,,,,1.0,,,,,,1.0,
Panchkula Road,535,1400000,INR,,1,0,"A variety of premium apartments can be purchased in Sector 14 Panchkula Extension region of Panchkula which is developed by the Shree Vardhman Green Space Company. The neighbourhood of the project has a higher education facility, schools, hospitals, bus stations, ATMs, Banks, petrol pumps, restaurants nearby. This company has many other familiar projects going on in this region which are very popular in its own way. The entire project is ready for moving in purpose. The different amenities of the project are a club house, a gym, intercom facilities, a playground for children's and much more. The price of the apartments is based on the request value along with the area. less",1,northeast,0,0,1,1,1,1,1,1,1,1,1,1,,,,1.0,1.0,1.0,1.0,1.0,1.0,1.0,1.0,,1.0,1.0,1.0,1.0,1.0
Panchkula Road,535,1400000,INR,,1,0,This spacious 1 bhk builder floor is available for sale and is located in the heart of Panchkula Road. It has an area of 535 sqft with a carpet area of 338 sqft . The property is available at a price of Rs. 14.00 lac . It’s on 1st floor out of 13 floors building. The property provides an excellent view as it is a corner property. It has 1 bathroom and 1 balcony. Contact us for more details. ,1,northeast,0,0,1,1,1,1,1,1,1,1,1,1,,,,1.0,1.0,1.0,1.0,1.0,1.0,1.0,1.0,1.0,1.0,1.0,1.0,1.0,1.0
Panchkula Road,535,1400000,INR,,1,0,"It’s a 1 bhk builder floor situated in Panchkula Road, Chandigarh. It has an area of 535 sqft with a carpet area of 338 sqft . The property is available at a price of Rs. 14.00 lac . It is located on the 3rd floor(out of a total of 13 floor(s)). It has 1 bathroom and 1 balcony. It is made in way to provide a comfortable living for the residents. ",1,northeast,0,0,1,1,1,1,1,1,1,1,1,1,,,,1.0,1.0,,1.0,1.0,1.0,1.0,1.0,1.0,1.0,1.0,1.0,1.0,1.0
Panchkula Road,780,2094000,INR,,1,0,It has a built-up area of 780 sqft and is priced at Rs. 20.94 lac . It is an unfurnished property. The property is available on freehold. The property has 2 bathrooms and 1 balcony. This residential complex is under-construction as of now. The expected completion date is 01/09/2021. It is situated in the proximity of all the important facilities. ,1,northeast,0,0,1,1,1,1,1,1,1,1,1,1,,,,1.0,1.0,1.0,1.0,1.0,1.0,1.0,1.0,1.0,1.0,1.0,1.0,1.0,1.0
Panchkula Road,780,2094000,INR,,1,1,"A variety of premium apartments can be purchased in Sector 14 Panchkula Extension region of Panchkula which is developed by the Shree Vardhman Green Space Company. The neighbourhood of the project has a higher education facility, schools, hospitals, bus stations, ATMs, Banks, petrol pumps, restaurants nearby. This company has many other familiar projects going on in this region which are very popular in its own way. The entire project is ready for moving in purpose. The different amenities of the project are a club house, a gym, intercom facilities, a playground for children's and much more. The price of the apartments is based on the request value along with the area. less",1,,0,0,1,1,1,1,1,1,0,0,0,0,,,,,,,,,,1.0,,,,,,,
Panchkula Road,780,2094000,INR,,1,1,"A variety of premium apartments can be purchased in Sector 14 Panchkula Extension region of Panchkula which is developed by the Shree Vardhman Green Space Company. The neighbourhood of the project has a higher education facility, schools, hospitals, bus stations, ATMs, Banks, petrol pumps, restaurants nearby. This company has many other familiar projects going on in this region which are very popular in its own way. The entire project is ready for moving in purpose. The different amenities of the project are a club house, a gym, intercom facilities, a playground for children's and much more. The price of the apartments is based on the request value along with the area. less",1,northeast,0,0,1,1,1,0,1,1,1,0,1,0,,,,,,,,,,1.0,,,,,,,
Panchkula Road,515,1340000,INR,,1,1,Well designed 1 bhk builder floor is available at a prime location in Panchkula Road. The property provides an excellent view as it overlooks the road. The property is available on freehold. This residential complex is under-construction as of now. . Please contact for more details. ,1,,0,0,1,1,1,0,1,1,1,0,0,0,,,,,,,,,,1.0,,,,,,,
Panchkula Road,515,1340500,INR,,1,1,It’s a 1 bhk builder floor situated in Panchkula Road. It is facing northeast direction. The property is available on freehold. The property has 1 bathroom and 1 balcony. Kindly call us for details. ,1,northeast,0,0,1,1,1,0,1,1,1,0,0,0,,,,,,,,,,,,,,,,,
Panchkula Road,730,1962000,INR,,1,0,It has an area of 730 sqft with a carpet area of 478 sqft . The property is available at a price of Rs. 19.62 lac . It is a semi-furnished property. It is on 4th floor. The building has a total of 13 floor(s). The property is available on freehold. The property has 2 bathrooms and 2 balconies. This residential complex is under-construction as of now. The expected completion date is 10/02/2022. It is made in way to provide a comfortable living for the residents. The society is well connected by different modes of transportation. Please contact for more details. ,1,,0,0,1,1,1,0,1,1,1,0,0,0,,,,,,,,,,1.0,,,,,,,
Panchkula Road,535,1400000,INR,,1,1,It is on the 6th floor of the building (total number of floors are 13). The property is available on freehold. It has 1 bathroom and 1 balcony. This residential complex is under-construction as of now. The expected completion date is 11/02/2022. It is made in way to provide a comfortable living for the residents. It is situated in the proximity of all the important facilities. Kindly call us for details. ,1,northeast,0,0,1,1,1,0,1,1,1,0,0,0,,,,,,,,,,1.0,,,,,,,
sector 5 Mubarikpur road derabassi,1120,2475000,INR,,1,1,This spacious 2 bhk builder floor is available for sale and is located in the heart of sector 5 Mubarikpur road derabassi. It has an area of 1120 sqft with a carpet area of 1050 sqft . The property is available at a price of Rs. 24.75 lac (negotiable ). It is a semi-furnished property. It is on 1st floor. The building has a total of 3 floor(s). Its main door is facing northeast direction. It has 2 bathrooms and 2 balconies. This residential property is ready-to-move-in. It is made in way to provide a comfortable living. The site is in close proximity to various civic utilities. Contact us for more details. ,1,northeast,0,3,0,0,1,0,0,0,0,0,0,0,,,,,,,,,,1.0,,1.0,1.0,,,,
Dera Bassi,1550,3590000,INR,,1,1,"It has an area of 1550 sqft with a carpet area of 1450 sqft . The property is available at a price of Rs. 35.90 lac (negotiable ). It is a semi-furnished property. Its main door is facing northeast direction. It is made in way to provide a comfortable living for the residents. If you are interested, please contact us for more details. ",1,northeast,0,0,0,1,1,0,1,0,0,0,1,0,7.1,,,,,,,,,1.0,,1.0,1.0,,,,
Kharar Mohali,990,3480000,INR,,1,1,"Well designed 2 bhk builder floor is available at a prime location in Kharar Mohali. It has a built-up area of 990 sqft and is priced at Rs. 34.80 lac (negotiable). Furnishings include 2 wardrobe, 2 tv, 1 ac, 2 bed and 1 modular kitchen. It is located on the 2nd floor(out of a total of 3 floor(s)). One of the major USPs of the property is that it is a garden facing property. The property is available on freehold. This residential property is ready-to-move-in. It is made in way to provide a comfortable living for the residents. The site is in close proximity to various civic utilities. Kindly call us for details. ",1,east,0,0,0,0,0,0,0,0,0,0,0,0,,,,,,,,,,,,,,,,,
SEC 115 MOHALI KHARAR LANDRAN ROAD,950,2990000,INR,,1,1,"Features and Facilities Available For Your Comfort 

Modern Fittings in Kitchen 
Branded Tiles Flooring
Branded Bath Fitting
Plastic Paint
Sliding Cupboards 
False Ceiling
Gated Society 
Green Park 

Near Highway 

Direct Call Me For Booking and Any Other INFORMATION About Project .",1,northeast,0,0,0,0,1,1,1,1,0,1,1,1,,,,,1.0,1.0,1.0,,,1.0,1.0,1.0,1.0,,1.0,1.0,
SEC 115 MOHALI KHARAR LANDRAN ROAD,970,2490000,INR,,1,1,"Features and Facilities Available For Your Comfort 

Modern Fittings in Kitchen 
Branded Tiles Flooring
Branded Bath Fitting
Plastic Paint
Sliding Cupboards 
False Ceiling
Gated Society 
Green Park 

Near Highway 

Direct Call Me For Booking and Any Other INFORMATION About Project",1,northeast,1,0,0,0,1,1,0,1,0,0,1,0,,,,,,1.0,1.0,1.0,,1.0,1.0,1.0,1.0,,1.0,1.0,
Airport Road,630,1790000,INR,,1,1,"Features and Facilities Available For Your Comfort 

Modern Fittings in Kitchen 
Branded Tiles Flooring
Branded Bath Fitting
Plastic Paint
Sliding Cupboards 
False Ceiling
Gated Society 
Green Park 

Near Highway 

Direct Call Me For Booking and Any Other INFORMATION About Project .",1,northeast,0,0,0,0,1,1,0,1,0,0,1,0,,,,,1.0,1.0,1.0,,,1.0,1.0,1.0,1.0,,1.0,1.0,
Mohali Sector 127,930,2750000,INR,,1,1,"Features and Facilities Available For Your Comfort 

Modern Fittings in Kitchen 
Branded Tiles Flooring
Branded Bath Fitting
Plastic Paint
Sliding Cupboards 
False Ceiling
Gated Society 
Green Park 

Near Highway 

Direct Call Me For Booking and Any Other INFORMATION About Project .",1,northeast,0,0,0,0,1,1,0,1,0,1,1,1,,,,,1.0,1.0,1.0,,,1.0,1.0,1.0,1.0,,1.0,1.0,
Mohali Sector 127,900,2690000,INR,,1,1,"Features and Facilities Available For Your Comfort 

Modern Fittings in Kitchen 
Branded Tiles Flooring
Branded Bath Fitting
Plastic Paint
Sliding Cupboards 
False Ceiling
Gated Society 
Green Park 

Near Highway 

Direct Call Me For Booking and Any Other INFORMATION About Project .",1,northeast,0,0,0,0,1,1,0,1,0,0,1,0,,,,,1.0,1.0,1.0,,,1.0,1.0,1.0,1.0,,1.0,,
Kharar Mohali,990,3470000,INR,,1,1,"It has a salable area of 990 sqft and is available at a price of Rs. 3,505 per sqft. The house is semi-furnished. It has 2 wardrobe, 1 tv, 1 ac and 1 bed. It also has 1 modular kitchen. It is on 2nd floor. The building has a total of 3 floor(s). One of the major USPs of the property is that it is a garden facing property. The property is available on freehold. The property has 2 bathrooms and 2 balconies. It is a ready-to-move-in property. It is made in way to provide a comfortable living for the residents. It is well connected to the city areas. If you are interested, please contact us for more details. ",1,east,0,0,0,0,1,0,0,0,0,0,0,0,,,,,,1.0,1.0,,,1.0,1.0,1.0,1.0,1.0,,,
sector 5 Mubarikpur road derabassi,1520,3235000,INR,,1,0,"It’s a 3 bhk builder floor situated in sector 5 Mubarikpur road derabassi, Chandigarh. It has an area of 1520 sqft with a carpet area of 1350 sqft . The property is available at a price of Rs. 32.35 lac . It is a semi-furnished property. It is on the 1st floor of the building (total number of floors are 3). The property has 3 bathrooms and 2 balconies. This residential property is ready-to-move-in. The time you'll spend here will become the greatest moment of your life that will also help you to relieve, relax & evoke a great sense of happiness. It is well connected to the city areas. Contact us for more details. ",1,northeast,0,1,0,1,1,0,0,1,0,0,0,1,,,,,,,,,,1.0,,,,,,,
Mohali Sector 127,800,3290000,INR,,1,1,"Well designed 2 bhk builder floor is available at a prime location in Mohali Sector 127. It has an area of 800 sqft with a carpet area of 745 sqft . The property is available at a price of Rs. 32.90 lac (negotiable ). It is a furnished property. It has 2 wardrobe, 1 sofa, 1 wifi and 1 dining table. It also has 2 bed and 1 modular kitchen. It’s on 2nd floor out of 3 floors building. It is northeast facing property. The property is in a complex owned by a co-operative society. It has 2 bathrooms and 1 balcony. This residential property is ready-to-move-in. It is made in way to provide a comfortable living for the residents. It is well connected to the city areas. Kindly call us for details. ",1,northeast,1,0,0,0,0,0,0,0,0,0,0,0,,,,,,,,,,,,,,,,,
sector 5 Mubarikpur road derabassi,1200,2475000,INR,,1,1,"A 2 bhk property is available for sale in sector 5 Mubarikpur road derabassi, Chandigarh. It has an area of 1200 sqft with a carpet area of 1025 sqft . The property is available at a price of Rs. 24.75 lac (negotiable ). It is a semi-furnished property. It’s on 1st floor out of 3 floors building. It is facing northeast direction. The property is available on freehold. The property has 2 bathrooms and 2 balconies. This residential property is ready-to-move-in. It is made in way to provide a comfortable living for the residents. It is situated in the proximity of all the important facilities. Please contact us for more details. ",1,northeast,0,0,0,0,0,0,0,0,0,0,0,0,,,,,,,,,,,,,,,,,
Kharar Mohali,990,3480000,INR,,1,1,"It has an area of 990 sqft with a carpet area of 900 sqft . The property is available at a price of Rs. 34.80 lac (negotiable ). It is on the 2nd floor of the building (total number of floors are 3). It is a ready-to-move-in property. It is made in way to provide a comfortable living. If you are interested, please contact us for more details. ",1,east,0,0,0,0,0,0,0,0,0,0,0,0,,,,,,,,,,,,,,,,,
Zirakpur punjab,1242,4095000,INR,,1,1,Well designed 3 bhk builder floor is available at a prime location in Zirakpur punjab. It has a built-up area of 1242 sqft and is priced at Rs. 40.95 lac (negotiable). The house is unfurnished. It’s on 2nd floor out of 3 floors building. The property has 3 bathrooms and 2 balconies. This residential property is ready-to-move-in. It is made in way to provide a comfortable living. It is situated in the proximity of all the important facilities. Please contact us for more details. ,1,,0,1,0,0,0,0,0,0,0,0,0,0,,,,,,,,,,,,,,,,,
Zirakpur punjab,1737,6300000,INR,,1,1,"Jogging Track
Water Body
Kids Play Area
Open Air Theatre
Gazebo
Badminton Court
Lawn Tennis Court
Open Lawn
Sculpture
Open Gym
Club Building
Ent. Portico Green Area
Trails
Deviled Mounds
Themed Green Areas",1,north,0,0,1,1,1,1,1,1,1,1,1,0,,,,1.0,1.0,1.0,1.0,1.0,1.0,1.0,,1.0,1.0,1.0,,1.0,
Zirakpur Road,1710,6100000,INR,,1,1,"A spacious 3 bhk builder floor is available for sale in Zirakpur Road, Chandigarh. It has an area of 1710 sqft with a carpet area of 1550 sqft . The property is available at a price of Rs. 61.00 lac (negotiable ). The house is semi-furnished. Its main door is facing northeast direction. The property is available on freehold. It has 3 bathrooms and 2 balconies. The site is in close proximity to various civic utilities. Kindly call us for details. ",1,northeast,0,1,1,1,1,1,1,1,1,1,1,0,,,,1.0,1.0,1.0,1.0,,,1.0,1.0,1.0,1.0,1.0,1.0,1.0,
Airport Road,1737,6000000,INR,,1,1,"It’s a 3 bhk builder floor situated in Airport Road. It has a salable area of 1737 sqft and is available at a price of Rs. 3,454 per sqft. The house is semi-furnished. It is on the 1st floor of the building (total number of floors are 4). One of the major USPs of the property is that it is a road facing property. The property is available on freehold. The property has 3 bathrooms and 2 balconies. This residential complex is under-construction as of now. The expected completion date is 04/01/2023. It is made in way to provide a comfortable living for the residents. The society is well connected by different modes of transportation. Kindly call us for details. ",1,north,0,0,1,1,1,1,1,1,1,1,1,0,,,,1.0,1.0,,1.0,1.0,1.0,1.0,,,1.0,1.0,,1.0,1.0
Zirakpur Road,1737,6000000,INR,,1,1,"At Green Valley Residencia, all residents have easy access to some of the truly desired facilities such as Rainwater Harvesting, Gymnasium, Power Backup. If you are a sports lover, there are provisions meant for you such as a Tennis Court. Other facilities include Internet / Wi-Fi, provisions in the project. Kids can use the children's Play Area, nearby apart from Swimming Pool. The property has Fire Fighting Systems. There is 24x7 Security. Some other provisions include access to Banquet Hall, Landscaped Garden, Storm Water Drains, There is provision for Closed Car Parking. Come home to Green Valley Residencia.

Green Valley Residencia is approved by the state regulatory authority and the RERA ID is PBRERA-SAS79-PR0678.

Green Valley Builders is a renowned developer firm.

Gazipur is a prime area, with many attractions work and recreational options just a drive away",1,northwest,0,0,1,1,1,1,1,1,1,0,1,0,,,,1.0,1.0,1.0,1.0,,1.0,1.0,1.0,1.0,1.0,1.0,,1.0,
Patiala Road Zirakpur,990,3450000,INR,,1,0,"A 3 bhk property is available for sale in Patiala Road Zirakpur, Chandigarh. It has a built-up area of 990 sqft and is priced at Rs. 34.50 lac . The house is semi-furnished. It’s on 2nd floor out of 3 floors building. The property is available on freehold. It has 2 bathrooms and 2 balconies. It is a ready-to-move-in property. It is well connected to the city areas. ",1,east,0,1,0,1,1,0,0,0,0,0,1,0,,,,,,,1.0,1.0,,1.0,,,1.0,1.0,,,
Zirakpur Road,1773,6390000,INR,,1,1,"Home is more than just a place, it is a feeling, which offers you warmth, comfort, and a sense of togetherness. Keeping in mind that you are not just looking for a concrete area, but space that you can call home, Ornay Group focuses on delivering futuristic and luxurious homes that are the epitome of an ideal life. We will help you in finding the quality properties with all the necessary amenities, which will help in providing a wholesome experience to not just you but your entire family.

Ornay is not only a name, it is a relationship, an experience which helps you find your perfect abode, keeping in mind your budget, desires, security, and the well being. With the best of facilities and rich in luxury, it is hard to go unsatisfied with Ornay Groups. Our year of experience and expertise have helped us in conceptualizing and executing some of the most upscale real estate projects.",1,east,0,1,1,1,0,0,0,0,0,0,0,0,,,,,,1.0,1.0,1.0,,1.0,1.0,1.0,,1.0,,,
Chandigarh International Airport,1550,11155000,INR,,1,1,"We don’t just promise an easy life, We believe in making sure you enjoy one. No matter how beautifully well equipped your house is, small day to day problems remains a part of your day to day life. Managing a smooth life is our commitment to you.",1,east,0,0,0,0,0,0,0,0,0,0,0,0,,,,,,,,,,,,,,,,,
Airport Road,1710,6490000,INR,,1,1,Well designed 3 bhk builder floor is available at a prime location in Airport Road. It is an unfurnished property. It is located on the 2nd floor(out of a total of 4 floor(s)). It is east facing property. It is an under-construction property and is expected to get completed by 03/02/2022. It is made in way to provide a comfortable living for the residents. The society is well connected by different modes of transportation. Kindly call us for details. ,1,east,0,0,0,0,1,1,0,0,0,0,1,0,,,,,,1.0,,,,1.0,1.0,1.0,,,,,
Zirakpur punjab,1600,6000000,INR,,1,1,Well designed 3 bhk builder floor is available at a prime location in Zirakpur punjab. It is located on the 3rd floor(out of a total of 11 floor(s)). One of the major USPs of the property is that it is a road facing property. It has 3 bathrooms and 2 balconies. This residential property is ready-to-move-in. The society is well connected by different modes of transportation. Please contact us for more details. ,1,east,0,2,1,1,1,1,1,1,1,1,0,0,,,,,1.0,,,,,1.0,,,,1.0,,1.0,
Ambala Highway,1737,6390000,INR,,1,1,"It’s a 3 bhk builder floor situated in Ambala Highway. It has an area of 1737 sqft with a carpet area of 1530 sqft . The property is available at a price of Rs. 63.90 lac (negotiable ). It is a semi-furnished property. It’s on 2nd floor out of 4 floors building. This residential complex is under-construction as of now. The expected completion date is 30/01/2022. The time you'll spend here will become the greatest moment of your life that will also help you to relieve, relax & evoke a great sense of happiness. The society is well connected by different modes of transportation. If you are interested, please contact us for more details. ",1,east,0,0,1,1,1,0,0,1,0,0,0,0,,,,,,,,,,1.0,,,,,,,
Patiala Road,1800,6690000,INR,,1,0,"Home is more than just a place, it is a feeling, which offers you warmth, comfort, and a sense of togetherness. Keeping in mind that you are not just looking for a concrete area, but space that you can call home, Ornay Group focuses on delivering futuristic and luxurious homes that are the epitome of an ideal life. We will help you in finding the quality properties with all the necessary amenities, which will help in providing a wholesome experience to not just you but your entire family.

Ornay is not only a name, it is a relationship, an experience which helps you find your perfect abode, keeping in mind your budget, desires, security, and the well being. With the best of facilities and rich in luxury, it is hard to go unsatisfied with Ornay Groups. Our year of experience and expertise have helped us in conceptualizing and executing some of the most upscale real estate projects.",1,east,0,1,1,1,1,0,1,0,1,0,1,1,,,,,1.0,,1.0,1.0,,1.0,,,,1.0,1.0,,
Zirakpur Road,1050,2950000,INR,,1,1,"A spacious 3 bhk builder floor is available for sale in Zirakpur Road, Chandigarh. It has an area of 1050 sqft with a carpet area of 850 sqft . The property is available at a price of Rs. 29.50 lac (negotiable ). It is a semi-furnished property. It is located on the 2nd floor(out of a total of 3 floor(s)). The property provides an excellent view as it overlooks the road. The property is available on freehold. It has 3 bathrooms and 2 balconies. It is a ready-to-move-in property. The time you'll spend here will become the greatest moment of your life that will also help you to relieve, relax & evoke a great sense of happiness. It is well connected to the city areas. Please contact us for more details. ",1,east,0,1,0,1,1,0,0,0,0,0,0,0,,,,,,,1.0,1.0,,1.0,,1.0,,,,,
Zirakpur Road,1710,6000000,INR,,1,1,"At Green Valley Residencia, all residents have easy access to some of the truly desired facilities such as Rainwater Harvesting, Gymnasium, Power Backup. If you are a sports lover, there are provisions meant for you such as a Tennis Court. Other facilities include Internet / Wi-Fi, provisions in the project. Kids can use the children's Play Area, nearby apart from Swimming Pool. The property has Fire Fighting Systems. There is 24x7 Security. Some other provisions include access to Banquet Hall, Landscaped Garden, Storm Water Drains, There is provision for Closed Car Parking. Come home to Green Valley Residencia.

Green Valley Residencia is approved by the state regulatory authority and the RERA ID is PBRERA-SAS79-PR0678.

Green Valley Builders is a renowned developer firm.

Gazipur is a prime area, with many attractions work and recreational options just a drive away",1,northeast,0,0,1,1,1,1,1,1,1,1,1,0,,,,1.0,1.0,1.0,1.0,,1.0,1.0,1.0,1.0,1.0,1.0,,1.0,
Ambala Highway,1737,6390000,INR,,1,1,"It’s a 3 bhk builder floor situated in Ambala Highway, Chandigarh. It has a built-up area of 1737 sqft and is priced at Rs. 63.90 lac (negotiable). It is a semi-furnished property. It is on 2nd floor. The building has a total of 4 floor(s). It has 3 bathrooms and 2 balconies. It is an under-construction property and is expected to get completed by 06/01/2023. The time you'll spend here will become the greatest moment of your life that will also help you to relieve, relax & evoke a great sense of happiness. The society is well connected by different modes of transportation. If you are interested, please contact us for more details. ",1,,0,0,0,0,0,0,0,0,0,0,0,0,,,,,,,,,,,,,,,,,
Zirakpur punjab,1638,7390000,INR,,1,1,"It’s a 3 bhk builder floor situated in Zirakpur punjab. It has a salable area of 1638 sqft and is available at a price of Rs. 4,511 per sqft. The house is semi-furnished. It is on the 2nd floor of the building (total number of floors are 4). It is east facing property. The property has 3 bathrooms and 2 balconies. This residential property is ready-to-move-in. The time you'll spend here will become the greatest moment of your life that will also help you to relieve, relax & evoke a great sense of happiness. It is situated in the proximity of all the important facilities. Contact us for more details. ",1,east,0,1,0,0,0,0,0,0,0,0,0,0,,,,,,,,,,,,,,,,,
Zirakpur Road,2250,8800000,INR,,1,1,"It has a salable area of 2250 sqft and is available at a price of Rs. 3,911 per sqft. The house is semi-furnished. It is located on the 2nd floor(out of a total of 4 floor(s)). The property provides an excellent view as it overlooks the pool. It is a ready-to-move-in property. It is situated in the proximity of all the important facilities. ",1,,0,1,1,1,1,1,1,1,1,1,1,0,,,,1.0,1.0,1.0,1.0,1.0,1.0,1.0,1.0,1.0,1.0,1.0,1.0,1.0,
Zirakpur Road,2250,8800000,INR,,1,1,"This spacious 3 bhk builder floor is available for sale and is located in the heart of Zirakpur Road. It has a built-up area of 2250 sqft and is priced at Rs. 88.00 lac (negotiable). It’s on 2nd floor out of 4 floors building. The property is available on freehold. The property has 4 bathrooms and 3 balconies. It is a ready-to-move-in property. The time you'll spend here will become the greatest moment of your life that will also help you to relieve, relax & evoke a great sense of happiness. The society is well connected by different modes of transportation. Please contact for more details. ",1,north,0,1,1,1,1,1,1,1,1,1,1,0,,,,1.0,1.0,1.0,1.0,1.0,1.0,1.0,1.0,1.0,1.0,1.0,,1.0,1.0
Mohali Sector 127,930,2790000,INR,,1,1,"Features and Facilities Available For Your Comfort 

Modern Fittings in Kitchen 
Branded Tiles Flooring
Branded Bath Fitting
Plastic Paint
Sliding Cupboards 
False Ceiling
Gated Society 
Green Park 

Near Highway 

Direct Call Me For Booking",1,northeast,0,0,0,0,0,0,0,0,0,0,0,0,,,,,,,,,,,,,,,,,
Mohali Sector 127,930,2790000,INR,,1,1,"Features and Facilities Available For Your Comfort 

Modern Fittings in Kitchen 
Branded Tiles Flooring
Branded Bath Fitting
Plastic Paint
Sliding Cupboards 
False Ceiling
Gated Society 
Green Park 

Near Highway 

Direct Call Me For Booking",1,northeast,0,0,0,0,0,0,0,0,0,0,0,0,,,,,,,,,,,,,,,,,
Kharar Mohali,990,3490000,INR,,1,1,"A spacious 2 bhk builder floor is available for sale in Kharar Mohali, Chandigarh. It has a salable area of 990 sqft and is available at a price of Rs. 3,525 per sqft. It is a semi-furnished property. This residential property is ready-to-move-in. It is made in way to provide a comfortable living. It is situated in the proximity of all the important facilities. Please contact us for more details. ",1,east,0,0,0,0,1,0,0,0,0,0,0,0,,,,,,1.0,1.0,1.0,,1.0,1.0,1.0,1.0,1.0,,,
Mohali Sector 127,963,3290000,INR,,1,1,"Spacial Saturday Sunday OFFERS

2bhk ready to move in in WITH FULLY FURNISHED FLATS SEC-127, NEAR BY Chandigarh sweets landra to kharar road Just in 32.90lac

*CHIMNEY

*MODULAR KITCHEN

*Cupboard in all rooms with best material

*R.O

*AC FETING

*LED TV

*WALL PAPER

*BED BOX

*SOFA

*LED LIGHTS

*Free Car Parking

*Branded Bath Fittings

10% Down Payment AND 90% Loan Facility

*Near by V.R Punjab Mall, school, College, hospital, Gym, bus stand etc. Read Less",1,northeast,1,0,0,0,1,1,0,1,0,0,0,1,,,,1.0,,1.0,,,,1.0,1.0,1.0,1.0,1.0,,,
SEC 115 MOHALI KHARAR LANDRAN ROAD,990,2990000,INR,,1,1,"It’s a 2 bhk builder floor situated in SEC 115 MOHALI KHARAR LANDRAN ROAD, Chandigarh. It has a salable area of 990 sqft and is available at a price of Rs. 3,020 per sqft. The house is furnished. It has 1 wardrobe, 1 sofa, 1 wifi and 1 dining table. It also has 2 bed. Its main door is facing northeast direction. The property is in a complex owned by a co-operative society. It is a ready-to-move-in property. It is made in way to provide a comfortable living. Please contact for more details. ",1,northeast,1,0,0,0,1,1,0,1,0,0,0,1,,,,1.0,,1.0,,,,1.0,1.0,1.0,1.0,1.0,1.0,,
Mohali Sector 127,810,2390000,INR,,1,1,"Spacial Saturday Sunday OFFERS

2bhk ready to move in in WITH FULLY FURNISHED FLATS SEC-115, NEAR BY landra to kharar road Just in 23.90lac

*CHIMNEY

*MODULAR KITCHEN

*Cupboard in all rooms with best material

*R.O

*AC FETING

*LED TV

*WALL PAPER

*BED BOX

*SOFA

*LED LIGHTS

*Free Car Parking

*Branded Bath Fittings

10% Down Payment AND 90% Loan Facility

*Near by V.R Punjab Mall, school, College, hospital, Gym, bus stand etc. Read Less",1,northeast,1,0,0,0,1,1,0,1,0,0,0,1,,,,1.0,,1.0,,,,1.0,1.0,1.0,1.0,1.0,1.0,,
85 Mohali Stadium Road,2150,6211000,INR,,1,1,It’s a 3 bhk builder floor situated in 85 Mohali Stadium Road. It is a semi-furnished property. It’s on 2nd floor out of 3 floors building. It is facing east direction. It has 3 bathrooms and 2 balconies. The society is well connected by different modes of transportation. Please contact us for more details. ,1,east,0,2,1,1,1,1,1,1,1,1,1,0,,,,1.0,1.0,1.0,1.0,1.0,1.0,1.0,1.0,1.0,1.0,1.0,1.0,1.0,1.0
Mohali Sec 118,1625,6700000,INR,,1,1,"It has an area of 1625 sqft with a carpet area of 1425 sqft . The property is available at a price of Rs. 67.00 lac (negotiable ). Furnishings include 1 modular kitchen, 3 wardrobe, 3 bed, 1 ac and 1 tv. It is on the 3rd floor of the building (total number of floors are 3). The property has 3 bathrooms and 2 balconies. If you are interested, please contact us for more details. ",1,east,0,0,1,1,1,1,1,1,1,1,1,1,,,,1.0,1.0,1.0,1.0,1.0,1.0,1.0,1.0,1.0,1.0,1.0,1.0,1.0,1.0
Mohali Sec 125,1020,2490000,INR,,1,1,"A 2 bhk property is available for sale in Mohali Sec 125, Chandigarh. It has a salable area of 1020 sqft and is available at a price of Rs. 2,441 per sqft. It is a semi-furnished property. It is facing east direction. The property has 2 bathrooms and 2 balconies. This residential property is ready-to-move-in. It is made in way to provide a comfortable living. Please contact for more details. ",1,east,0,2,0,0,1,0,0,0,0,1,1,0,,,,1.0,1.0,1.0,1.0,1.0,1.0,1.0,1.0,1.0,1.0,1.0,1.0,1.0,
Sector 80,1000,5400000,INR,,0,0,"A 2 bhk property is available for sale in Sector 80, Chandigarh. It is a semi-furnished property. This residential property is ready-to-move-in. It is made in way to provide a comfortable living for the residents. It is situated in the proximity of all the important facilities. Contact us for more details. ",1,,0,6,0,0,0,0,0,0,0,0,0,0,,,,,,,,,,,,,,,,,
DLF Mullanpur,2250,9390000,INR,,1,1,"It’s a 3 bhk builder floor situated in DLF Mullanpur, Chandigarh. It is a furnished property. It is located on the 3rd floor(out of a total of 4 floor(s)). One of the major USPs of the property is that it is a road facing property. The property is available on freehold. It has 3 bathrooms and 2 balconies. It is an under-construction property and is expected to get completed by 31/03/2023. It is made in way to provide a comfortable living for the residents. The site is in close proximity to various civic utilities. Contact us for more details. ",1,east,1,0,0,0,0,0,0,0,0,0,0,0,,,,,,,,,,,,,,,,,
Zirakpur GAzipur Road,1000,2690000,INR,,1,1,"It’s a 2 bhk builder floor situated in Zirakpur GAzipur Road, Chandigarh. It has an area of 1000 sqft with a carpet area of 900 sqft . The property is available at a price of Rs. 26.90 lac (negotiable ). It is a semi-furnished property. It is located on the 1st floor(out of a total of 3 floor(s)). It is northeast facing property. The property is available on freehold. The property has 2 bathrooms and 2 balconies. This residential property is ready-to-move-in. It is made in way to provide a comfortable living for the residents. The site is in close proximity to various civic utilities. Contact us for more details. ",1,northeast,0,1,0,1,1,0,1,0,0,0,1,0,,,,,,,,,,1.0,,,,,,,
Aerocity Road,1510,5290000,INR,,1,1,"It has a salable area of 1510 sqft and is available at a price of Rs. 3,503 per sqft. It is a semi-furnished property. It is a corner property. It has 3 bathrooms and 2 balconies. Contact us for more details. ",1,northeast,0,1,1,1,1,0,1,1,1,0,1,0,,,,,,,,,,1.0,,,,,,,
Zirakpur GAzipur Road,1000,2690000,INR,,1,1,It is northeast facing property. The property is available on freehold. This residential property is ready-to-move-in. It is well connected to the city areas. Please contact for more details. ,1,northeast,0,1,0,1,1,0,0,0,0,0,0,0,,,,,,,,,,1.0,,,,,,,
Sector 28,2600,38000000,INR,,1,0,,1,northeast,0,3,1,0,0,0,0,0,0,0,0,0,,,,,,,,,,1.0,,,,,,,
sector 5 Mubarikpur road derabassi,1120,2475000,INR,,1,1,"It’s a 2 bhk builder floor situated in sector 5 Mubarikpur road derabassi, Chandigarh. It has a salable area of 1120 sqft and is available at a price of Rs. 2,209 per sqft. The house is semi-furnished. The property is available on freehold. It has 2 bathrooms and 2 balconies. It is a ready-to-move-in property. The time you'll spend here will become the greatest moment of your life that will also help you to relieve, relax & evoke a great sense of happiness. The site is in close proximity to various civic utilities. Please contact for more details. ",1,northeast,0,0,0,1,1,0,0,0,0,0,0,0,,,,,,,,,,1.0,,1.0,1.0,,,,
SEC 115 MOHALI KHARAR LANDRAN ROAD,900,1890000,INR,,1,1,"It’s a 2 bhk builder floor situated in SEC 115 MOHALI KHARAR LANDRAN ROAD, Chandigarh. Furnishings include 2 wardrobe, 1 sofa, 1 wifi, 1 dining table, 2 bed and 1 modular kitchen. It’s on 2nd floor out of 3 floors building. It is northeast facing property. It has 2 bathrooms and 1 balcony. It is situated in the proximity of all the important facilities. If you are interested, please contact us for more details. ",1,northeast,1,0,0,0,0,0,0,0,0,0,0,0,,,,,,,,,,,,,,,,,
Mohali Sec 125,900,2090000,INR,,1,1,"It’s a 2 bhk builder floor situated in Mohali Sec 125. It has an area of 900 sqft with a carpet area of 845 sqft . The property is available at a price of Rs. 20.90 lac (negotiable ). The house is furnished. It is located on the 2nd floor(out of a total of 3 floor(s)). The property provides an excellent view as it overlooks the road. The property is in a complex owned by a co-operative society. It is a ready-to-move-in property. The time you'll spend here will become the greatest moment of your life that will also help you to relieve, relax & evoke a great sense of happiness. Contact us for more details. ",1,northeast,1,0,0,0,0,0,0,0,0,0,0,0,,,,,,,,,,,,,,,,,
Mohali Sec 125,900,2090000,INR,1,1,1,"A spacious 2 bhk builder floor is available for sale in Mohali Sec 125, Chandigarh. It has a built-up area of 900 sqft and is priced at Rs. 20.90 lac (negotiable). It is a furnished property. It has 2 wardrobe, 1 sofa, 1 wifi and 1 dining table. It also has 2 bed and 1 modular kitchen. It is on the 2nd floor of the building (total number of floors are 3). Its main door is facing northeast direction. The property is in a complex owned by a co-operative society. The property has 2 bathrooms and 1 balcony. It is a ready-to-move-in property. It is situated in the proximity of all the important facilities. If you are interested, please contact us for more details. ",1,northeast,1,0,0,0,0,0,0,0,0,0,0,0,,,,,,,,,,,,,,,,,
Mohali Sec 125,900,2090000,INR,,1,1,"This spacious 2 bhk builder floor is available for sale and is located in the heart of Mohali Sec 125. It has a salable area of 900 sqft and is available at a price of Rs. 2,322 per sqft. It is a furnished property. It has 2 wardrobe, 1 sofa, 1 wifi and 1 dining table. It also has 2 bed and 1 modular kitchen. It is on 2nd floor. The building has a total of 3 floor(s). Its main door is facing northeast direction. The property is in a complex owned by a co-operative society. It has 2 bathrooms and 1 balcony. It is a ready-to-move-in property. It is made in way to provide a comfortable living. It is well connected to the city areas. Contact us for more details. ",1,northeast,1,0,0,0,0,0,0,0,0,0,0,0,,,,,,,,,,,,,,,,,
SECTOR 115 MOHALI ON KHARAR LANDRAN ROAD,650,1590000,INR,,1,1,"A spacious 2 bhk builder floor is available for sale in SECTOR 115 MOHALI ON KHARAR LANDRAN ROAD, Chandigarh. The house is furnished. The property is in a complex owned by a co-operative society. The property has 2 bathrooms and 1 balcony. It is a ready-to-move-in property. ",1,northeast,1,0,0,0,0,0,0,0,0,0,0,0,,,,,,,,,,,,,,,,,
Mohali Sector 127,600,1990000,INR,,1,1,"It’s a 1 bhk builder floor situated in Mohali Sector 127. It has an area of 600 sqft with a carpet area of 550 sqft . The property is available at a price of Rs. 19.90 lac (negotiable ). The house is furnished. Furnishings include 1 wardrobe, 1 sofa, 1 wifi, 1 dining table, 1 bed and 1 modular kitchen. It is on the 2nd floor of the building (total number of floors are 3). The property is in a complex owned by a co-operative society. It has 1 bathroom and 1 balcony. It is situated in the proximity of all the important facilities. Please contact us for more details. ",1,northeast,1,0,0,0,0,0,0,0,0,0,0,0,,,,,,,,,,,,,,,,,
Mohali Sector 127,1215,3790000,INR,,1,1,"Well designed 3 bhk builder floor is available at a prime location in Mohali Sector 127. It has a built-up area of 1215 sqft and is priced at Rs. 37.90 lac (negotiable). The house is furnished. Furnishings include 3 wardrobe, 1 sofa, 1 wifi, 1 dining table, 3 bed and 1 modular kitchen. It is on 2nd floor. The building has a total of 3 floor(s). It is a road facing property. The property is in a complex owned by a co-operative society. It has 3 bathrooms and 1 balcony. It is a 6 year old ready-to-move-in property. It is made in way to provide a comfortable living. If you are interested, please contact us for more details. ",1,northeast,1,5,0,0,0,0,0,0,0,0,0,0,,,,,,,,,,,,,,,,,
Mohali Sector 127,630,1790000,INR,,1,1,Well designed 1 bhk builder floor is available at a prime location in Mohali Sector 127. It has a built-up area of 630 sqft and is priced at Rs. 17.90 lac (negotiable). It is a furnished property. It is on 2nd floor. The building has a total of 3 floor(s). It is a corner property. The property has 2 bathrooms and 1 balcony. It is well connected to the city areas. ,1,northeast,1,0,0,0,0,0,0,0,0,0,0,0,,,,,,,,,,,,,,,,,
SEC 115 MOHALI KHARAR LANDRAN ROAD,900,1890000,INR,,1,1,"It has 2 wardrobe, 1 sofa, 1 wifi and 1 dining table. It also has 2 bed and 1 modular kitchen. It is located on the 2nd floor(out of a total of 3 floor(s)). Its main door is facing northeast direction. It has 2 bathrooms and 1 balcony. The time you'll spend here will become the greatest moment of your life that will also help you to relieve, relax & evoke a great sense of happiness. Kindly call us for details. ",1,northeast,1,0,0,0,0,0,0,0,0,0,0,0,,,,,,,,,,,,,,,,,
sector 5 Mubarikpur road derabassi,1120,2475000,INR,,1,1,"It’s a 2 bhk builder floor situated in sector 5 Mubarikpur road derabassi. It has a salable area of 1120 sqft and is available at a price of Rs. 2,209 per sqft. The property is available on freehold. The property has 2 bathrooms and 2 balconies. This residential property is ready-to-move-in. It is made in way to provide a comfortable living for the residents. Contact us for more details. ",1,northeast,0,0,1,1,1,0,0,0,0,0,0,0,,,,,,,,,,1.0,,1.0,1.0,,,,
Dera Bassi,1550,3590000,INR,,1,1,"It’s a 3 bhk builder floor situated in Dera Bassi, Chandigarh. It has a built-up area of 1550 sqft and is priced at Rs. 35.90 lac (negotiable). The house is semi-furnished. It’s on 1st floor out of 3 floors building. One of the major USPs of the property is that it is a road facing property. The property is available on freehold. The property has 3 bathrooms and 2 balconies. This residential property is ready-to-move-in. The time you'll spend here will become the greatest moment of your life that will also help you to relieve, relax & evoke a great sense of happiness. The society is well connected by different modes of transportation. ",1,,0,0,1,0,1,0,1,0,0,0,0,0,7.1,,,,,,,,,1.0,,1.0,1.0,,,,
Dera Bassi,1550,3590000,INR,,1,1,"It’s a 3 bhk builder floor situated in Dera Bassi, Chandigarh. It has an area of 1550 sqft with a carpet area of 1450 sqft . The property is available at a price of Rs. 35.90 lac (negotiable ). It is a semi-furnished property. It is on 1st floor. The building has a total of 3 floor(s). It is a corner property. The property is available on freehold. The property has 3 bathrooms and 2 balconies. This residential property is ready-to-move-in. The time you'll spend here will become the greatest moment of your life that will also help you to relieve, relax & evoke a great sense of happiness. It is well connected to the city areas. Please contact for more details. ",1,northeast,0,0,1,0,1,0,0,0,0,0,0,0,7.1,,,,,,,,,1.0,,1.0,1.0,,,,
Sector 67,1800,9500000,INR,,0,0,"It has an area of 1800 sqft with a carpet area of 1345 sqft . The property is available at a price of Rs. 95.00 lac . It is a 6 year old ready-to-move-in property. It is made in way to provide a comfortable living for the residents. It is situated in the proximity of all the important facilities. If you are interested, please contact us for more details. ",1,,0,6,0,0,0,0,0,0,0,0,0,0,,,,,,,,,,,,,,,,,
Sector 67,1800,9500000,INR,,0,0,"A 3 bhk property is available for sale in Sector 67, Chandigarh. It has a built-up area of 1800 sqft and is priced at Rs. 95.00 lac . It is a semi-furnished property. It is a 6 year old ready-to-move-in property. It is made in way to provide a comfortable living for the residents. If you are interested, please contact us for more details. ",1,,0,6,0,0,0,0,0,0,0,0,0,0,,,,,,,,,,,,,,,,,
Mohali Sector 127,810,3890000,INR,,1,1,"3 BHK Kothi in 90 GAZ, Price 38.90 Lacs Onwards, ready to move in in, MAIN ROAD PROJECT, SECTOR 127 MOHALI, Chandigarh .
21000 booking amount
10% down Payment
90% loan available

call for more details",1,northeast,0,0,0,0,0,0,0,0,0,0,0,0,,,,,,,,,,,,,,,,,
Mohali Sector 127,540,1690000,INR,,1,1,"A 1 bhk property is available for sale in Mohali Sector 127, Chandigarh. It has an area of 540 sqft with a carpet area of 500 sqft . The property is available at a price of Rs. 16.90 lac (negotiable ). The house is semi-furnished. It is located on the 2nd floor(out of a total of 3 floor(s)). One of the major USPs of the property is that it is a road facing property. The property is available on freehold. It has 1 bathroom and 2 balconies. It is a ready-to-move-in property. It is made in way to provide a comfortable living for the residents. It is well connected to the city areas. Kindly call us for details. ",1,northeast,0,0,0,0,0,0,0,0,0,0,0,0,,,,,,,,,,,,,,,,,
DLF Mullanpur,2250,9390000,INR,,1,1,"It’s a 3 bhk builder floor situated in DLF Mullanpur, Chandigarh. It has an area of 2250 sqft with a carpet area of 1450 sqft . The property is available at a price of Rs. 93.90 lac (negotiable ). It is east facing property. The property is available on freehold. This residential complex is under-construction as of now. The expected completion date is 31/03/2023. ",1,east,1,0,0,0,0,0,0,0,0,0,0,0,,,,,,,,,,,,,,,,,
DLF Mullanpur,2250,7990000,INR,,1,1,Well designed 3 bhk builder floor is available at a prime location in DLF Mullanpur. It has an area of 2250 sqft with a carpet area of 1450 sqft . The property is available at a price of Rs. 79.90 lac (negotiable ). The house is semi-furnished. It’s on 3rd floor out of 4 floors building. The property is available on freehold. The property has 3 bathrooms and 2 balconies. It is made in way to provide a comfortable living for the residents. The society is well connected by different modes of transportation. ,1,east,0,0,0,0,0,0,0,0,0,0,0,0,,,,,,,,,,,,,,,,,
Mohali Sector 127,540,1590000,INR,,1,1,"A spacious 1 bhk builder floor is available for sale in Mohali Sector 127, Chandigarh. It has a salable area of 540 sqft and is available at a price of Rs. 2,944 per sqft. The house is furnished. It is a garden facing property. The property is available on freehold. The property has 1 bathroom and 2 balconies. It is a ready-to-move-in property. It is made in way to provide a comfortable living. It is well connected to the city areas. Contact us for more details. ",1,northeast,1,0,0,0,0,0,0,0,0,0,0,0,,,,,,,,,,,,,,,,,
Sec 124 Sunny Enclave,900,2690000,INR,,1,1,It is a semi-furnished property. The property is available on freehold. The property has 2 bathrooms and 2 balconies. It is made in way to provide a comfortable living. The society is well connected by different modes of transportation. Contact us for more details. ,1,northeast,0,0,0,0,0,0,0,0,0,0,0,0,,,,,,,,,,,,,,,,,
Mohali Sector 127,910,2790000,INR,,1,1,"2 BHK FLAT IN SECTOR 127

Features and Amenities:-

# Fall ceiling

# LED Lights

# Chimney

# Modular Kitchen

# Cub Board

# LED Panel

# Prime location

# Sofa

# Wardrobes laminated wooden

# False ceiling with profile lights

# Market complex

# Allotted car Parking

#10% Down Payment

#90% Loan facility Available For All Leading Banks

CALL FOR MORE DETAIL",1,northeast,0,0,0,0,0,0,0,0,0,0,0,0,,,,,,,,,,,,,,,,,
SEC 116 MOHALI KHARAR LANDRAN ROAD,920,4490000,INR,,0,1,"Well designed 2 bhk builder floor is available at a prime location in SEC 116 MOHALI KHARAR LANDRAN ROAD. It has an area of 920 sqft with a carpet area of 870 sqft . The property is available at a price of Rs. 44.90 lac (negotiable ). It is a furnished property. Furnishings include 2 wardrobe, 1 tv, 1 refrigerator, 1 sofa, 1 dining table, 1 ac, 2 bed and 1 modular kitchen. It is on the 1st floor of the building (total number of floors are 3). It is northeast facing property. It has 2 bathrooms and 2 balconies. It is made in way to provide a comfortable living for the residents. It is situated in the proximity of all the important facilities. Kindly call us for details. ",1,northeast,1,0,0,0,0,0,0,0,0,0,0,0,,,,,,,,,,,,,,,,,
DLF Mullanpur,2250,9390000,INR,,1,1,"Well designed 3 bhk builder floor is available at a prime location in DLF Mullanpur. It has a salable area of 2250 sqft and is available at a price of Rs. 4,173 per sqft. It is a furnished property. It is located on the 3rd floor(out of a total of 4 floor(s)). Its main door is facing east direction. It is made in way to provide a comfortable living. It is well connected to the city areas. ",1,east,1,0,1,1,1,1,1,1,1,1,1,1,,,,,1.0,1.0,1.0,,1.0,1.0,1.0,1.0,,1.0,1.0,1.0,1.0
Patiala Road Zirakpur,540,1700000,INR,,1,1,It’s a 1 bhk builder floor situated in Patiala Road Zirakpur. It has an area of 540 sqft with a carpet area of 405 sqft . The property is available at a price of Rs. 17.00 lac (negotiable ). It is a garden facing property. The property has 1 bathroom and 1 balcony. It is a ready-to-move-in property. It is made in way to provide a comfortable living for the residents. Please contact us for more details. ,1,,1,1,0,0,1,1,0,0,0,0,1,1,,,,,,1.0,,,,1.0,,1.0,1.0,1.0,1.0,1.0,
Zirakpur punjab,1710,6099570,INR,,1,1,It is a semi-furnished property. It is on the 4th floor of the building (total number of floors are 4). It is facing northeast direction. The property has 3 bathrooms and 3 balconies. It is a ready-to-move-in property. It is situated in the proximity of all the important facilities.,1,northeast,0,1,1,1,1,1,1,1,1,1,1,0,,,,1.0,1.0,1.0,1.0,,1.0,1.0,1.0,1.0,1.0,1.0,,1.0,
New Chandigarh Mullanpur,1596,5900000,INR,1,1,1,"Omaxe New Chandigarh -A DAZZLING Idea
Spread over a vast 1000 acre area, this project is truly the epicentre of the entire New Chandigarh region. Comprising of both lavish residential spaces and sleek commercial centres, it has all that is needed for a complete urban life. From hotels to health services, from education to entertainment zones, Omaxe New Chandigarh has got it all.



And the best part is, Omaxe New Chandigarh does not belong to the future tense. There are 4500 families who are already inhabiting this futuristic township, with people moving-in even from Chandigarh and adjoining areas in search of better living. And with new projects being planned regularly in this ever-evolving city, there are many more people who’ll make New Chandigarh their home. This is just the beginning.",1,northeast,0,1,0,0,0,0,0,0,0,0,0,0,,,,,,1.0,,,,,1.0,1.0,,,,,
New Chandigarh Mullanpur,1285,4500000,INR,0,1,1,"A 3 bhk property is available for sale in New Chandigarh Mullanpur, Chandigarh. It is on the 5th floor of the building (total number of floors are 19). It is northeast facing property. The property is available on freehold. It has 3 bathrooms and 3 balconies. It is an under-construction property and is expected to get completed by 09/11/2023. It is well connected to the city areas. Kindly call us for details. ",1,northeast,0,0,1,1,1,1,1,1,1,1,1,0,,,,1.0,1.0,1.0,1.0,1.0,1.0,1.0,1.0,1.0,1.0,,1.0,1.0,
New Chandigarh Mullanpur,1596,6200000,INR,,1,1,"Celestia Royal Premier is a residential project in New Chandigarh by Omaxe—the most trusted brand in real estate. The project offers reasonably priced 3 BHK ...
TOP REASONS TO BUY THE PROPERTY
Properties from Omaxe have it all, whether you want a home or return on investment

 Open Gym for kids Independent Floors Natural Greens Swimming Pool Fully Equipped Gym & Spa children's Play Area Power Backup Water Supply Vitrified Tiles Car Parking Prime Location Garden Yoga Skating Ground CCTV Access Club Facilities Security Basket Ball & Tennis Court
 Tennis Court 24 Hr Security RO Water System Parking Lift Large Open Spaces Jogging Healthclub & Jacuzzi Fire Fighting Earthquake Resistance Badminton",1,northeast,0,0,1,1,1,1,1,1,1,1,1,0,,,,1.0,1.0,1.0,1.0,1.0,1.0,1.0,1.0,1.0,1.0,1.0,1.0,1.0,
Mullanpur Garibdass,2250,7100000,INR,,1,1,"A 3 bhk property is available for sale in Mullanpur Garibdass, Chandigarh. The house is semi-furnished. The property provides an excellent view as it overlooks the garden. The property is available on freehold. The property has 3 bathrooms and 3 balconies. This residential complex is under-construction as of now. The expected completion date is 05/11/2021. The society is well connected by different modes of transportation. ",1,northeast,0,0,1,1,1,1,1,1,1,1,1,0,,,,1.0,1.0,1.0,1.0,1.0,1.0,1.0,1.0,1.0,1.0,1.0,1.0,1.0,
Mullanpur New Chandigarh,1596,6900000,INR,,1,1,"A spacious 3 bhk builder floor is available for sale in Mullanpur New Chandigarh, Chandigarh. It has a built-up area of 1596 sqft and is priced at Rs. 69.00 lac (negotiable). The house is unfurnished. It’s on 2nd floor out of 4 floors building. The property has 3 bathrooms and 3 balconies. This residential complex is under-construction as of now. The expected completion date is 04/11/2022. The time you'll spend here will become the greatest moment of your life that will also help you to relieve, relax & evoke a great sense of happiness. It is well connected to the city areas. Please contact us for more details. ",1,northeast,0,0,1,1,1,1,1,1,1,1,1,0,,,,1.0,1.0,1.0,1.0,1.0,1.0,1.0,1.0,,1.0,1.0,1.0,1.0,
Ambala Highway,1710,6900000,INR,1,1,1,It has an area of 1710 sqft . The property is available at a price of Rs. 69.00 lac (negotiable ). It is a semi-furnished property. It is on the 1st floor of the building (total number of floors are 3). It is northeast facing property. The property is available on freehold. It has 3 bathrooms and 3 balconies. This residential property is ready-to-move-in. It is made in way to provide a comfortable living. It is well connected to the city areas. Please contact us for more details. ,1,northeast,0,1,1,1,1,0,0,1,1,0,0,1,,,,,,,,,,,,,,,,,
Mohali Sector 127,1125,2590000,INR,,1,0,,1,east,1,5,0,1,1,0,0,0,0,0,0,0,,,,,,,,,,1.0,,,,,,,
Sector 88 Mohali,1485,8500000,INR,,1,1,"A 3 bhk property is available for sale in Sector 88 Mohali, Chandigarh. It has an area of 1485 sqft with a carpet area of 1285 sqft . The property is available at a price of Rs. 85.00 lac (negotiable ). It is on the 20th floor of the building (total number of floors are 20). The property has 3 bathrooms and 2 balconies. It is an under-construction property . The time you'll spend here will become the greatest moment of your life that will also help you to relieve, relax & evoke a great sense of happiness. It is situated in the proximity of all the important facilities. Kindly call us for details. ",1,east,0,0,1,1,1,1,1,1,1,1,1,1,,,,1.0,1.0,1.0,1.0,1.0,1.0,1.0,1.0,1.0,1.0,1.0,1.0,1.0,1.0
Mohali Sec 125,1650,4000000,INR,,0,0,"Baba Ji Property Solutions.
3bhk flat for sale in Amazon Towers, Sector 125 in Sunny Enclave.
1st floor flat with complete wood work in all bedrooms and kitchen also
All flats are 2 side open in a Gated Society.
Society is connected two side to main NH-21
Connectivity with Gopal sweets (New sunny Road) and Desu Majra Road
Park and daily need goods available near the society.
School, Temple, Market are very near the gate of the society
* School Site
* Site for Dispensary
* Commercial Complex
* Group Housing Apartments
* Green Parks
* Uninterrupted water supply
* Sewerage and Drainage system",1,,0,6,0,0,0,0,0,0,0,0,0,0,,,,,,,,,,,,,,,,,
Sunny Enclave,1650,4500000,INR,,0,0,"Baba Ji Property Solutions.
3bhk flat for sale in Amazon Towers, Sector 125 in Sunny Enclave.
1st floor flat with complete wood work in all bedrooms and kitchen also
All flats are 2 side open in a Gated Society.
Its a Sun facing flat.
Society is connected two side to main NH-21
Connectivity with Gopal sweets (New sunny Road) and Desu Majra Road
Park and daily need goods available near the society.
School, Temple, Market are very near the gate of the society
* School Site
* Site for Dispensary
* Commercial Complex
* Group Housing Apartments
* Green Parks
* Uninterrupted water supply
* Sewerage and Drainage system",1,,0,6,0,0,0,0,0,0,0,0,0,0,,,,,,,,,,,,,,,,,
SEC 115 MOHALI KHARAR LANDRAN ROAD,1230,3240000,INR,,1,1,"This spacious 2 bhk builder floor is available for sale and is located in the heart of SEC 115 MOHALI KHARAR LANDRAN ROAD. The house is semi-furnished. It is a corner property. The property is available on freehold. The property has 2 bathrooms and 2 balconies. The time you'll spend here will become the greatest moment of your life that will also help you to relieve, relax & evoke a great sense of happiness. Please contact for more details. ",1,northeast,0,0,1,1,1,1,1,1,1,1,1,1,,,,,1.0,,,1.0,,1.0,,,,,,1.0,1.0
Mohali Sector 127,540,1890000,INR,,1,1,"A 1 bhk property is available for sale in Mohali Sector 127, Chandigarh. It has a built-up area of 540 sqft and is priced at Rs. 18.90 lac (negotiable). It is a semi-furnished property. It is on the 2nd floor of the building (total number of floors are 3). It is northeast facing property. The property is available on freehold. It has 1 bathroom and 2 balconies. It is made in way to provide a comfortable living. The society is well connected by different modes of transportation. Contact us for more details. ",1,northeast,0,0,0,0,0,0,0,0,0,0,0,0,,,,,,,,,,,,,,,,,
SEC 115 MOHALI KHARAR LANDRAN ROAD,970,2490000,INR,,1,1,"HURRY UP!!!
2 BHK LUXURY FLAT FOR SALE IN VERY PRIME LOCATION IN JUST 24.90LACS IN SECTOR 115 Mohali Chandigarh

BOTH SIDE OPEN FLAT

SUPER SPACIOUS ROOM

MODULAR KITCHEN

RO

CHIMNEY 

FULLY FURNISHED

WARDROBE IN BEDROOM

 PARKING SPACE AVAILABLE 

FALSE CEILING WITH LED LIGHTS

24×7 SECURITY AND WATER SUPPLY

CALL FOR MORE DETAILS",1,northeast,1,0,0,0,0,0,0,0,0,0,0,0,,,,,,,,,,,,,,,,,
Mohali Sec 124,900,2690000,INR,,1,1,"HURRY UP!!!
2 BHK LUXURY FLAT FOR SALE IN VERY PRIME LOCATION IN JUST 26.90LACS IN SECTOR 124 Mohali Chandigarh

BOTH SIDE OPEN FLAT

SUPER SPACIOUS ROOM

MODULAR KITCHEN

RO

CHIMNEY 

FULLY FURNISHED

WARDROBE IN BEDROOM

 PARKING SPACE AVAILABLE 

FALSE CEILING WITH LED LIGHTS

24×7 SECURITY AND WATER SUPPLY",1,northeast,1,0,0,0,0,0,0,0,0,0,0,0,,,,,,,,,,,,,,,,,
Mohali Sector 127,540,1590000,INR,,1,1,"It has a built-up area of 540 sqft and is priced at Rs. 15.90 lac (negotiable). The property is available on freehold. This residential property is ready-to-move-in. The society is well connected by different modes of transportation. If you are interested, please contact us for more details. ",1,northeast,1,0,0,0,0,0,0,0,0,0,0,0,,,,,,,,,,,,,,,,,
Mohali Sector 127,930,2790000,INR,,1,1,"Few units Left
 Special Offer & Gifts
Modular Kitchen
 Double Bed with Box
 RO Water Purifier
 Chimney
 Branded Bath Fitting
 Cup Board
 Fall ceiling with Led lights
 Wallpaper according to your choice
 Car Parking
 AC Provision
Book your dream home at good location in reasonable price",1,east,1,0,0,0,0,0,0,0,0,0,0,0,,,,,,,,,,,,,,,,,
Mohali Sector 127,910,2790000,INR,,1,1,"#Special Offer & Gifts

#Modular Kitchen

# Double Bed with Box

# RO Water Purifier

# Chimney

# Branded Bath Fitting

# Cup Board

# Fall ceiling with Led 
lights

# Wallpaper according to your choice

# Car Parking

# AC Provision

Book your dream home with 21000 only

Pay 10%
Rest 90% Loan available

Call For further information",1,east,0,0,0,0,0,0,0,0,0,0,0,0,,,,,,,,,,,,,,,,,
SEC 115 MOHALI KHARAR LANDRAN ROAD,990,2850000,INR,,1,1,"Few units Left

#Special Offer & Gifts

#Modular Kitchen

# Double Bed with Box

# RO Water Purifier

# Chimney

# Branded Bath Fitting

# Cup Board

# Fall ceiling with Led 
lights

# Wallpaper according to your choice

# Car Parking

# AC Provision

Book your dream home with 21000 only

Pay 10%
Rest 90% Loan available

Call For further information",1,northeast,0,0,0,0,0,0,0,0,0,0,0,0,,,,,,,,,,,,,,,,,
Mohali Sector 127,1620,3990000,INR,,1,1,"It’s a 3 bhk builder floor situated in Mohali Sector 127. It has a salable area of 1620 sqft and is available at a price of Rs. 2,462 per sqft. The house is semi-furnished. The property is available on freehold. It has 3 bathrooms and 2 balconies. This residential property is ready-to-move-in. Please contact us for more details. ",1,northeast,0,0,0,0,0,0,0,0,0,0,0,0,,,,,,,,,,,,,,,,,
Mohali Sec 70,2150,6400000,INR,,1,1,This spacious 3 bhk builder floor is available for sale and is located in the heart of Mohali Sec 70. It has an area of 2150 sqft with a carpet area of 1850 sqft . The property is available at a price of Rs. 64.00 lac (negotiable ). The house is semi-furnished. It is located on the 3rd floor(out of a total of 4 floor(s)). Its main door is facing east direction. The property is available on freehold. It has 3 bathrooms and 2 balconies. It is a ready-to-move-in property. It is made in way to provide a comfortable living for the residents. It is situated in the proximity of all the important facilities. Please contact us for more details. ,1,east,0,1,1,1,1,1,1,1,1,1,1,1,,,,1.0,1.0,1.0,1.0,1.0,1.0,1.0,1.0,1.0,1.0,1.0,1.0,1.0,1.0
Mohali Sec 90,2100,6400000,INR,,1,1,"A spacious 3 bhk builder floor is available for sale in Mohali Sec 90, Chandigarh. It is a semi-furnished property. The property provides an excellent view as it overlooks the road. The property is available on freehold. It is a ready-to-move-in property. ",1,east,0,1,1,1,1,1,1,1,1,1,1,1,,,,1.0,1.0,1.0,1.0,1.0,1.0,1.0,1.0,1.0,1.0,1.0,1.0,1.0,1.0
Mohali Sec 71,2100,6400000,INR,,1,1,"It has a salable area of 2100 sqft and is available at a price of Rs. 3,047 per sqft. It is a semi-furnished property. It is on 3rd floor. The building has a total of 4 floor(s). The property is available on freehold. It has 3 bathrooms and 2 balconies. This residential property is ready-to-move-in. It is well connected to the city areas. If you are interested, please contact us for more details. ",1,east,0,1,1,1,1,1,1,1,1,1,1,1,,,,1.0,1.0,1.0,1.0,1.0,1.0,1.0,1.0,1.0,1.0,1.0,1.0,1.0,1.0
Sector 71,2100,6400000,INR,,1,1,It’s a 3 bhk builder floor situated in Sector 71. It has an area of 2100 sqft with a carpet area of 1750 sqft . The property is available at a price of Rs. 64.00 lac (negotiable ). It is a semi-furnished property. It is located on the 3rd floor(out of a total of 4 floor(s)). It is a pool facing property. The property is available on freehold. It has 3 bathrooms and 2 balconies. It is a ready-to-move-in property. The site is in close proximity to various civic utilities. ,1,east,0,1,1,1,1,1,1,1,1,1,1,1,,,,1.0,1.0,1.0,1.0,1.0,1.0,1.0,1.0,1.0,1.0,1.0,1.0,1.0,1.0
DLF Mullanpur,2250,8590000,INR,,1,1,This spacious 3 bhk builder floor is available for sale and is located in the heart of DLF Mullanpur. The house is semi-furnished. It is on the 1st floor of the building (total number of floors are 4). It is a road facing property. The property is available on freehold. It has 3 bathrooms and 2 balconies. This residential complex is under-construction as of now. The expected completion date is 31/03/2023. It is made in way to provide a comfortable living for the residents. It is well connected to the city areas. Please contact us for more details. ,1,east,0,0,0,0,0,0,0,0,0,0,0,0,,,,,,,,,,,,,,,,,
New Chandigarh Mullanpur,1800,4450000,INR,,1,1,,1,northeast,0,0,1,1,1,0,0,1,1,0,0,0,,,,,,,,,,1.0,,,,,,,
Zirakpur GAzipur Road,1000,2690000,INR,,1,1,"The house is semi-furnished. It is northwest facing property. The property is available on freehold. It is made in way to provide a comfortable living for the residents. It is situated in the proximity of all the important facilities. If you are interested, please contact us for more details. ",1,northwest,0,1,0,1,1,0,0,0,0,0,1,0,,,,,1.0,,,,,1.0,,,,,,,
DLF Mullanpur,2250,9390000,INR,,1,1,"A 3 bhk property is available for sale in DLF Mullanpur, Chandigarh. The property is available on freehold. It has 3 bathrooms and 2 balconies. It is made in way to provide a comfortable living for the residents. It is well connected to the city areas. ",1,east,1,0,0,0,0,0,0,0,0,0,0,0,,,,,,,,,,,,,,,,,
Mohali Sec 118,1625,6700000,INR,,1,1,It’s a 3 bhk builder floor situated in Mohali Sec 118. It has an area of 1625 sqft with a carpet area of 1425 sqft . The property is available at a price of Rs. 67.00 lac (negotiable ). The house is semi-furnished. The property provides an excellent view as it overlooks the road. The property is available on freehold. It is made in way to provide a comfortable living for the residents. Contact us for more details. ,1,east,0,1,1,1,1,1,1,1,1,1,1,1,,,,1.0,1.0,1.0,1.0,1.0,1.0,1.0,1.0,1.0,1.0,1.0,1.0,1.0,1.0
SEC 115 MOHALI KHARAR LANDRAN ROAD,2565,4500000,INR,,0,1,"A spacious 3 bhk builder floor is available for sale in SEC 115 MOHALI KHARAR LANDRAN ROAD, Chandigarh. It has an area of 2565 sqft with a carpet area of 1605 sqft . The property is available at a price of Rs. 45.00 lac (negotiable ). It is a semi-furnished property. It is located on the 2nd floor(out of a total of 2 floor(s)). Its main door is facing north direction. The property has 3 bathrooms and 3 balconies. This residential property is ready-to-move-in. The time you'll spend here will become the greatest moment of your life that will also help you to relieve, relax & evoke a great sense of happiness. The site is in close proximity to various civic utilities. Please contact for more details. ",1,north,0,8,0,0,0,0,0,0,0,0,0,0,,,,,,,,,,,,,,,,,
Dhakoli,1730,8200000,INR,,1,1,"It’s a 3 bhk builder floor situated in Dhakoli. It has a salable area of 1730 sqft and is available at a price of Rs. 4,739 per sqft. The house is semi-furnished. It is on the 2nd floor of the building (total number of floors are 10). It is facing northeast direction. The property has 3 bathrooms and 5 balconies. The time you'll spend here will become the greatest moment of your life that will also help you to relieve, relax & evoke a great sense of happiness. Kindly call us for details. ",1,northeast,0,0,0,0,0,0,0,0,0,0,0,0,,,,,,,,,,,,,,,,,
SEC 116 MOHALI KHARAR LANDRAN ROAD,920,4490000,INR,,0,1,"It is a furnished property. Furnishings include 2 wardrobe, 1 refrigerator, 1 sofa, 1 dining table, 1 gas connection, 2 bed and 1 modular kitchen. It’s on ground floor out of 3 floors building. It is northeast facing property. It is situated in the proximity of all the important facilities. ",1,northeast,1,0,0,0,0,0,0,0,0,0,0,0,,,,,,,,,,,,,,,,,
Mohali Sector 127,560,1690000,INR,,1,1,"NEGOTIABLE PRICE

# Double Bed with Box

# Fall ceiling

# LED Lights

# RO Water Purifier

# Chimney

# Modular Kitchen

# Wallpaper

# Cub Board

# ceiling Fan

# Geyser

# LED Panel

# AC Provision

# Gated society

# Prime location 

#24 Hours water supply

21000\ Booking amount

10% Down payment

90% LOAN Available from all leading Banks 


Call for visit",1,northeast,1,0,0,0,0,0,0,0,0,0,0,0,,,,,,,,,,,,,,,,,
SEC 116 MOHALI KHARAR LANDRAN ROAD,920,4490000,INR,,1,1,"NEGOTIABLE PRICE

# Double Bed with Box

# Fall ceiling

# LED Lights

# RO Water Purifier

# Chimney

# Modular Kitchen

# Wallpaper

# Cub Board

# ceiling Fan

# Geyser

# LED Panel

# AC Provision

# Gated society

# Prime location 

#24 Hours water supply

21000\ Booking amount

10% Down payment

90% LOAN Available from all leading Banks 

Call for visit",1,northeast,1,0,0,0,0,0,0,0,0,0,0,0,,,,,,,,,,,,,,,,,
Mohali Sector 127,1055,3490000,INR,,1,1,It has an area of 1055 sqft with a carpet area of 1000 sqft . The property is available at a price of Rs. 34.90 lac (negotiable ). It is a furnished property. It has 2 bathrooms and 2 balconies. This residential property is ready-to-move-in. It is made in way to provide a comfortable living for the residents. Contact us for more details. ,1,northeast,1,0,0,0,0,0,0,0,0,0,0,0,,,,,,,,,,,,,,,,,
Mohali Sec 124,1000,2890000,INR,,1,1,This spacious 2 bhk builder floor is available for sale and is located in the heart of Mohali Sec 124. The house is furnished. The property is available on freehold. It has 2 bathrooms and 2 balconies. It is made in way to provide a comfortable living. It is well connected to the city areas. Please contact for more details. ,1,northeast,1,0,0,0,0,0,0,0,0,0,0,0,,,,,,,,,,,,,,,,,
Vip Road Zirakpur,1650,4890000,INR,,1,1,It has a built-up area of 1650 sqft and is priced at Rs. 48.90 lac (negotiable). It is a semi-furnished property. It is located on the 1st floor(out of a total of 3 floor(s)). The property provides an excellent view as it overlooks the road. The property is available on freehold. The property has 3 bathrooms and 2 balconies. This residential property is ready-to-move-in. It is made in way to provide a comfortable living. Kindly call us for details. ,1,northeast,0,1,1,1,1,0,1,1,1,0,1,0,,,,,,,,,,1.0,,,,,,,
Mohali Sector 127,560,1590000,INR,,1,1,"Few units Left**

? Double Bed with Box
? Fall ceiling with LED Lights
? RO Water Purifier
? Chimney
? Modular Kitchen
? Cub Board
? ceiling Fan
? Geyser
? LED Panel
? AC Provision
? All Actual Flat Photograph

#Call for more details#",1,northeast,1,0,0,0,0,0,0,0,0,0,0,0,,,,,,,,,,,,,,,,,
Mohali Sector 127,930,2690000,INR,,1,1,"It’s a 2 bhk builder floor situated in Mohali Sector 127. It has a salable area of 930 sqft and is available at a price of Rs. 2,892 per sqft. It is a semi-furnished property. It is on 2nd floor. The building has a total of 3 floor(s). It is northeast facing property. The property has 2 bathrooms and 2 balconies. It is a ready-to-move-in property. It is made in way to provide a comfortable living for the residents. The society is well connected by different modes of transportation. ",1,northeast,0,0,0,0,0,0,0,0,0,0,0,0,,,,,,,,,,,,,,,,,
TDI city,625,1650000,INR,,0,0,"It has a built-up area of 625 sqft and is priced at Rs. 16.50 lac . The house is semi-furnished. It is located on the 2nd floor(out of a total of 3 floor(s)). The property has 1 bathroom and 2 balconies. It is a 3 year old ready-to-move-in property. The time you'll spend here will become the greatest moment of your life that will also help you to relieve, relax & evoke a great sense of happiness. ",1,,0,3,0,0,0,0,0,0,0,0,0,0,,,,,,,,,,,,,,,,,
Mohali Sector 127,880,2590000,INR,,1,1,"2 BHK FLAT FOR SALE IN SECTOR 127

FULLY FURNISHED OFFER WITH
MODULAR KITCHEN
RO
CHIMNEY
GYSER
WALLPAPPER
DOUBLE BEDS
CIEILNG FANS
LED LIGHT 
LED PANEL
10% DOWN PAYMENT
90% LOAN available 
21000/ BOOKING AMOUNT
# CALL FOR MORE DETAILS#",1,north,1,0,0,0,0,0,0,0,0,0,0,0,,,,,,,,,,,,,,,,,
sector 123,1040,3690000,INR,,1,1,"2 BHK FLAT NEAR 200 FEET ROAD

Easy EMI
90% LOAN 
10% Down payment 
21000/ Booking amount

 * AC fitting

* Modular Kitchen 

* Falls ceiling with LED Light

* Free Car Parking

* Wardrobes With Dressing Table

 * Branded Bath Fitting

 * 40 feet road

 * 24 Hour Water Supply

 * Under-ground Electercity Wires

 * CCTV facility in society 

*CALL FOR MORE DETAILS",1,northeast,0,0,0,0,0,0,0,0,0,0,0,0,,,,,,,,,,,,,,,,,
Sec 124 Sunny Enclave,900,2690000,INR,,1,1,"2 BHK FLAT FOR SALE

Easy EMI
90% LOAN 
10% Down payment 
21000/ Booking amount

 * AC fitting

* Modular Kitchen 

* Falls ceiling with LED Light

* Free Car Parking

* Wardrobes With Dressing Table

 * Branded Bath Fitting

 * 40 feet road

 * 24 Hour Water Supply

 * Under-ground Electercity Wires

 * CCTV facility in society 

*CALL FOR MORE DETAILS",1,northeast,0,0,0,0,0,0,0,0,0,0,0,0,,,,,,,,,,,,,,,,,
Chandigarh,2075,15400000,INR,,1,1,It is on 6th floor. The building has a total of 11 floor(s). It is facing east direction. The property has 3 bathrooms and 3 balconies. This residential property is ready-to-move-in. The society is well connected by different modes of transportation. Please contact for more details. ,1,east,0,0,0,0,0,0,0,0,0,0,0,0,,,,,,,,,,,,,,,,,
Chandigarh,2075,15500000,INR,,1,1,"It’s a 3 bhk builder floor situated in Chandigarh, Chandigarh. It has a built-up area of 2075 sqft and is priced at Rs. 1.55 cr (negotiable). It is a semi-furnished property. It is located on the 4th floor(out of a total of 11 floor(s)). The property provides an excellent view as it overlooks the road. The property is available on freehold. It has 3 bathrooms and 3 balconies. It is a ready-to-move-in property. The time you'll spend here will become the greatest moment of your life that will also help you to relieve, relax & evoke a great sense of happiness. It is well connected to the city areas. Kindly call us for details. ",1,east,0,0,0,0,0,0,0,0,0,0,0,0,,,,,,,,,,,,,,,,,
Chandigarh,3200,23700000,INR,,1,1,It has an area of 3200 sqft with a carpet area of 2000 sqft . The property is available at a price of Rs. 2.37 cr (negotiable ). It is a semi-furnished property. Its main door is facing southeast direction. The property is available on freehold. It is made in way to provide a comfortable living for the residents. Please contact for more details. ,1,southeast,0,0,0,0,0,0,0,0,0,0,0,0,,,,,,,,,,,,,,,,,
Dera Bassi,1200,2094000,INR,,1,1,"It’s a 2 bhk builder floor situated in Buildcon Vasant Vihar, Dera Bassi. The house is semi-furnished. It is on the 1st floor of the building (total number of floors are 3). The property is available on freehold. It has 2 bathrooms and 2 balconies. It is made in way to provide a comfortable living for the residents. Please contact for more details. ",1,northeast,0,1,0,1,1,0,1,1,1,0,0,0,7.1,,123.0,,,,,,,1.0,,,,,,,
Aerocity Road,1410,5290000,INR,,1,1,"A 3 bhk property is available for sale in Aerocity Road, Chandigarh. It has an area of 1410 sqft with a carpet area of 1320 sqft . The property is available at a price of Rs. 52.90 lac (negotiable ). It is a semi-furnished property. It’s on 1st floor out of 3 floors building. It is facing northeast direction. The property is available on freehold. The property has 3 bathrooms and 2 balconies. This residential property is ready-to-move-in. The time you'll spend here will become the greatest moment of your life that will also help you to relieve, relax & evoke a great sense of happiness. It is well connected to the city areas. Contact us for more details. ",1,northeast,0,1,1,1,1,1,1,1,1,0,1,1,,,,,1.0,,,,,1.0,,,,,,,
Zirakpur GAzipur Road,1100,2690000,INR,,1,1,"It’s a 2 bhk builder floor situated in Zirakpur GAzipur Road, Chandigarh. It has a salable area of 1100 sqft and is available at a price of Rs. 2,445 per sqft. It is a semi-furnished property. It is northeast facing property. The property has 2 bathrooms and 2 balconies. It is made in way to provide a comfortable living for the residents. Kindly call us for details. ",1,northeast,0,1,0,1,1,0,0,0,0,0,0,1,,,,,,,,,,1.0,,,,,,,
Mohali Sector 127,900,2590000,INR,,1,1,Well designed 2 bhk builder floor is available at a prime location in Mohali Sector 127. The house is semi-furnished. Its main door is facing northeast direction. The property is available on freehold. The property has 2 bathrooms and 2 balconies. It is a ready-to-move-in property. It is made in way to provide a comfortable living for the residents. The society is well connected by different modes of transportation. Kindly call us for details. ,1,northeast,0,0,0,0,1,1,0,1,0,0,1,0,,,,,1.0,1.0,1.0,,,1.0,1.0,1.0,1.0,,1.0,1.0,
Kharar Mohali,800,3300000,INR,,1,1,"A 3 bhk property is available for sale in Kharar Mohali, Chandigarh. It is a semi-furnished property. It is on 2nd floor. The building has a total of 2 floor(s). One of the major USPs of the property is that it is a garden facing property. The property is available on freehold. The property has 3 bathrooms and 2 balconies. This residential property is ready-to-move-in. The time you'll spend here will become the greatest moment of your life that will also help you to relieve, relax & evoke a great sense of happiness. It is situated in the proximity of all the important facilities. Please contact for more details. ",1,,0,0,0,0,0,0,0,0,0,0,0,0,,,,,,,,,,,,,,,,,
Mohali Sector 127,850,4190000,INR,,1,1,"Well designed 3 bhk builder floor is available at a prime location in Mohali Sector 127. It has a salable area of 850 sqft and is available at a price of Rs. 4,929 per sqft. The house is semi-furnished. One of the major USPs of the property is that it is a garden facing property. The property is available on freehold. It is made in way to provide a comfortable living. Please contact for more details. ",1,northeast,0,0,0,0,0,0,0,0,0,0,0,0,,,,,,,,,,,,,,,,,
sector 123,927,2790000,INR,,1,1,2bhk ready to moov in semi furnished flat available in gated society highway location near airport road good approach from 200feet highway for more information call and text me,1,east,0,0,0,0,1,0,0,0,0,0,0,0,,,,,,,,,,1.0,,,,,,,
Kharar Mohali,930,2690000,INR,,1,1,"# 2 BHK RAEDY TO MOVE flat FOR SALE IN GOOD LOCATION FOR SALE#

#21000/BOOKING AMOUNT

# 10% DOWN PAYMENT 

#90% LOAN FACILITY AVAILABLE FOR ALL LEADING BANKS

#CALL FOR MORE DETAILS#",1,northeast,0,0,0,0,0,0,0,0,0,0,0,0,,,,,,,,,,,,,,,,,
Kharar Mohali,930,2690000,INR,,1,1,"# 2 BHK RAEDY TO MOVE flat FOR SALE IN GOOD LOCATION FOR SALE#

#21000/BOOKING AMOUNT

# 10% DOWN PAYMENT 

#90% LOAN FACILITY AVAILABLE FOR ALL LEADING BANKS

#CALL FOR MORE DETAILS#",1,northeast,1,0,0,0,0,0,0,0,0,0,0,0,,,,,,,,,,,,,,,,,
Kharar Mohali,860,2490000,INR,,1,1,"# 2 BHK RAEDY TO MOVE flat FOR SALE IN GOOD LOCATION FOR SALE#

#21000/BOOKING AMOUNT

# 10% DOWN PAYMENT 

#90% LOAN FACILITY AVAILABLE FOR ALL LEADING BANKS

#CALL FOR MORE DETAILS#",1,northeast,1,0,0,0,0,0,0,0,0,0,0,0,,,,,,,,,,,,,,,,,
Kharar Mohali,630,1590000,INR,,1,1,"It’s a 1 bhk builder floor situated in Kharar Mohali, Chandigarh. The house is furnished. It is on 2nd floor. The building has a total of 3 floor(s). This residential property is ready-to-move-in. It is made in way to provide a comfortable living. It is situated in the proximity of all the important facilities. Please contact us for more details. ",1,northeast,1,0,0,0,0,0,0,0,0,0,0,0,,,,,,,,,,,,,,,,,
Kharar Mohali,1030,2850000,INR,,1,1,"# 2 BHK RAEDY TO MOVE flat FOR SALE IN GOOD LOCATION FOR SALE#

#21000/BOOKING AMOUNT

# 10% DOWN PAYMENT 

#90% LOAN FACILITY AVAILABLE FOR ALL LEADING BANKS

#CALL FOR MORE DETAILS#",1,northeast,1,0,0,0,0,0,0,0,0,0,0,0,,,,,,,,,,,,,,,,,
SEC 115 MOHALI KHARAR LANDRAN ROAD,1550,3539000,INR,0,1,1,,1,northeast,0,0,0,0,0,0,0,0,0,0,0,0,,,,,,,,,,,,,,,,,
Mohali Sector 127,650,1790000,INR,,1,1,"It has an area of 650 sqft with a carpet area of 600 sqft . The property is available at a price of Rs. 17.90 lac (negotiable ). The house is furnished. It has 1 wardrobe, 1 sofa, 1 bed and 1 modular kitchen. The property has 1 bathroom and 2 balconies. This residential property is ready-to-move-in. Kindly call us for details. ",1,northeast,1,0,0,0,0,0,0,0,0,0,0,0,,,,,,,,,,,,,,,,,
SEC 115 MOHALI KHARAR LANDRAN ROAD,860,5000000,INR,,1,1,"It has a salable area of 860 sqft and is available at a price of Rs. 5,813 per sqft. The house is furnished. It is on 2nd floor. The building has a total of 2 floor(s). The property is available on freehold. The property has 3 bathrooms and 2 balconies. It is made in way to provide a comfortable living for the residents. Please contact for more details. ",1,northeast,1,0,0,0,0,0,0,0,0,0,0,0,,,,,,,,,,,,,,,,,
Mohali Sector 127,950,2890000,INR,,1,1,The house is semi-furnished. It is on the 2nd floor of the building (total number of floors are 3). The property is available on freehold. It is made in way to provide a comfortable living. Kindly call us for details. ,1,northeast,0,0,0,0,0,0,0,0,0,0,0,0,,,,,,,,,,,,,,,,,
Mohali Sector 127,620,1690000,INR,,1,1,"Well designed 2 bhk builder floor is available at a prime location in Mohali Sector 127. It has an area of 620 sqft with a carpet area of 550 sqft . The property is available at a price of Rs. 16.90 lac (negotiable ). It is a furnished property. It is located on the 2nd floor(out of a total of 3 floor(s)). The property provides an excellent view as it overlooks the road. The property has 1 bathroom and 2 balconies. This residential property is ready-to-move-in. The time you'll spend here will become the greatest moment of your life that will also help you to relieve, relax & evoke a great sense of happiness. It is well connected to the city areas. Please contact for more details. ",1,northeast,1,0,0,0,0,0,0,0,0,0,0,0,,,,,,,,,,,,,,,,,
Mohali Sector 127,1100,3590000,INR,,1,1,"A spacious 3 bhk builder floor is available for sale in Mohali Sector 127, Chandigarh. It has a built-up area of 1100 sqft and is priced at Rs. 35.90 lac (negotiable). It is a furnished property. It is on 2nd floor. The building has a total of 3 floor(s). Its main door is facing northeast direction. The property is available on freehold. It has 2 bathrooms and 2 balconies. This residential property is ready-to-move-in. It is well connected to the city areas. Kindly call us for details. ",1,northeast,1,0,0,0,0,0,0,0,0,0,0,0,,,,,,,,,,,,,,,,,
Mohali Sector 127,620,1690000,INR,,1,1,"1 BHK flat for sale in affordable price
21000/ booking amount
10% Down payment
90% loan facility available for all leading Banks
# Call for more details #",1,northeast,1,0,0,0,0,0,0,0,0,0,0,0,,,,,,,,,,,,,,,,,
Zirakpur punjab,1080,3700000,INR,,1,1,"LIVING, DINING ROOM, LOBBY
Flooring and Skirting Double charge nano polish tiles wall finishes
Ceiling POP down ceiling, pleasing shades of OBD on wails
Provision for split AC

MODULAR KITCHEN
Flooring and Skirting Double charge nano polish tiles wall finishes
Ceiling Designer POP, pleasing shades of OBD on walls and ceramic tiles upto 2ft. above counter
Cabinets with membrane shutter
Sink Double bowl stainless steel

WASHROOMS
Flooring and Skirting Ceramic tiles upto 7ft. height
Fittings and fixtures CP fittings and chinaware of branded make

BED ROOMS
Flooring and Skirting Double charge nano polish tiles Wall finishes
Ceiling POP down ceiling, pleasing shades of OBD on walls",1,east,0,0,0,0,0,0,0,0,0,0,0,0,,,,,,,,,,,,,,,,,
Zirakpur Road,1080,3700000,INR,,1,1,It has an area of 1080 sqft with a carpet area of 900 sqft . The property is available at a price of Rs. 37.00 lac (negotiable ). It is on 2nd floor. The building has a total of 3 floor(s). It is a road facing property. The property is available on freehold. The property has 3 bathrooms and 2 balconies. The society is well connected by different modes of transportation. ,1,east,0,0,0,0,0,0,0,0,0,0,0,0,,,,,,,,,,,,,,,,,
Zirakpur Road,1710,7000000,INR,,1,1,"It’s a 3 bhk builder floor situated in Zirakpur Road. It has a salable area of 1710 sqft and is available at a price of Rs. 4,093 per sqft. It is on 3rd floor. The building has a total of 4 floor(s). It is facing northeast direction. The property is available on freehold. It is a ready-to-move-in property. It is made in way to provide a comfortable living for the residents. Please contact for more details. ",1,northeast,0,0,0,0,0,0,0,0,0,0,0,0,,,,,,,,,,,,,,,,,
SEC 115 MOHALI KHARAR LANDRAN ROAD,1750,3990000,INR,,1,1,"A spacious 3 bhk builder floor is available for sale in SEC 115 MOHALI KHARAR LANDRAN ROAD, Chandigarh. The house is semi-furnished. Its main door is facing northeast direction. It has 3 bathrooms and 2 balconies. Contact us for more details. ",1,northeast,0,1,0,0,0,0,0,0,0,0,0,0,,,,,,,,,,,,,,,,,
Vip Road Zirakpur,1701,5190000,INR,,1,1,"Key features 
Ready to shift semi furnished dedicated parking modular kitchen with chimney gated society decent wood work with Led panel pop false ceiling.",1,northwest,0,1,0,1,1,0,0,0,0,0,0,0,,,,,,,,,,1.0,,,,,,,
Ambala Highway,1050,2690000,INR,,1,1,"It’s a 2 bhk builder floor situated in Ambala Highway, Chandigarh. It has a salable area of 1050 sqft and is available at a price of Rs. 2,561 per sqft. It is a semi-furnished property. It’s on 1st floor out of 3 floors building. One of the major USPs of the property is that it is a garden facing property. The property is available on freehold. It has 2 bathrooms and 2 balconies. This residential property is ready-to-move-in. The time you'll spend here will become the greatest moment of your life that will also help you to relieve, relax & evoke a great sense of happiness. The society is well connected by different modes of transportation. ",1,northeast,0,1,0,1,1,0,0,0,0,0,0,0,,,,,,,,,,1.0,,,,,,,
SECTOR 115 MOHALI ON KHARAR LANDRAN ROAD,1030,2850000,INR,,1,1,"This spacious 2 bhk builder floor is available for sale and is located in the heart of SECTOR 115 MOHALI ON KHARAR LANDRAN ROAD. It has a salable area of 1030 sqft and is available at a price of Rs. 2,766 per sqft. It is located on the 2nd floor(out of a total of 3 floor(s)). It has 2 bathrooms and 2 balconies. It is a ready-to-move-in property. The time you'll spend here will become the greatest moment of your life that will also help you to relieve, relax & evoke a great sense of happiness. It is well connected to the city areas. Please contact us for more details. ",1,northeast,0,0,0,0,0,0,0,0,0,0,0,0,,,,,,,,,,,,,,,,,
Mohali Sec 117,1771,6600000,INR,,1,1,"A spacious 3 bhk builder floor is available for sale in Mohali Sec 117, Chandigarh. It is on the 11th floor of the building (total number of floors are 11). The property has 3 bathrooms and 2 balconies. This residential property is ready-to-move-in. Kindly call us for details. ",1,east,0,1,1,1,1,1,1,1,1,1,1,1,,,,1.0,1.0,1.0,1.0,1.0,1.0,1.0,1.0,1.0,1.0,1.0,1.0,1.0,1.0
Sector 63,1250,8700000,INR,1,0,1,"It’s a 2 bhk builder floor situated in Sector 63, Chandigarh. It has a salable area of 1250 sqft and is available at a price of Rs. 6,960 per sqft. It is a furnished property. Furnishings include 1 tv, 1 refrigerator, 1 sofa, 1 washing machine, 1 wifi, 1 gas connection, 2 ac, 2 bed and 1 modular kitchen. It is on the 5th floor of the building (total number of floors are 5). The property provides an excellent view as it overlooks the garden. The property is available on leasehold. The property has 2 bathrooms and 3 balconies. It is a 5 year old ready-to-move-in property. It is made in way to provide a comfortable living. It is situated in the proximity of all the important facilities. If you are interested, please contact us for more details. ",1,north,1,5,0,0,0,0,0,0,0,0,0,0,,,,,,,,,,,,,,,,,
Mohali Sector 127,930,2690000,INR,,1,1,"It’s a 2 bhk builder floor situated in Mohali Sector 127, Chandigarh. It has an area of 930 sqft with a carpet area of 870 sqft . The property is available at a price of Rs. 26.90 lac (negotiable ). The house is furnished. Furnishings include 2 wardrobe, 1 sofa, 2 bed and 1 modular kitchen. It is on the 2nd floor of the building (total number of floors are 3). One of the major USPs of the property is that it is a garden facing property. The property has 2 bathrooms and 2 balconies. It is a ready-to-move-in property. It is made in way to provide a comfortable living for the residents. It is situated in the proximity of all the important facilities. Contact us for more details. ",1,northeast,1,0,0,0,0,0,0,0,0,0,0,0,,,,,,,,,,,,,,,,,
Mohali Sector 127,930,2690000,INR,,1,1,It has an area of 930 sqft with a carpet area of 860 sqft . The property is available at a price of Rs. 26.90 lac (negotiable ). It is on 2nd floor. The building has a total of 3 floor(s). One of the major USPs of the property is that it is a road facing property. The property is available on freehold. The property has 2 bathrooms and 2 balconies. This residential property is ready-to-move-in. ,1,northeast,1,0,0,0,0,0,0,0,0,0,0,0,,,,,,,,,,,,,,,,,
Mohali Sector 127,610,1689000,INR,,1,1,"It has a salable area of 610 sqft and is available at a price of Rs. 2,768 per sqft. One of the major USPs of the property is that it is a garden facing property. The property is available on freehold. It is a ready-to-move-in property. It is made in way to provide a comfortable living. ",1,northeast,0,0,0,0,0,0,0,0,0,0,0,0,,,,,,,,,,,,,,,,,
Mohali Sector 127,615,1690000,INR,,1,1,"Well designed 1 bhk builder floor is available at a prime location in Mohali Sector 127. It is a semi-furnished property. Furnishings include 1 wardrobe, 1 sofa, 1 bed and 1 modular kitchen. It’s on 2nd floor out of 3 floors building. Its main door is facing northeast direction. The property is available on freehold. The site is in close proximity to various civic utilities. ",1,northeast,0,0,0,0,0,0,0,0,0,0,0,0,,,,,,,,,,,,,,,,,
Mohali Sector 127,950,2590000,INR,,1,1,"A 2 bhk property is available for sale in Mohali Sector 127, Chandigarh. The house is semi-furnished. It is on 2nd floor. The building has a total of 3 floor(s). It has 2 bathrooms and 2 balconies. It is a ready-to-move-in property. The society is well connected by different modes of transportation. Please contact us for more details. ",1,northeast,0,0,0,0,0,0,0,0,0,0,0,0,,,,,,,,,,,,,,,,,
Mohali Sec 117,1771,6541000,INR,,1,1,"It’s a 3 bhk builder floor situated in Mohali Sec 117, Chandigarh. It is a semi-furnished property. The property is available on freehold. The property has 3 bathrooms and 3 balconies. It is a ready-to-move-in property. It is made in way to provide a comfortable living for the residents. The society is well connected by different modes of transportation. If you are interested, please contact us for more details. ",1,east,0,1,1,1,1,1,1,1,1,1,1,1,,,,1.0,1.0,1.0,1.0,1.0,1.0,1.0,1.0,1.0,1.0,1.0,1.0,1.0,1.0
Zirakpur punjab,1020,3350000,INR,1,1,1,"A 2 bhk property is available for sale in Zirakpur punjab, Chandigarh. It has a salable area of 1020 sqft and is available at a price of Rs. 3,284 per sqft. It is a semi-furnished property. It is east facing property. The property is available on freehold. It has 2 bathrooms and 2 balconies. The time you'll spend here will become the greatest moment of your life that will also help you to relieve, relax & evoke a great sense of happiness. It is well connected to the city areas. ",1,east,0,0,0,0,0,0,0,0,0,0,0,0,,,,,,,,,,,,,,,,,
SEC 115 MOHALI KHARAR LANDRAN ROAD,1260,3890000,INR,,1,1,Well designed 3 bhk builder floor is available at a prime location in SEC 115 MOHALI KHARAR LANDRAN ROAD. The house is semi-furnished. It is a ready-to-move-in property. It is made in way to provide a comfortable living for the residents. Contact us for more details. ,1,northeast,0,1,0,0,0,0,0,0,0,0,0,0,,,,,,,,,,,,,,,,,
Zirakpur GAzipur Road,1000,2790000,INR,,1,1,"A 2 bhk property is available for sale in Zirakpur GAzipur Road, Chandigarh. It is a semi-furnished property. It is on 1st floor. The building has a total of 3 floor(s). It has 2 bathrooms and 2 balconies. It is made in way to provide a comfortable living. It is well connected to the city areas. Kindly call us for details. ",1,northeast,0,1,0,1,1,0,0,0,0,0,0,0,,,,,,,,,,1.0,,,,,,,
Zirakpur GAzipur Road,1100,3600000,INR,,1,0,Well designed 3 bhk builder floor is available at a prime location in Zirakpur GAzipur Road. It has a built-up area of 1100 sqft and is priced at Rs. 36.00 lac . The house is semi-furnished. It is on 1st floor. The building has a total of 3 floor(s). Its main door is facing northeast direction. This residential property is ready-to-move-in. It is made in way to provide a comfortable living. The society is well connected by different modes of transportation. Please contact for more details. ,1,northeast,0,1,0,1,1,0,0,0,0,0,0,0,,,,,,,,,,1.0,,,,,,,
Aerocity Road,1410,5590000,INR,,1,1,"A spacious 3 bhk builder floor is available for sale in Aerocity Road, Chandigarh. It has a salable area of 1410 sqft and is available at a price of Rs. 3,964 per sqft. The house is semi-furnished. It is on 1st floor. The building has a total of 3 floor(s). The property has 3 bathrooms and 2 balconies. This residential property is ready-to-move-in. It is made in way to provide a comfortable living. ",1,northeast,0,1,1,1,1,0,1,1,1,0,1,1,,,,,,,,,,1.0,,,,,,,
SEC 116 MOHALI ON KHARAR LANDRAN ROAD,1308,3299000,INR,,1,0,"1308 sq ft on highway project, sector 116 Mohali, SBP Lifestyle residency, 4th floor, 2 lift, Park, Gas Pipeline, Gated society, secured, 2 bedroom , 2 washroom, 3 balcony, ready to move in in, power backup",1,southwest,0,1,1,1,1,0,0,0,0,0,0,0,,,,,,,1.0,,,1.0,,,,1.0,,1.0,
SEC 115 MOHALI KHARAR LANDRAN ROAD,1050,3590000,INR,,1,1,"Well designed 2 bhk builder floor is available at a prime location in SEC 115 MOHALI KHARAR LANDRAN ROAD. It has a salable area of 1050 sqft and is available at a price of Rs. 3,419 per sqft. It is a semi-furnished property. It’s on 9th floor out of 9 floors building. It is facing northeast direction. The property is available on freehold. The time you'll spend here will become the greatest moment of your life that will also help you to relieve, relax & evoke a great sense of happiness. It is situated in the proximity of all the important facilities. Please contact for more details. ",1,northeast,0,0,1,1,1,1,1,1,0,1,1,1,,,,1.0,1.0,1.0,1.0,,,1.0,1.0,1.0,1.0,1.0,,1.0,
Patiala Road Zirakpur,1080,3750000,INR,,1,0,Well designed 3 bhk builder floor is available at a prime location in Patiala Road Zirakpur. It has a built-up area of 1080 sqft and is priced at Rs. 37.50 lac . It is a semi-furnished property. It is located on the 2nd floor(out of a total of 3 floor(s)). This residential property is ready-to-move-in. It is made in way to provide a comfortable living. Contact us for more details. ,1,northeast,0,0,0,0,0,0,0,0,0,0,0,0,,,,,,,,,,,,,,,,,
Ambala Highway,1800,6890000,INR,,1,1,"It has a salable area of 1800 sqft and is available at a price of Rs. 3,827 per sqft. It is a semi-furnished property. The property provides an excellent view as it overlooks the road. It is a ready-to-move-in property. It is made in way to provide a comfortable living. The society is well connected by different modes of transportation. ",1,northeast,0,0,1,1,1,0,1,1,1,0,1,1,,,,,1.0,,,,,1.0,,,,,,,
Ambala Highway,1800,6890000,INR,,1,1,"This spacious 3 bhk builder floor is available for sale and is located in the heart of Ambala Highway. The house is semi-furnished. The property is available on freehold. It is made in way to provide a comfortable living. If you are interested, please contact us for more details. ",1,northeast,0,0,1,1,0,1,1,1,1,0,1,1,,,,,1.0,,,,,1.0,,,,,,,
Zirakpur GAzipur Road,1100,2790000,INR,,1,1,It is a semi-furnished property. It is on the 1st floor of the building (total number of floors are 3). The property is available on freehold. It has 2 bathrooms and 2 balconies. It is made in way to provide a comfortable living for the residents. ,1,northeast,0,0,0,1,1,0,1,0,0,0,1,0,,,,,,,,,,1.0,,,,,,,
Zirakpur GAzipur Road,1100,2790000,INR,,1,1,"A 2 bhk property is available for sale in Zirakpur GAzipur Road, Chandigarh. It has an area of 1100 sqft with a carpet area of 1000 sqft . The property is available at a price of Rs. 27.90 lac (negotiable ). The house is semi-furnished. One of the major USPs of the property is that it is a road facing property. The property is available on freehold. The property has 2 bathrooms and 2 balconies. ",1,,0,0,0,0,0,0,0,0,0,0,0,0,,,,,,,,,,,,,,,,,
Dera Bassi,600,1590000,INR,,1,1,"It’s a 1 bhk builder floor situated in Dera Bassi. It has a salable area of 600 sqft and is available at a price of Rs. 2,650 per sqft. It is a semi-furnished property. It is located on the 1st floor(out of a total of 3 floor(s)). The property provides an excellent view as it is a corner property. The property is available on freehold. It has 2 bathrooms and 1 balcony. It is a ready-to-move-in property. It is made in way to provide a comfortable living for the residents. It is situated in the proximity of all the important facilities. Contact us for more details. ",1,northeast,0,0,0,0,0,0,0,0,0,0,0,0,,,,,,,,,,,,,,,,,
Dera Bassi,650,1690000,INR,,1,1,"Well designed 1 bhk builder floor is available at a prime location in Dera Bassi. It has a salable area of 650 sqft and is available at a price of Rs. 2,600 per sqft. It is a semi-furnished property. It is on the 1st floor of the building (total number of floors are 3). Its main door is facing northeast direction. The property is available on freehold. It has 1 bathroom and 1 balcony. It is a ready-to-move-in property. The time you'll spend here will become the greatest moment of your life that will also help you to relieve, relax & evoke a great sense of happiness. The site is in close proximity to various civic utilities. Please contact us for more details. ",1,northeast,0,0,0,0,0,0,0,0,0,0,0,0,,,,,,,,,,,,,,,,,
Dera Bassi,650,1690000,INR,,1,1,"This spacious 1 bhk builder floor is available for sale and is located in the heart of Dera Bassi. The house is semi-furnished. It is facing northeast direction. The property is available on freehold. It has 1 bathroom and 2 balconies. The time you'll spend here will become the greatest moment of your life that will also help you to relieve, relax & evoke a great sense of happiness. It is well connected to the city areas. Please contact for more details. ",1,northeast,0,0,0,0,0,0,0,0,0,0,0,0,,,,,,,,,,,,,,,,,
Mohali Sector 127,1350,3790000,INR,,1,1,"It’s a 3 bhk builder floor situated in Mohali Sector 127. It has an area of 1350 sqft with a carpet area of 1150 sqft . The property is available at a price of Rs. 37.90 lac (negotiable ). It is a furnished property. It has 3 wardrobe, 1 tv, 1 sofa and 1 dining table. It also has 1 ac, 1 bed and 1 modular kitchen. It is on the 2nd floor of the building (total number of floors are 3). Its main door is facing south direction. The property is available on freehold. It has 3 bathrooms and 2 balconies. It is a ready-to-move-in property. It is made in way to provide a comfortable living for the residents. The site is in close proximity to various civic utilities. Please contact for more details. ",1,south,1,0,0,0,0,0,0,0,0,0,0,0,,,,,,,,,,,,,,,,,
Mohali Sec 125,1300,3390000,INR,,1,1,"It has an area of 1300 sqft with a carpet area of 1210 sqft . The property is available at a price of Rs. 33.90 lac (negotiable ). Furnishings include 3 wardrobe, 1 tv, 1 sofa, 1 dining table, 1 bed and 1 modular kitchen. It is east facing property. The property has 3 bathrooms and 2 balconies. It is made in way to provide a comfortable living. ",1,east,1,0,0,0,0,0,0,0,0,0,0,0,,,,,,,,,,,,,,,,,
Dhakoli Zirakpur,700,1990000,INR,,1,1,"It has a built-up area of 700 sqft and is priced at Rs. 19.90 lac (negotiable). The house is semi-furnished. Furnishings include 1 wardrobe, 1 sofa, 1 bed and 1 modular kitchen. It is located on the 1st floor(out of a total of 3 floor(s)). It is facing northeast direction. The property is available on freehold. The property has 1 bathroom and 2 balconies. This residential property is ready-to-move-in. It is made in way to provide a comfortable living for the residents. Kindly call us for details. ",1,northeast,0,1,0,1,1,0,0,0,0,0,0,0,,,,,,,,,,1.0,,,,,,,
Zirakpur GAzipur Road,1200,3700000,INR,,1,1,It’s a 3 bhk builder floor situated in Zirakpur GAzipur Road. It is on 1st floor. The building has a total of 3 floor(s). It is facing northeast direction. The property is available on freehold. It has 3 bathrooms and 2 balconies. It is a ready-to-move-in property. It is made in way to provide a comfortable living. Contact us for more details. ,1,northeast,0,1,0,1,1,0,1,0,1,0,0,0,,,,,,,,,,1.0,,,1.0,,,,
Zirakpur GAzipur Road,1050,3600000,INR,,1,1,"It’s a 3 bhk builder floor situated in Zirakpur GAzipur Road, Chandigarh. It has a built-up area of 1050 sqft and is priced at Rs. 36.00 lac (negotiable). It is on 1st floor. The building has a total of 3 floor(s). It is northeast facing property. It has 3 bathrooms and 2 balconies. It is a ready-to-move-in property. It is made in way to provide a comfortable living for the residents. The society is well connected by different modes of transportation. ",1,northeast,0,1,0,1,1,0,0,0,0,0,0,0,,,,,,,,,,1.0,,,,,,,
Zirakpur GAzipur Road,1000,2790000,INR,,1,1,"A spacious 2 bhk builder floor is available for sale in Zirakpur GAzipur Road, Chandigarh. It has an area of 1000 sqft with a carpet area of 900 sqft . The property is available at a price of Rs. 27.90 lac (negotiable ). The house is semi-furnished. It is located on the 1st floor(out of a total of 3 floor(s)). The property is available on freehold. The property has 2 bathrooms and 2 balconies. The society is well connected by different modes of transportation. ",1,northeast,0,1,0,1,1,0,0,0,0,0,0,0,,,,,,,,,,1.0,,,,,,,
Aerocity Road,1500,5490000,INR,,1,1,Well designed 3 bhk builder floor is available at a prime location in Aerocity Road. It is a semi-furnished property. It is located on the 1st floor(out of a total of 3 floor(s)). One of the major USPs of the property is that it is a road facing property. The property is available on freehold. The property has 3 bathrooms and 2 balconies. It is made in way to provide a comfortable living. It is well connected to the city areas. Please contact us for more details. ,1,northeast,0,1,1,1,1,0,1,1,1,0,0,0,,,,,,,,,,1.0,,,,,,,
Zirakpur punjab,1800,6190000,INR,,1,1,"Well designed 3 bhk builder floor is available at a prime location in Zirakpur punjab. It has a built-up area of 1800 sqft and is priced at Rs. 61.90 lac (negotiable). The house is semi-furnished. It’s on 2nd floor out of 4 floors building. One of the major USPs of the property is that it is a corner property. The property is available on freehold. It has 3 bathrooms and 2 balconies. This residential complex is under-construction as of now. The expected completion date is 10/02/2022. The time you'll spend here will become the greatest moment of your life that will also help you to relieve, relax & evoke a great sense of happiness. It is situated in the proximity of all the important facilities. Please contact for more details. ",1,northeast,0,0,1,1,1,0,1,1,1,0,1,0,,,,,1.0,1.0,,,,1.0,,,1.0,,,,1.0
SEC 115 MOHALI KHARAR LANDRAN ROAD,700,1690000,INR,,1,1,"It’s a 1 bhk builder floor situated in SEC 115 MOHALI KHARAR LANDRAN ROAD, Chandigarh. It has an area of 700 sqft with a carpet area of 620 sqft . The property is available at a price of Rs. 16.90 lac (negotiable ). The house is semi-furnished. It’s on 1st floor out of 3 floors building. Its main door is facing northeast direction. The property is available on freehold. The property has 1 bathroom and 2 balconies. This residential property is ready-to-move-in. It is made in way to provide a comfortable living. The site is in close proximity to various civic utilities. Please contact for more details. ",1,northeast,0,0,0,0,0,0,0,0,0,0,0,0,,,,,,,,,,,,,,,,,
Airport Road,1010,2550000,INR,,1,1,"A spacious 2 bhk builder floor is available for sale in Airport Road, Chandigarh. It has a built-up area of 1010 sqft and is priced at Rs. 25.50 lac (negotiable). It is a semi-furnished property. The property is available on freehold. It has 2 bathrooms and 2 balconies. This residential property is ready-to-move-in. It is made in way to provide a comfortable living for the residents. ",1,east,0,2,0,1,1,0,0,0,0,0,0,0,,,,1.0,1.0,1.0,1.0,1.0,1.0,1.0,1.0,1.0,1.0,1.0,,,
Dhakoli Zirakpur,750,1890000,INR,,1,1,"This spacious 1 bhk builder floor is available for sale and is located in the heart of Dhakoli Zirakpur. It has an area of 750 sqft with a carpet area of 600 sqft . The property is available at a price of Rs. 18.90 lac (negotiable ). It has 1 wardrobe, 1 sofa, 1 bed and 1 modular kitchen. It is on 1st floor. The building has a total of 3 floor(s). One of the major USPs of the property is that it is a road facing property. The property is available on freehold. It has 1 bathroom and 1 balcony. It is made in way to provide a comfortable living for the residents. If you are interested, please contact us for more details. ",1,northeast,1,1,0,1,1,0,0,0,0,0,0,0,,,,,,,,,,1.0,,,,,,,
Zirakpur GAzipur Road,1100,2700000,INR,,1,1,"A spacious 2 bhk builder floor is available for sale in Zirakpur GAzipur Road, Chandigarh. It has an area of 1100 sqft with a carpet area of 1000 sqft . The property is available at a price of Rs. 27.00 lac (negotiable ). It is a semi-furnished property. It is on the 1st floor of the building (total number of floors are 3). One of the major USPs of the property is that it is a road facing property. The property is available on freehold. The property has 2 bathrooms and 2 balconies. It is a ready-to-move-in property. It is made in way to provide a comfortable living for the residents. The society is well connected by different modes of transportation. Contact us for more details. ",1,northeast,0,1,0,1,1,0,0,0,0,0,0,0,,,,,,,,,,1.0,,,,,,,
Zirakpur GAzipur Road,1100,3600000,INR,,1,1,The house is semi-furnished. It has 3 bathrooms and 2 balconies. It is made in way to provide a comfortable living for the residents. The site is in close proximity to various civic utilities. Please contact for more details. ,1,northeast,0,1,0,1,1,0,0,0,0,0,0,0,,,,,,,,,,1.0,,,,,,,
Zirakpur GAzipur Road,1000,2690000,INR,,1,1,The house is semi-furnished. It is facing northeast direction. The property is available on freehold. It has 2 bathrooms and 2 balconies. It is a ready-to-move-in property. It is well connected to the city areas. Please contact for more details. ,1,northeast,0,1,0,1,1,0,0,0,0,0,0,0,,,,,,,,,,1.0,,,,,,,
Zirakpur GAzipur Road,1100,2690000,INR,,1,1,"A 2 bhk property is available for sale in Zirakpur GAzipur Road, Chandigarh. It has a salable area of 1100 sqft and is available at a price of Rs. 2,445 per sqft. It is on 1st floor. The building has a total of 3 floor(s). One of the major USPs of the property is that it is a road facing property. The property is available on freehold. The property has 2 bathrooms and 2 balconies. This residential property is ready-to-move-in. The time you'll spend here will become the greatest moment of your life that will also help you to relieve, relax & evoke a great sense of happiness. If you are interested, please contact us for more details. ",1,northeast,0,1,0,1,1,0,0,0,0,0,1,1,,,,,,,,,,1.0,,,,,,,
Ambala Highway,1100,3600000,INR,,1,1,"A 3 bhk property is available for sale in Ambala Highway, Chandigarh. It has an area of 1100 sqft with a carpet area of 950 sqft . The property is available at a price of Rs. 36.00 lac (negotiable ). It is a semi-furnished property. It is located on the 1st floor(out of a total of 3 floor(s)). It is facing northeast direction. The property is available on freehold. It is a ready-to-move-in property. The site is in close proximity to various civic utilities. Contact us for more details. ",1,northeast,0,1,1,1,1,0,1,0,0,0,1,1,,,,,,,,,,1.0,,,,,,,
Ambala Highway,1738,6190000,INR,,1,1,"It’s a 3 bhk builder floor situated in Ambala Highway, Chandigarh. It has a built-up area of 1738 sqft and is priced at Rs. 61.90 lac (negotiable). The house is semi-furnished. The property has 3 bathrooms and 2 balconies. It is an under-construction property and is expected to get completed by 08/06/2022. The time you'll spend here will become the greatest moment of your life that will also help you to relieve, relax & evoke a great sense of happiness. Contact us for more details. ",1,northeast,0,0,1,1,1,0,1,1,1,0,1,0,,,,,1.0,,,,,1.0,,,1.0,,1.0,,
SEC 115 MOHALI KHARAR LANDRAN ROAD,1530,4090000,INR,,1,1,"A spacious 3 bhk builder floor is available for sale in SEC 115 MOHALI KHARAR LANDRAN ROAD, Chandigarh. It has a salable area of 1530 sqft and is available at a price of Rs. 2,673 per sqft. It is a semi-furnished property. The property is available on freehold. The time you'll spend here will become the greatest moment of your life that will also help you to relieve, relax & evoke a great sense of happiness. Kindly call us for details. ",1,northeast,0,1,1,1,1,1,1,0,1,0,1,0,,,,,1.0,,,,,1.0,,,1.0,,1.0,,
SEC 115 MOHALI KHARAR LANDRAN ROAD,1230,3240000,INR,,1,1,"Leela Residencies Private Limited has lauched Leela Orchid Greens in Kharar, Mohali. It offers Under Construction units. Overall, there are 3 buildings. The possession date of Leela Orchid Greens is Jun, 2022. The address of Leela Orchid Greens is Kharar.

Other provisions include access to Storm Water Drains. Own a home in Leela Orchid Greens today!.

This is a RERA registered project with RERA ID PBRERA-SAS80-PR0604 and fulfils all conditions placed by the state regulatory body.

This project has been developed by Leela Residencies Private Limited.

Kharar is well-connected to other parts of city by road, which passes through the heart of this suburb. Prominent shopping malls, movie theatres, school, and hospitals are present in proximity of this residential project.",1,northeast,0,0,1,1,1,1,1,1,1,0,1,0,,,,,1.0,,,,,1.0,,,1.0,,1.0,,
Zirakpur GAzipur Road,1000,2790000,INR,,1,1,"A 2 bhk property is available for sale in Zirakpur GAzipur Road, Chandigarh. It has a built-up area of 1000 sqft and is priced at Rs. 27.90 lac (negotiable). It is a semi-furnished property. It is on 1st floor. The building has a total of 3 floor(s). It is a garden facing property. The property is available on freehold. It has 2 bathrooms and 2 balconies. This residential property is ready-to-move-in. The time you'll spend here will become the greatest moment of your life that will also help you to relieve, relax & evoke a great sense of happiness. It is situated in the proximity of all the important facilities. If you are interested, please contact us for more details. ",1,northeast,0,0,0,0,0,0,0,0,0,0,0,0,,,,,,,,,,,,,,,,,
Dhakoli Zirakpur,870,1890000,INR,,1,1,"A spacious 1 bhk builder floor is available for sale in Dhakoli Zirakpur, Chandigarh. It has a built-up area of 870 sqft and is priced at Rs. 18.90 lac (negotiable). The house is furnished. It is on the 1st floor of the building (total number of floors are 3). The property provides an excellent view as it is a corner property. The property is available on freehold. It has 1 bathroom and 1 balcony. It is a ready-to-move-in property. It is made in way to provide a comfortable living. It is well connected to the city areas. Please contact us for more details. ",1,northeast,1,1,0,1,1,0,1,1,0,0,1,0,,,,,,,,,,1.0,,,,,,,
Aerocity Road,1410,5590000,INR,,1,1,"A spacious 3 bhk builder floor is available for sale in Aerocity Road, Chandigarh. It has a built-up area of 1410 sqft and is priced at Rs. 55.90 lac (negotiable). It is a semi-furnished property. It is on 1st floor. The building has a total of 3 floor(s). It is a corner property. The property is available on freehold. It has 3 bathrooms and 2 balconies. This residential property is ready-to-move-in. It is made in way to provide a comfortable living. It is situated in the proximity of all the important facilities. Contact us for more details. ",1,northeast,0,1,1,1,1,0,1,1,1,0,1,1,,,,,1.0,,,,,1.0,,,,,,,
Zirakpur GAzipur Road,1000,2750000,INR,,1,1,"It’s a 2 bhk builder floor situated in Zirakpur GAzipur Road. It has an area of 1000 sqft with a carpet area of 900 sqft . The property is available at a price of Rs. 27.50 lac (negotiable ). The house is semi-furnished. It is located on the 2nd floor(out of a total of 3 floor(s)). It is facing northeast direction. The property is available on freehold. It has 2 bathrooms and 2 balconies. It is a ready-to-move-in property. The time you'll spend here will become the greatest moment of your life that will also help you to relieve, relax & evoke a great sense of happiness. It is situated in the proximity of all the important facilities. Please contact for more details. ",1,northeast,0,1,0,1,1,0,0,0,0,0,0,0,,,,,,,,,,1.0,,,,,,,
Aerocity Road,1500,5790000,INR,,1,1,"It’s a 3 bhk builder floor situated in Aerocity Road, Chandigarh. It has a built-up area of 1500 sqft and is priced at Rs. 57.90 lac (negotiable). The house is semi-furnished. It is on the 1st floor of the building (total number of floors are 3). The property provides an excellent view as it overlooks the road. The property is available on freehold. The property has 3 bathrooms and 2 balconies. This residential property is ready-to-move-in. The time you'll spend here will become the greatest moment of your life that will also help you to relieve, relax & evoke a great sense of happiness. It is situated in the proximity of all the important facilities. Please contact for more details. ",1,northeast,0,1,1,1,1,0,0,0,0,0,0,0,,,,,,,,,,1.0,,,,,,,
Mohali Sec 118,1800,6500000,INR,,1,1,"A spacious 3 bhk builder floor is available for sale in Mohali Sec 118, Chandigarh. It has an area of 1800 sqft with a carpet area of 1260 sqft . The property is available at a price of Rs. 65.00 lac (negotiable ). It is a ready-to-move-in property. It is made in way to provide a comfortable living for the residents. Contact us for more details. ",1,northeast,0,1,0,0,0,0,0,0,0,0,0,0,,,,,,,,,,,,,,,,,
SEC 115 MOHALI KHARAR LANDRAN ROAD,900,2750000,INR,,1,1,"It has a salable area of 900 sqft and is available at a price of Rs. 3,055 per sqft. The house is semi-furnished. Its main door is facing north direction. It is made in way to provide a comfortable living for the residents. It is well connected to the city areas. Please contact us for more details. ",1,north,0,1,0,0,1,0,0,0,0,0,0,0,,,,,,,1.0,,,1.0,,,,1.0,,1.0,
Zirakpur GAzipur Road,1000,2790000,INR,,1,1,"It’s a 2 bhk builder floor situated in Zirakpur GAzipur Road, Chandigarh. It has a built-up area of 1000 sqft and is priced at Rs. 27.90 lac (negotiable). The property provides an excellent view as it overlooks the garden. The property has 2 bathrooms and 2 balconies. It is a ready-to-move-in property. ",1,northeast,0,0,0,0,0,0,0,0,0,0,0,0,,,,,,,,,,,,,,,,,
Dera Bassi,600,1590000,INR,,1,1,It has an area of 600 sqft with a carpet area of 520 sqft . The property is available at a price of Rs. 15.90 lac (negotiable ). It is a semi-furnished property. It is located on the 1st floor(out of a total of 3 floor(s)). The property provides an excellent view as it overlooks the road. The property is available on freehold. The property has 1 bathroom and 1 balcony. This residential property is ready-to-move-in. It is well connected to the city areas. Please contact us for more details. ,1,northeast,0,0,0,0,0,0,0,0,0,0,0,0,7.1,,123.0,,,,,,,,,,,,,,
Dera Bassi,600,1690000,INR,,1,1,"It’s a 1 bhk builder floor situated in Dera Bassi. It has a salable area of 600 sqft and is available at a price of Rs. 2,816 per sqft. It is a semi-furnished property. It’s on 1st floor out of 3 floors building. It is a road facing property. The property is available on freehold. It has 1 bathroom and 1 balcony. It is made in way to provide a comfortable living. The site is in close proximity to various civic utilities. Please contact for more details. ",1,northeast,0,0,0,0,0,0,0,0,0,0,0,0,,,,,,,,,,,,,,,,,
Airport Road,1418,5290000,INR,,1,1,"A 3 bhk property is available for sale in Airport Road, Chandigarh. It has an area of 1418 sqft with a carpet area of 1210 sqft . The property is available at a price of Rs. 52.90 lac (negotiable ). It is a semi-furnished property. It is located on the 1st floor(out of a total of 3 floor(s)). Its main door is facing northeast direction. The property is available on freehold. It has 3 bathrooms and 2 balconies. The site is in close proximity to various civic utilities. Kindly call us for details. ",1,northeast,0,1,1,1,1,1,1,1,1,0,1,0,,,,,1.0,,,,,1.0,,1.0,,,,,
Airport Road,1410,5590000,INR,,1,1,It’s a 3 bhk builder floor situated in Airport Road. The house is semi-furnished. The property provides an excellent view as it overlooks the garden. The property is available on freehold. It has 3 bathrooms and 2 balconies. It is made in way to provide a comfortable living. The site is in close proximity to various civic utilities. Contact us for more details. ,1,northeast,0,1,1,1,1,0,1,1,1,0,0,0,,,,,,,,,,1.0,,,,,,,
Aerocity Road,1410,5590000,INR,,1,1,"A 3 bhk property is available for sale in Aerocity Road, Chandigarh. It is located on the 1st floor(out of a total of 3 floor(s)). It is facing northeast direction. It has 3 bathrooms and 3 balconies. This residential property is ready-to-move-in. It is made in way to provide a comfortable living for the residents. ",1,northeast,0,1,1,1,1,0,1,0,1,0,1,0,,,,,,,,,,1.0,,,,,,,
SEC 115 MOHALI KHARAR LANDRAN ROAD,1530,3790000,INR,,1,1,"Leela Residencies Private Limited has lauched Leela Orchid Greens in Kharar, Mohali. It offers Under Construction units. Overall, there are 3 buildings. The possession date of Leela Orchid Greens is Jun, 2022. The address of Leela Orchid Greens is Kharar.

Other provisions include access to Storm Water Drains. Own a home in Leela Orchid Greens today!.

This is a RERA registered project with RERA ID PBRERA-SAS80-PR0604 and fulfils all conditions placed by the state regulatory body.

This project has been developed by Leela Residencies Private Limited.

Kharar is well-connected to other parts of city by road, which passes through the heart of this suburb. Prominent shopping malls, movie theatres, school, and hospitals are present in proximity of this residential project.",1,northeast,0,0,1,1,1,0,1,1,1,0,1,0,,,,,,,,,,1.0,,,,,1.0,,
SEC 115 MOHALI KHARAR LANDRAN ROAD,1230,3240000,INR,,1,1,"Leela Residencies Private Limited has lauched Leela Orchid Greens in Kharar, Mohali. It offers Under Construction units. Overall, there are 3 buildings. The possession date of Leela Orchid Greens is Jun, 2022. The address of Leela Orchid Greens is Kharar.

Other provisions include access to Storm Water Drains. Own a home in Leela Orchid Greens today!.

This is a RERA registered project with RERA ID PBRERA-SAS80-PR0604 and fulfils all conditions placed by the state regulatory body.

This project has been developed by Leela Residencies Private Limited.

Kharar is well-connected to other parts of city by road, which passes through the heart of this suburb. Prominent shopping malls, movie theatres, school, and hospitals are present in proximity of this residential project.",1,,0,0,1,1,1,0,1,1,1,0,1,0,,,,,1.0,,,,,1.0,,,1.0,,1.0,,
Aerocity Road,4150,5290000,INR,,1,1,"It has a built-up area of 4150 sqft and is priced at Rs. 52.90 lac (negotiable). It is a semi-furnished property. It’s on 1st floor out of 3 floors building. It is facing northeast direction. The property is available on freehold. If you are interested, please contact us for more details. ",1,northeast,0,1,1,1,1,0,0,0,1,0,0,0,,,,,,,,,,1.0,,,,,,,
Zirakpur GAzipur Road,1050,2750000,INR,,1,1,"It has a salable area of 1050 sqft and is available at a price of Rs. 2,619 per sqft. The property has 2 bathrooms and 2 balconies. This residential property is ready-to-move-in. It is made in way to provide a comfortable living. The society is well connected by different modes of transportation. Kindly call us for details. ",1,northeast,0,1,0,1,1,0,0,0,0,0,0,0,,,,,,,,,,1.0,,,,,,,
Zirakpur punjab,1100,3700000,INR,,1,1,"A spacious 3 bhk builder floor is available for sale in Zirakpur punjab, Chandigarh. It has a salable area of 1100 sqft and is available at a price of Rs. 3,363 per sqft. It is a semi-furnished property. It’s on 1st floor out of 3 floors building. It is facing northeast direction. The property is available on freehold. This residential property is ready-to-move-in. The time you'll spend here will become the greatest moment of your life that will also help you to relieve, relax & evoke a great sense of happiness. It is situated in the proximity of all the important facilities. Please contact for more details. ",1,northeast,0,1,0,1,1,0,0,0,0,0,0,0,,,,,,,,,,1.0,,,,,,,
Aerocity Road,1410,5290000,INR,,1,1,"our search for an affordable, comfortable living space is finally at an end with Manglam Infra bringing you the Manglam Riverdale Aerovista a high-quality residential project you always aspired for.
The Manglam Riverdale Aerovista is the perfect marriage between the most modern infrastructure and the quaint simplicity of Bir Chhat. The Bir Chhat area in Zirakpur being in close proximity to major roadways and of course the city of Mohali in the vicinity, all your needs would be met without hassles.
As a resident of this project, you can expect all the major amenities including expansive landscaping with well-planned internal roads and footpaths with a 24/7 water and power supply. No doubt, if you are looking to buy a home, do not miss to check out this project. Book your site visit today.",1,northeast,0,1,1,1,1,0,1,1,1,0,0,0,,,,,,,,,,1.0,,,,,,,
SEC 115 MOHALI KHARAR LANDRAN ROAD,1000,2690000,INR,,1,1,"It has a salable area of 1000 sqft and is available at a price of Rs. 2,690 per sqft. It has 2 wardrobe, 1 refrigerator, 1 sofa and 1 washing machine. It also has 1 wifi, 1 microwave, 1 dining table, 1 gas connection and 1 modular kitchen. The property is available on freehold. It is a ready-to-move-in property. Kindly call us for details. ",1,east,0,0,0,0,0,0,0,0,0,0,0,0,,,,,,,,,,,,,,,,,
Ambala Highway,1800,6690000,INR,,1,1,"It’s a 3 bhk builder floor situated in Ambala Highway, Chandigarh. The house is semi-furnished. It’s on 1st floor out of 3 floors building. The property has 3 bathrooms and 2 balconies. It is a ready-to-move-in property. It is made in way to provide a comfortable living for the residents. Contact us for more details. ",1,northeast,0,0,0,0,0,0,0,0,0,0,0,0,,,,,,,,,,,,,,,,,
Zirakpur GAzipur Road,1110,3700000,INR,,1,1,It’s a 3 bhk builder floor situated in Zirakpur GAzipur Road. It is on the 1st floor of the building (total number of floors are 3). It is a road facing property. The property is available on freehold. The property has 2 bathrooms and 2 balconies. ,1,northeast,0,0,0,0,0,0,0,0,0,0,0,0,,,,,,,,,,,,,,,,,
Zirakpur GAzipur Road,1110,3700000,INR,,1,1,"A spacious 3 bhk builder floor is available for sale in Zirakpur GAzipur Road, Chandigarh. It has an area of 1110 sqft with a carpet area of 1050 sqft . The property is available at a price of Rs. 37.00 lac (negotiable ). The house is semi-furnished. It is on 1st floor. The building has a total of 3 floor(s). It is northeast facing property. The property is available on freehold. It has 2 bathrooms and 2 balconies. It is a ready-to-move-in property. The time you'll spend here will become the greatest moment of your life that will also help you to relieve, relax & evoke a great sense of happiness. Please contact us for more details. ",1,northeast,0,0,0,0,0,0,0,0,0,0,0,0,,,,,,,,,,,,,,,,,
Zirakpur GAzipur Road,1110,3700000,INR,,1,1,"A spacious 3 bhk builder floor is available for sale in Zirakpur GAzipur Road, Chandigarh. It has an area of 1110 sqft with a carpet area of 1050 sqft . The property is available at a price of Rs. 37.00 lac (negotiable ). The house is semi-furnished. It is on 1st floor. The building has a total of 3 floor(s). It is facing northeast direction. The property is available on freehold. It has 3 bathrooms and 2 balconies. This residential property is ready-to-move-in. It is made in way to provide a comfortable living for the residents. The society is well connected by different modes of transportation. Please contact for more details. ",1,northeast,0,0,0,0,0,0,0,0,0,0,0,0,,,,,,,,,,,,,,,,,
Zirakpur GAzipur Road,1100,2790000,INR,,1,1,"It has a salable area of 1100 sqft and is available at a price of Rs. 2,536 per sqft. It is a semi-furnished property. The property is available on freehold. It has 2 bathrooms and 2 balconies. This residential property is ready-to-move-in. Please contact us for more details. ",1,northeast,0,0,0,0,0,0,0,0,0,0,0,0,,,,,,,,,,,,,,,,,
Zirakpur GAzipur Road,1320,4000000,INR,,1,1,"A 3 bhk property is available for sale in Zirakpur GAzipur Road, Chandigarh. It has an area of 1320 sqft with a carpet area of 1250 sqft . The property is available at a price of Rs. 40.00 lac (negotiable ). It is a semi-furnished property. It is on 1st floor. The building has a total of 3 floor(s). It is a road facing property. The property is available on freehold. The property has 3 bathrooms and 2 balconies. This residential property is ready-to-move-in. It is made in way to provide a comfortable living. It is well connected to the city areas. If you are interested, please contact us for more details. ",1,northeast,0,0,0,0,0,0,0,0,0,0,0,0,,,,,,,,,,,,,,,,,
Ambala Highway,1800,6690000,INR,,1,1,"It’s a 3 bhk builder floor situated in Ambala Highway, Chandigarh. It has a salable area of 1800 sqft and is available at a price of Rs. 3,716 per sqft. The house is semi-furnished. It is on 1st floor. The building has a total of 4 floor(s). Its main door is facing northeast direction. The property is available on freehold. The property has 3 bathrooms and 2 balconies. It is a ready-to-move-in property. It is made in way to provide a comfortable living for the residents. It is well connected to the city areas. If you are interested, please contact us for more details. ",1,northeast,0,0,0,0,0,0,0,0,0,0,0,0,,,,,,,,,,,,,,,,,
Mohali Sector 127,900,2690000,INR,,1,1,"It’s a 2 bhk builder floor situated in Mohali Sector 127, Chandigarh. It has a built-up area of 900 sqft and is priced at Rs. 26.90 lac . The house is semi-furnished. It’s on 3rd floor out of 3 floors building. The property provides an excellent view as it overlooks the road. The property is available on freehold. The property has 2 bathrooms and 2 balconies. It is a ready-to-move-in property. It is made in way to provide a comfortable living. It is well connected to the city areas. Contact us for more details.",1,south,0,2,0,0,1,0,0,0,0,0,0,0,,,,,,1.0,,,,1.0,1.0,1.0,1.0,1.0,,1.0,
Dera Bassi,600,1690000,INR,,1,1,"A spacious 1 bhk builder floor is available for sale in Dera Bassi, Chandigarh. It has a salable area of 600 sqft and is available at a price of Rs. 2,816 per sqft. It is a semi-furnished property. It is on 1st floor. The building has a total of 3 floor(s). This residential property is ready-to-move-in. The time you'll spend here will become the greatest moment of your life that will also help you to relieve, relax & evoke a great sense of happiness. The site is in close proximity to various civic utilities. If you are interested, please contact us for more details. ",1,,0,0,0,0,0,0,0,0,0,0,0,0,,,,,,,,,,,,,,,,,
Dera Bassi,600,1690000,INR,,1,1,"It has an area of 600 sqft with a carpet area of 550 sqft . The property is available at a price of Rs. 16.90 lac (negotiable ). It is a semi-furnished property. It is on 1st floor. The building has a total of 2 floor(s). One of the major USPs of the property is that it is a road facing property. The property has 1 bathroom and 1 balcony. It is a ready-to-move-in property. The time you'll spend here will become the greatest moment of your life that will also help you to relieve, relax & evoke a great sense of happiness. The site is in close proximity to various civic utilities. Please contact for more details. ",1,northeast,0,0,0,0,0,0,0,0,0,0,0,0,,,,,,,,,,,,,,,,,
Dera Bassi,600,1669000,INR,,1,1,This spacious 1 bhk builder floor is available for sale and is located in the heart of Dera Bassi. It is a semi-furnished property. It is located on the 1st floor(out of a total of 3 floor(s)). The property is available on freehold. It is a ready-to-move-in property. It is made in way to provide a comfortable living. It is situated in the proximity of all the important facilities. Please contact for more details. ,1,,0,0,0,0,0,0,0,0,0,0,0,0,,,,,,,,,,,,,,,,,
Zirakpur GAzipur Road,1100,2790000,INR,,1,1,"golden key home gajipur road Chandigarh is a ready-to-move housing society. It offers in varied budget range. These units are a perfect combination of comfort and style, specifically designed to suit your requirements and conveniences. There are 2BHK and apartments available in this project. This housing society is now ready to be called home as families have started moving in. Check out some of the features of Bella Homes housing society:",1,northeast,0,0,0,0,0,0,0,0,0,0,0,0,,,,,,,,,,,,,,,,,
Zirakpur GAzipur Road,1110,3450000,INR,,1,1,"savitry green home gajipur road Chandigarh is a ready-to-move housing society. It offers in varied budget range. These units are a perfect combination of comfort and style, specifically designed to suit your requirements and conveniences. There are 2BHK and apartments available in this project. This housing society is now ready to be called home as families have started moving in. Check out some of the features of Bella Homes housing society:",1,northeast,0,0,0,0,0,0,0,0,0,0,0,0,,,,,,,,,,,,,,,,,
Zirakpur GAzipur Road,1100,2790000,INR,,1,1,"golden key home gajipur road Chandigarh is a ready-to-move housing society. It offers in varied budget range. These units are a perfect combination of comfort and style, specifically designed to suit your requirements and conveniences. There are 2BHK and apartments available in this project. This housing society is now ready to be called home as families have started moving in. Check out some of the features of Bella Homes housing society:",1,northeast,0,0,0,0,0,0,0,0,0,0,0,0,,,,,,,,,,,,,,,,,
Dera Bassi,1100,2590000,INR,,1,1,It has an area of 1100 sqft with a carpet area of 1050 sqft . The property is available at a price of Rs. 25.90 lac (negotiable ). It is a semi-furnished property. The property is available on freehold. This residential property is ready-to-move-in. The site is in close proximity to various civic utilities. ,1,northeast,0,0,0,0,0,0,0,0,0,0,0,0,7.1,,,,,,,,,,,,,,,,
Airport Road,1500,5290000,INR,,1,1,It has a built-up area of 1500 sqft and is priced at Rs. 52.90 lac (negotiable). The house is semi-furnished. It’s on 1st floor out of 3 floors building. It is northeast facing property. The property is available on freehold. It is made in way to provide a comfortable living for the residents. It is well connected to the city areas. Kindly call us for details. ,1,northeast,0,1,1,1,1,0,1,1,0,0,0,0,,,,,,,,,,1.0,,,,,,,
SEC 115 MOHALI KHARAR LANDRAN ROAD,1600,3240000,INR,,1,1,"Leela Residencies Private Limited has lauched Leela Orchid Greens in Kharar, Mohali. It offers Under Construction units. Overall, there are 3 buildings. The possession date of Leela Orchid Greens is Jun, 2022. The address of Leela Orchid Greens is Kharar.

Other provisions include access to Storm Water Drains. Own a home in Leela Orchid Greens today!.

This is a RERA registered project with RERA ID PBRERA-SAS80-PR0604 and fulfils all conditions placed by the state regulatory body.

This project has been developed by Leela Residencies Private Limited.

Kharar is well-connected to other parts of city by road, which passes through the heart of this suburb. Prominent shopping malls, movie theatres, school, and hospitals are present in proximity of this residential project.",1,northeast,0,0,1,1,1,0,1,1,1,0,0,0,,,,,,,,,,1.0,,,1.0,,1.0,,
SEC 115 MOHALI KHARAR LANDRAN ROAD,1500,2990000,INR,,1,1,"Leela Residencies Private Limited has lauched Leela Orchid Greens in Kharar, Mohali. It offers Under Construction units. Overall, there are 3 buildings. The possession date of Leela Orchid Greens is Jun, 2022. The address of Leela Orchid Greens is Kharar.

Other provisions include access to Storm Water Drains. Own a home in Leela Orchid Greens today!.

This is a RERA registered project with RERA ID PBRERA-SAS80-PR0604 and fulfils all conditions placed by the state regulatory body.

This project has been developed by Leela Residencies Private Limited.

Kharar is well-connected to other parts of city by road, which passes through the heart of this suburb. Prominent shopping malls, movie theatres, school, and hospitals are present in proximity of this residential project.",1,northeast,0,0,1,1,1,0,1,1,1,0,1,0,,,,,,,,,,1.0,,1.0,1.0,,1.0,,
Dera Bassi,1300,2200000,INR,,1,1,"It’s a 2 bhk builder floor situated in Buildcon Vasant Vihar, Dera Bassi. It has a salable area of 1300 sqft and is available at a price of Rs. 1,692 per sqft. The house is semi-furnished. It’s on 1st floor out of 3 floors building. Its main door is facing northwest direction. The property is available on freehold. It has 2 bathrooms and 2 balconies. This residential property is ready-to-move-in. The time you'll spend here will become the greatest moment of your life that will also help you to relieve, relax & evoke a great sense of happiness. It is situated in the proximity of all the important facilities. Contact us for more details. ",1,northwest,0,1,0,1,1,0,1,0,0,0,0,0,7.1,,123.0,,,,,,,1.0,,,,,,,
SEC 115 MOHALI KHARAR LANDRAN ROAD,1600,3240000,INR,,1,1,"Leela Residencies Private Limited has lauched Leela Orchid Greens in Kharar, Mohali. It offers Under Construction units. Overall, there are 3 buildings. The possession date of Leela Orchid Greens is Jun, 2022. The address of Leela Orchid Greens is Kharar.

Other provisions include access to Storm Water Drains. Own a home in Leela Orchid Greens today!.

This is a RERA registered project with RERA ID PBRERA-SAS80-PR0604 and fulfils all conditions placed by the state regulatory body.

This project has been developed by Leela Residencies Private Limited.

Kharar is well-connected to other parts of city by road, which passes through the heart of this suburb. Prominent shopping malls, movie theatres, school, and hospitals are present in proximity of this residential project.",1,northeast,0,0,1,1,1,0,1,1,1,0,0,0,,,,,,,,,,1.0,,,1.0,,1.0,,
SEC 115 MOHALI KHARAR LANDRAN ROAD,1500,2990000,INR,,1,1,"Leela Residencies Private Limited has lauched Leela Orchid Greens in Kharar, Mohali. It offers Under Construction units. Overall, there are 3 buildings. The possession date of Leela Orchid Greens is Jun, 2022. The address of Leela Orchid Greens is Kharar.

Other provisions include access to Storm Water Drains. Own a home in Leela Orchid Greens today!.

This is a RERA registered project with RERA ID PBRERA-SAS80-PR0604 and fulfils all conditions placed by the state regulatory body.

This project has been developed by Leela Residencies Private Limited.

Kharar is well-connected to other parts of city by road, which passes through the heart of this suburb. Prominent shopping malls, movie theatres, school, and hospitals are present in proximity of this residential project.",1,northeast,0,0,1,1,1,0,1,1,1,0,1,0,,,,,,,,,,1.0,,1.0,1.0,,1.0,,
Dera Bassi,1300,2200000,INR,,1,1,"It’s a 2 bhk builder floor situated in Buildcon Vasant Vihar, Dera Bassi. It has a salable area of 1300 sqft and is available at a price of Rs. 1,692 per sqft. The house is semi-furnished. It’s on 1st floor out of 3 floors building. Its main door is facing northwest direction. The property is available on freehold. It has 2 bathrooms and 2 balconies. This residential property is ready-to-move-in. The time you'll spend here will become the greatest moment of your life that will also help you to relieve, relax & evoke a great sense of happiness. It is situated in the proximity of all the important facilities. Contact us for more details. ",1,northwest,0,1,0,1,1,0,1,0,0,0,0,0,7.1,,123.0,,,,,,,1.0,,,,,,,
Panchkula Road,780,1962000,INR,,1,1,"A 2 bhk property is available for sale in Panchkula Road, Chandigarh. It has an area of 780 sqft with a carpet area of 730 sqft . The property is available at a price of Rs. 19.62 lac (negotiable ). It is a semi-furnished property. It is located on the 4th floor(out of a total of 13 floor(s)). One of the major USPs of the property is that it is a road facing property. The property is available on freehold. The property has 2 bathrooms and 2 balconies. It is a ready-to-move-in property. It is made in way to provide a comfortable living. It is well connected to the city areas. Kindly call us for details. ",1,northeast,0,1,1,1,1,0,1,1,1,0,0,0,,,,,,,,,,1.0,,,,,,,
Vip Road Zirakpur,1900,4990000,INR,,1,1,"It’s a 3 bhk builder floor situated in Vip Road Zirakpur, Chandigarh. It has a built-up area of 1900 sqft and is priced at Rs. 49.90 lac (negotiable). It is a semi-furnished property. It is located on the 1st floor(out of a total of 3 floor(s)). It has 3 bathrooms and 2 balconies. This residential property is ready-to-move-in. It is made in way to provide a comfortable living. The society is well connected by different modes of transportation. Please contact us for more details. ",1,northeast,0,1,0,1,1,0,0,0,0,0,0,0,,,,,,,,,,1.0,,,,,,,
Ambala Highway,1800,6890000,INR,,1,1,"A spacious 3 bhk builder floor is available for sale in Ambala Highway, Chandigarh. It has a salable area of 1800 sqft and is available at a price of Rs. 3,827 per sqft. It is a semi-furnished property. It’s on 1st floor out of 4 floors building. The property provides an excellent view as it overlooks the road. The property is available on freehold. It has 3 bathrooms and 2 balconies. It is a ready-to-move-in property. The time you'll spend here will become the greatest moment of your life that will also help you to relieve, relax & evoke a great sense of happiness. It is well connected to the city areas. If you are interested, please contact us for more details. ",1,northeast,0,0,0,0,0,0,0,0,0,0,0,0,,,,,,,,,,,,,,,,,
SEC 115 MOHALI KHARAR LANDRAN ROAD,700,1690000,INR,,1,1,"A spacious 1 bhk builder floor is available for sale in SEC 115 MOHALI KHARAR LANDRAN ROAD, Chandigarh. It is located on the 1st floor(out of a total of 3 floor(s)). It is northeast facing property. The property is available on freehold. It is made in way to provide a comfortable living. It is situated in the proximity of all the important facilities. ",1,northeast,0,0,0,0,0,0,0,0,0,0,0,0,,,,,,,,,,,,,,,,,
Ambala Highway,1800,6990000,INR,,1,1,"Well designed 3 bhk builder floor is available at a prime location in Ambala Highway. It has an area of 1800 sqft with a carpet area of 1734 sqft . The property is available at a price of Rs. 69.90 lac (negotiable ). It is a semi-furnished property. It is located on the 1st floor(out of a total of 4 floor(s)). One of the major USPs of the property is that it is a garden facing property. The property is available on freehold. The property has 3 bathrooms and 2 balconies. This residential property is ready-to-move-in. It is made in way to provide a comfortable living for the residents. The site is in close proximity to various civic utilities. If you are interested, please contact us for more details. ",1,northeast,0,0,0,0,0,0,0,0,0,0,0,0,,,,,,,,,,,,,,,,,
Zirakpur GAzipur Road,1000,2790000,INR,,1,1,It has an area of 1000 sqft with a carpet area of 920 sqft . The property is available at a price of Rs. 27.90 lac (negotiable ). The house is semi-furnished. It is on the 1st floor of the building (total number of floors are 3). The property has 2 bathrooms and 2 balconies. This residential property is ready-to-move-in. It is made in way to provide a comfortable living for the residents. Please contact for more details. ,1,,0,0,0,0,0,0,0,0,0,0,0,0,,,,,,,,,,,,,,,,,
sector 5 Mubarikpur road derabassi,1100,2550000,INR,,1,1,"Well designed 2 bhk builder floor is available at a prime location in sector 5 Mubarikpur road derabassi. It is northeast facing property. The property is available on freehold. It has 2 bathrooms and 2 balconies. It is made in way to provide a comfortable living for the residents. If you are interested, please contact us for more details. ",1,northeast,0,0,0,0,0,0,0,0,0,0,0,0,,,,,,,,,,,,,,,,,
Dera Bassi,1210,3590000,INR,,1,1,"Well designed 3 bhk builder floor is available at a prime location in Dera Bassi. It has a salable area of 1210 sqft and is available at a price of Rs. 2,966 per sqft. It is a semi-furnished property. It is on the 1st floor of the building (total number of floors are 3). Its main door is facing northeast direction. The property is available on freehold. It has 3 bathrooms and 2 balconies. It is a ready-to-move-in property. It is made in way to provide a comfortable living. It is situated in the proximity of all the important facilities. ",1,northeast,0,0,0,0,0,0,0,0,0,0,0,0,,,,,,,,,,,,,,,,,
Dera Bassi,600,1600000,INR,,1,1,"It’s a 1 bhk builder floor situated in Dera Bassi. It has a salable area of 600 sqft and is available at a price of Rs. 2,666 per sqft. It is a semi-furnished property. It is on the 1st floor of the building (total number of floors are 3). Its main door is facing northeast direction. The property is available on freehold. It has 1 bathroom and 1 balcony. It is made in way to provide a comfortable living. The site is in close proximity to various civic utilities. Kindly call us for details. ",1,northeast,0,0,0,0,0,0,0,0,0,0,0,0,,,,,,,,,,,,,,,,,
sector 5 Mubarikpur road derabassi,1110,2590000,INR,,1,1,"This spacious 2 bhk builder floor is available for sale and is located in the heart of sector 5 Mubarikpur road derabassi. It has an area of 1110 sqft with a carpet area of 1000 sqft . The property is available at a price of Rs. 25.90 lac (negotiable ). It is a semi-furnished property. It is on the 1st floor of the building (total number of floors are 3). It is northeast facing property. The property is available on freehold. It has 2 bathrooms and 2 balconies. This residential property is ready-to-move-in. The time you'll spend here will become the greatest moment of your life that will also help you to relieve, relax & evoke a great sense of happiness. It is situated in the proximity of all the important facilities. Please contact us for more details. ",1,northeast,0,0,0,0,0,0,0,0,0,0,0,0,,,,,,,,,,,,,,,,,
Zirakpur GAzipur Road,1100,2790000,INR,,1,1,"It has a salable area of 1100 sqft and is available at a price of Rs. 2,536 per sqft. The house is semi-furnished. It’s on 1st floor out of 3 floors building. The property is available on freehold. It has 2 bathrooms and 2 balconies. It is made in way to provide a comfortable living for the residents. Please contact for more details. ",1,northeast,0,0,0,0,0,0,0,0,0,0,0,0,,,,,,,,,,,,,,,,,
Zirakpur GAzipur Road,1100,2790000,INR,,1,1,"This spacious 2 bhk builder floor is available for sale and is located in the heart of Zirakpur GAzipur Road. It has a salable area of 1100 sqft and is available at a price of Rs. 2,536 per sqft. It is a semi-furnished property. It’s on 1st floor out of 3 floors building. It is a road facing property. The property is available on freehold. The property has 2 bathrooms and 2 balconies. This residential property is ready-to-move-in. It is made in way to provide a comfortable living for the residents. Please contact for more details. ",1,northeast,0,0,0,0,0,0,0,0,0,0,0,0,,,,,,,,,,,,,,,,,
New Chandigarh Mullanpur,1580,5815000,INR,0,1,1,"Celestia Royal Premier is a residential project in New Chandigarh by Omaxe—the most trusted brand in real estate. The project offers reasonably priced 3 BHK Flats in Chandigarh. The project consists of flats with sizes starting from 1580 sq. ft. The Celestia Royal Premier, its contemporary clubhouse, offers a relaxed ambiance and rejuvenating experience with 20+ amenities.

The location of Celestia Royal Premier project is a major plus for home seekers looking to invest in New Chandigarh. This is one of the most recognisable home addresses, with numerous facilities and basic civic amenities located in the vicinity of New Chandigarh. It’s ready to set a new landmark in the city with all facilities such as schools, shopping malls, hospitals, bus stop, banks, parks, office complexes as well as IT Parks nearby. As reliable developers make their way into the locality, apartments with excellent quality and ample space have caught the attention of the homebuyers.

Apart from a favourable location and excellent features, Omaxe New Chandigarh has been built around an artificial water body. CRP brings an abundance of greenery with many gardens based on different themes.",1,northeast,0,0,1,1,1,1,1,1,1,1,1,0,,,,1.0,,1.0,1.0,1.0,1.0,1.0,1.0,1.0,1.0,1.0,1.0,1.0,
New Chandigarh Mullanpur,1580,5810000,INR,,1,1,"Celestia Royal Premier is a residential project in New Chandigarh by Omaxe—the most trusted brand in real estate. The project offers reasonably priced 3 BHK Flats in Chandigarh. The project consists of flats with sizes starting from 1580 sq. ft. The Celestia Royal Premier, its contemporary clubhouse, offers a relaxed ambiance and rejuvenating experience with 20+ amenities.

The location of Celestia Royal Premier project is a major plus for home seekers looking to invest in New Chandigarh. This is one of the most recognisable home addresses, with numerous facilities and basic civic amenities located in the vicinity of New Chandigarh. It’s ready to set a new landmark in the city with all facilities such as schools, shopping malls, hospitals, bus stop, banks, parks, office complexes as well as IT Parks nearby. As reliable developers make their way into the locality, apartments with excellent quality and ample space have caught the attention of the homebuyers.

Apart from a favourable location and excellent features, Omaxe New Chandigarh has been built around an artificial water body. CRP brings an abundance of greenery with many gardens based on different themes.",1,northeast,0,0,1,1,1,1,1,1,1,1,1,0,,,,1.0,1.0,1.0,1.0,1.0,1.0,1.0,1.0,1.0,1.0,1.0,,1.0,
New Chandigarh Mullanpur,1580,5820000,INR,0,1,1,"Celestia Royal Premier is a residential project in New Chandigarh by Omaxe—the most trusted brand in real estate. The project offers reasonably priced 3 BHK Flats in Chandigarh. The project consists of flats with sizes starting from 1580 sq. ft. The Celestia Royal Premier, its contemporary clubhouse, offers a relaxed ambiance and rejuvenating experience with 20+ amenities.

The location of Celestia Royal Premier project is a major plus for home seekers looking to invest in New Chandigarh. This is one of the most recognisable home addresses, with numerous facilities and basic civic amenities located in the vicinity of New Chandigarh. It’s ready to set a new landmark in the city with all facilities such as schools, shopping malls, hospitals, bus stop, banks, parks, office complexes as well as IT Parks nearby. As reliable developers make their way into the locality, apartments with excellent quality and ample space have caught the attention of the homebuyers.

Apart from a favourable location and excellent features, Omaxe New Chandigarh has been built around an artificial water body. CRP brings an abundance of greenery with many gardens based on different themes.",1,northeast,0,0,1,1,1,1,1,1,1,1,1,0,,,,,,,1.0,1.0,,1.0,1.0,1.0,1.0,1.0,1.0,1.0,1.0
Dera Bassi,1350,3390000,INR,,1,1,This spacious 3 bhk builder floor is available for sale and is located in the heart of Dera Bassi. It has an area of 1350 sqft with a carpet area of 1250 sqft . The property is available at a price of Rs. 33.90 lac (negotiable ). The property is available on freehold. This residential property is ready-to-move-in. It is made in way to provide a comfortable living for the residents. The site is in close proximity to various civic utilities. Kindly call us for details. ,1,northeast,0,0,0,0,0,0,0,0,0,0,0,0,7.1,,,,,,,,,,,,,,,,
Dera Bassi,1350,3390000,INR,,1,1,"It’s a 3 bhk builder floor situated in Dera Bassi. It has an area of 1350 sqft with a carpet area of 1250 sqft . The property is available at a price of Rs. 33.90 lac (negotiable ). The property is available on freehold. It is a ready-to-move-in property. If you are interested, please contact us for more details. ",1,northeast,0,0,0,0,0,0,0,0,0,0,0,0,7.1,,,,,,,,,,,,,,,,
Dera Bassi,1350,3390000,INR,,1,1,"It’s a 3 bhk builder floor situated in Dera Bassi, Chandigarh. It has a built-up area of 1350 sqft and is priced at Rs. 33.90 lac (negotiable). It is a semi-furnished property. The property provides an excellent view as it overlooks the road. It has 3 bathrooms and 2 balconies. It is a ready-to-move-in property. It is made in way to provide a comfortable living for the residents. The site is in close proximity to various civic utilities. Please contact us for more details. ",1,northeast,0,0,0,0,0,0,0,0,0,0,0,0,7.1,,,,,,,,,,,,,,,,
Dera Bassi,1350,3390000,INR,,1,1,"It’s a 3 bhk builder floor situated in Dera Bassi, Chandigarh. It has an area of 1350 sqft with a carpet area of 1250 sqft . The property is available at a price of Rs. 33.90 lac (negotiable ). It’s on 1st floor out of 3 floors building. It is northeast facing property. This residential property is ready-to-move-in. Please contact us for more details. ",1,northeast,0,0,0,0,0,0,0,0,0,0,0,0,7.1,,,,,,,,,,,,,,,,
Dera Bassi,1350,3390000,INR,,1,1,"The house is semi-furnished. The property is available on freehold. The time you'll spend here will become the greatest moment of your life that will also help you to relieve, relax & evoke a great sense of happiness. The society is well connected by different modes of transportation. Please contact us for more details. ",1,northeast,0,0,0,0,0,0,0,0,0,0,0,0,,,,,,,,,,,,,,,,,
Dera Bassi,1350,3390000,INR,,1,1,Well designed 3 bhk builder floor is available at a prime location in Dera Bassi. It has an area of 1350 sqft with a carpet area of 1250 sqft . The property is available at a price of Rs. 33.90 lac (negotiable ). It’s on 1st floor out of 3 floors building. The property provides an excellent view as it overlooks the garden. The property has 3 bathrooms and 2 balconies. Kindly call us for details. ,1,northeast,0,0,0,0,0,0,0,0,0,0,0,0,7.1,,,,,,,,,,,,,,,,
Dera Bassi,1350,3390000,INR,,1,1,"A spacious 3 bhk builder floor is available for sale in Dera Bassi, Chandigarh. It has an area of 1350 sqft with a carpet area of 1250 sqft . The property is available at a price of Rs. 33.90 lac (negotiable ). The house is semi-furnished. It is on 1st floor. The building has a total of 3 floor(s). It is northeast facing property. The property is available on freehold. It has 3 bathrooms and 2 balconies. It is made in way to provide a comfortable living for the residents. It is well connected to the city areas. Kindly call us for details. ",1,northeast,0,0,0,0,0,0,0,0,0,0,0,0,7.1,,,,,,,,,,,,,,,,
Dera Bassi,1350,3390000,INR,,1,1,Well designed 3 bhk builder floor is available at a prime location in Dera Bassi. It is a semi-furnished property. The property is available on freehold. It has 3 bathrooms and 2 balconies. It is made in way to provide a comfortable living. ,1,northeast,0,0,0,0,0,0,0,0,0,0,0,0,7.1,,,,,,,,,,,,,,,,
Dera Bassi,1350,3390000,INR,,1,1,"This spacious 3 bhk builder floor is available for sale and is located in the heart of Dera Bassi. It has a salable area of 1350 sqft and is available at a price of Rs. 2,511 per sqft. The house is semi-furnished. It is on 1st floor. The building has a total of 3 floor(s). It is facing northeast direction. The property is available on freehold. It has 3 bathrooms and 2 balconies. It is a ready-to-move-in property. It is made in way to provide a comfortable living for the residents. It is well connected to the city areas. ",1,northeast,0,0,0,0,0,0,0,0,0,0,0,0,7.1,,,,,,,,,,,,,,,,
Dera Bassi,1350,3390000,INR,,1,1,Its main door is facing northeast direction. The property is available on freehold. The property has 3 bathrooms and 2 balconies. This residential property is ready-to-move-in. It is made in way to provide a comfortable living. ,1,northeast,0,0,0,0,0,0,0,0,0,0,0,0,7.1,,,,,,,,,,,,,,,,
New Chandigarh Mullanpur,1675,6952375,INR,,1,1,It’s a 3 bhk builder floor situated in New Chandigarh Mullanpur. It has an area of 1675 sqft with a carpet area of 1217 sqft . The property is available at a price of Rs. 69.52 lac (negotiable ). The house is semi-furnished. It’s on 2nd floor out of 4 floors building. It is a pool facing property. The property is available on freehold. The property has 3 bathrooms and 3 balconies. This residential complex is under-construction as of now. The expected completion date is 19/11/2020. It is made in way to provide a comfortable living for the residents. Kindly call us for details. ,1,northeast,0,0,1,1,1,1,1,1,1,1,1,0,,,,1.0,1.0,1.0,1.0,1.0,1.0,1.0,1.0,1.0,1.0,1.0,1.0,1.0,
New Chandigarh Mullanpur,1560,6492600,INR,,1,1,"Well designed 3 bhk builder floor is available at a prime location in New Chandigarh Mullanpur. The house is semi-furnished. It’s on 2nd floor out of 4 floors building. It is facing northeast direction. The property is available on freehold. It is an under-construction property and is expected to get completed by 29/11/2020. It is made in way to provide a comfortable living. The site is in close proximity to various civic utilities. If you are interested, please contact us for more details. ",1,northeast,0,0,1,1,1,1,1,1,1,1,1,0,,,,1.0,1.0,1.0,1.0,1.0,1.0,1.0,1.0,1.0,1.0,1.0,1.0,1.0,
New Chandigarh Mullanpur,980,4193300,INR,,1,1,"It has an area of 980 sqft with a carpet area of 653 sqft . The property is available at a price of Rs. 41.93 lac (negotiable ). It is on the 2nd floor of the building (total number of floors are 4). It is northeast facing property. This residential complex is under-construction as of now. The expected completion date is 09/07/2021. The time you'll spend here will become the greatest moment of your life that will also help you to relieve, relax & evoke a great sense of happiness. It is well connected to the city areas. ",1,northeast,0,0,1,1,1,1,1,1,1,1,1,0,,,,1.0,1.0,1.0,1.0,1.0,1.0,1.0,1.0,1.0,1.0,1.0,,1.0,
Dera Bassi,1350,3390000,INR,,1,1,It has an area of 1350 sqft with a carpet area of 1250 sqft . The property is available at a price of Rs. 33.90 lac (negotiable ). It is a semi-furnished property. It’s on 1st floor out of 3 floors building. One of the major USPs of the property is that it is a corner property. The property has 3 bathrooms and 2 balconies. It is made in way to provide a comfortable living. Please contact for more details. ,1,northeast,0,0,0,0,0,0,0,0,0,0,0,0,7.1,,,,,,,,,,,,,,,,
Dhakoli,1485,4390000,INR,,1,1,"A 3 bhk property is available for sale in Dhakoli, Chandigarh. It has a built-up area of 1485 sqft and is priced at Rs. 43.90 lac (negotiable). The house is semi-furnished. Furnishings include 3 wardrobe, 1 microwave, 3 bed and 1 modular kitchen. Its main door is facing northeast direction. It has 3 bathrooms and 3 balconies. It is made in way to provide a comfortable living. Please contact for more details. ",1,northeast,0,0,1,1,1,0,0,0,0,0,0,0,,,,,,,,,,,,,,,,,
New Chandigarh Mullanpur,1725,7885000,INR,1,1,1,"image97
Omaxe New Chandigarh -A DAZZLING Idea
Spread over a vast 1000 acre area, this project is truly the epicentre of the entire New Chandigarh region. Comprising of both lavish residential spaces and sleek commercial centres, it has all that is needed for a complete urban life. From hotels to health services, from education to entertainment zones, Omaxe New Chandigarh has got it all.



And the best part is, Omaxe New Chandigarh does not belong to the future tense. There are 4500 families who are already inhabiting this futuristic township, with people moving-in even from Chandigarh and adjoining areas in search of better living. And with new projects being planned regularly in this ever-evolving city, there are many more people who’ll make New Chandigarh their home. This is just the beginning.",1,northeast,0,2,0,1,1,0,1,0,0,0,1,0,,,,,1.0,1.0,,1.0,,1.0,1.0,1.0,1.0,,1.0,,
New Chandigarh Mullanpur,1034,3600000,INR,,1,1,It is an unfurnished property. It is on the 4th floor of the building (total number of floors are 24). It is a corner property. The property is available on freehold. The property has 2 bathrooms and 2 balconies. This residential complex is under-construction as of now. The expected completion date is 02/07/2021. It is made in way to provide a comfortable living for the residents. The society is well connected by different modes of transportation. ,1,northeast,0,0,1,1,1,1,1,1,1,1,1,0,,,,1.0,1.0,1.0,1.0,1.0,1.0,1.0,1.0,1.0,1.0,1.0,1.0,1.0,
Kharar Mohali,1425,4290000,INR,,1,1,It’s a 3 bhk builder floor situated in Kharar Mohali. It is on the 2nd floor of the building (total number of floors are 4). It is a pool facing property. The property has 3 bathrooms and 3 balconies. It is made in way to provide a comfortable living. ,1,northeast,0,2,1,1,1,1,1,1,1,1,1,0,,,,1.0,1.0,,1.0,1.0,1.0,1.0,1.0,1.0,1.0,1.0,1.0,,
Mullanpur New Chandigarh,1180,5800000,INR,1,1,1,"Omaxe New Chandigarh -A DAZZLING Idea
Spread over a vast 1000 acre area, this project is truly the epicentre of the entire New Chandigarh region. Comprising of both lavish residential spaces and sleek commercial centres, it has all that is needed for a complete urban life. From hotels to health services, from education to entertainment zones, Omaxe New Chandigarh has got it all.



And the best part is, Omaxe New Chandigarh does not belong to the future tense. There are 4500 families who are already inhabiting this futuristic township, with people moving-in even from Chandigarh and adjoining areas in search of better living. And with new projects being planned regularly in this ever-evolving city, there are many more people who’ll make New Chandigarh their home. This is just the beginning.",1,northeast,0,1,0,0,0,0,0,0,0,0,0,0,,,,,,1.0,,,,1.0,1.0,1.0,,,,,
Mullanpur New Chandigarh,1180,4795000,INR,1,0,1,"Omaxe New Chandigarh -A DAZZLING Idea
Spread over a vast 1000 acre area, this project is truly the epicentre of the entire New Chandigarh region. Comprising of both lavish residential spaces and sleek commercial centres, it has all that is needed for a complete urban life. From hotels to health services, from education to entertainment zones, Omaxe New Chandigarh has got it all.



And the best part is, Omaxe New Chandigarh does not belong to the future tense. There are 4500 families who are already inhabiting this futuristic township, with people moving-in even from Chandigarh and adjoining areas in search of better living. And with new projects being planned regularly in this ever-evolving city, there are many more people who’ll make New Chandigarh their home. This is just the beginning.",1,northeast,0,1,0,0,0,1,0,0,0,0,0,0,,,,,,1.0,,,,,1.0,1.0,,,,,
Mullanpur Garibdass,1640,6200000,INR,1,0,1,"Omaxe New Chandigarh -A DAZZLING Idea
Spread over a vast 1000 acre area, this project is truly the epicentre of the entire New Chandigarh region. Comprising of both lavish residential spaces and sleek commercial centres, it has all that is needed for a complete urban life. From hotels to health services, from education to entertainment zones, Omaxe New Chandigarh has got it all.



And the best part is, Omaxe New Chandigarh does not belong to the future tense. There are 4500 families who are already inhabiting this futuristic township, with people moving-in even from Chandigarh and adjoining areas in search of better living. And with new projects being planned regularly in this ever-evolving city, there are many more people who’ll make New Chandigarh their home. This is just the beginning.",1,northeast,0,3,0,0,0,0,0,0,0,0,0,0,,,,,,,,,,,,,,,,,
Mullanpur New Chandigarh,1640,6800000,INR,1,0,1,"Omaxe New Chandigarh -A DAZZLING Idea
Spread over a vast 1000 acre area, this project is truly the epicentre of the entire New Chandigarh region. Comprising of both lavish residential spaces and sleek commercial centres, it has all that is needed for a complete urban life. From hotels to health services, from education to entertainment zones, Omaxe New Chandigarh has got it all.



And the best part is, Omaxe New Chandigarh does not belong to the future tense. There are 4500 families who are already inhabiting this futuristic township, with people moving-in even from Chandigarh and adjoining areas in search of better living. And with new projects being planned regularly in this ever-evolving city, there are many more people who’ll make New Chandigarh their home. This is just the beginning.",1,northeast,0,1,0,0,0,0,0,0,0,0,0,0,,,,,,,,,,,,,,,,,
Mullanpur New Chandigarh,2140,7600000,INR,1,0,1,"Omaxe New Chandigarh -A DAZZLING Idea
Spread over a vast 1000 acre area, this project is truly the epicentre of the entire New Chandigarh region. Comprising of both lavish residential spaces and sleek commercial centres, it has all that is needed for a complete urban life. From hotels to health services, from education to entertainment zones, Omaxe New Chandigarh has got it all.



And the best part is, Omaxe New Chandigarh does not belong to the future tense. There are 4500 families who are already inhabiting this futuristic township, with people moving-in even from Chandigarh and adjoining areas in search of better living. And with new projects being planned regularly in this ever-evolving city, there are many more people who’ll make New Chandigarh their home. This is just the beginning.",1,northeast,0,3,0,1,0,0,0,0,0,0,0,0,,,,,,,,,,1.0,,,,,,,
Mullanpur New Chandigarh,1180,5700000,INR,1,0,1,"Omaxe New Chandigarh -A DAZZLING Idea
Spread over a vast 1000 acre area, this project is truly the epicentre of the entire New Chandigarh region. Comprising of both lavish residential spaces and sleek commercial centres, it has all that is needed for a complete urban life. From hotels to health services, from education to entertainment zones, Omaxe New Chandigarh has got it all.



And the best part is, Omaxe New Chandigarh does not belong to the future tense. There are 4500 families who are already inhabiting this futuristic township, with people moving-in even from Chandigarh and adjoining areas in search of better living. And with new projects being planned regularly in this ever-evolving city, there are many more people who’ll make New Chandigarh their home. This is just the beginning.",1,northeast,0,8,0,1,1,0,0,0,0,0,0,0,,,,,,,,,,1.0,,,,,,,
Mullanpur Garibdass,1180,5600000,INR,1,0,1,"Omaxe New Chandigarh -A DAZZLING Idea
Spread over a vast 1000 acre area, this project is truly the epicentre of the entire New Chandigarh region. Comprising of both lavish residential spaces and sleek commercial centres, it has all that is needed for a complete urban life. From hotels to health services, from education to entertainment zones, Omaxe New Chandigarh has got it all.



And the best part is, Omaxe New Chandigarh does not belong to the future tense. There are 4500 families who are already inhabiting this futuristic township, with people moving-in even from Chandigarh and adjoining areas in search of better living. And with new projects being planned regularly in this ever-evolving city, there are many more people who’ll make New Chandigarh their home. This is just the beginning.",1,northeast,0,10,0,1,1,0,0,0,0,0,0,0,,,,,,1.0,,,,1.0,1.0,1.0,,,,,
Mullanpur New Chandigarh,1640,5860000,INR,1,0,1,"Omaxe New Chandigarh -A DAZZLING Idea
Spread over a vast 1000 acre area, this project is truly the epicentre of the entire New Chandigarh region. Comprising of both lavish residential spaces and sleek commercial centres, it has all that is needed for a complete urban life. From hotels to health services, from education to entertainment zones, Omaxe New Chandigarh has got it all.



And the best part is, Omaxe New Chandigarh does not belong to the future tense. There are 4500 families who are already inhabiting this futuristic township, with people moving-in even from Chandigarh and adjoining areas in search of better living. And with new projects being planned regularly in this ever-evolving city, there are many more people who’ll make New Chandigarh their home. This is just the beginning.",1,northeast,0,7,0,1,1,1,0,0,0,0,0,0,,,,,,1.0,,,,1.0,1.0,1.0,,,,,
Mullanpur New Chandigarh,1640,6100000,INR,1,0,1,"Omaxe New Chandigarh -A DAZZLING Idea
Spread over a vast 1000 acre area, this project is truly the epicentre of the entire New Chandigarh region. Comprising of both lavish residential spaces and sleek commercial centres, it has all that is needed for a complete urban life. From hotels to health services, from education to entertainment zones, Omaxe New Chandigarh has got it all.



And the best part is, Omaxe New Chandigarh does not belong to the future tense. There are 4500 families who are already inhabiting this futuristic township, with people moving-in even from Chandigarh and adjoining areas in search of better living. And with new projects being planned regularly in this ever-evolving city, there are many more people who’ll make New Chandigarh their home. This is just the beginning.",1,northeast,0,5,0,0,0,0,0,0,0,0,0,0,,,,,,,,,,,,,,,,,
New Chandigarh Mullanpur,1560,9000000,INR,1,0,0,"A 3 bhk property is available for sale in New Chandigarh Mullanpur, Chandigarh. It has a salable area of 1560 sqft and is available at a price of Rs. 5,769 per sqft. It is an unfurnished property. It has 3 bathrooms and 2 balconies. It is made in way to provide a comfortable living for the residents. It is situated in the proximity of all the important facilities. Contact us for more details. ",1,,0,0,0,0,0,0,0,0,0,0,0,0,,,,,,,,,,,,,,,,,
Dera Bassi,1073,2000000,INR,,1,1,It is northeast facing property. The property has 2 bathrooms and 2 balconies. This residential property is ready-to-move-in. It is made in way to provide a comfortable living for the residents. Please contact us for more details. ,1,northeast,0,1,0,1,1,1,1,0,0,0,1,1,7.1,,123.0,,,,1.0,1.0,,1.0,,,,1.0,1.0,1.0,
Mohali Sector 127,580,1590000,INR,,1,1,"*ready to move in in in
*Front side parking
*Luxurious flat
*Park facilities available
*Modular kitchen
*Branded bath fiting
*Fall ceiling
* Loan available 90%
*More information contact us",1,northeast,1,0,0,0,0,0,0,0,0,0,0,0,,,,,,,,,,,,,,,,,
SEC 116 MOHALI KHARAR LANDRAN ROAD,1308,3260000,INR,,0,0,"It’s a 2 bhk builder floor situated in SEC 116 MOHALI KHARAR LANDRAN ROAD, Chandigarh. It has a built-up area of 1308 sqft and is priced at Rs. 32.60 lac . It is an unfurnished property. It’s on 4th floor out of 6 floors building. It is a road facing property. The property is available on freehold. It has 2 bathrooms and 3 balconies. It is a ready-to-move-in property. It is made in way to provide a comfortable living for the residents. The society is well connected by different modes of transportation. Kindly call us for details. ",1,north,0,1,1,1,1,0,0,0,0,0,0,0,,,,,,,1.0,,,1.0,,,,1.0,,,
Mohali Sector 127,1130,3590000,INR,,1,1,"It has an area of 1130 sqft with a carpet area of 1030 sqft . The property is available at a price of Rs. 35.90 lac (negotiable ). It is on 2nd floor. The building has a total of 3 floor(s). It is a ready-to-move-in property. The time you'll spend here will become the greatest moment of your life that will also help you to relieve, relax & evoke a great sense of happiness. Kindly call us for details. ",1,east,1,1,0,1,1,0,0,1,0,0,0,1,,,,,,1.0,,,,1.0,1.0,1.0,1.0,1.0,,1.0,
SEC 115 MOHALI KHARAR LANDRAN ROAD,1308,3450000,INR,,1,1,"A 2 bhk property is available for sale in SEC 115 MOHALI KHARAR LANDRAN ROAD, Chandigarh. It has a built-up area of 1308 sqft and is priced at Rs. 34.50 lac (negotiable). It is on 2nd floor. The building has a total of 4 floor(s). It has 2 bathrooms and 2 balconies. It is made in way to provide a comfortable living. It is well connected to the city areas. ",1,north,0,1,0,1,1,0,0,1,0,0,0,0,,,,,,,,,,1.0,,,,,,,
Lohgarh,1750,3789000,INR,,1,0,,1,east,0,122,0,0,0,0,1,1,1,1,0,0,,,,1.0,,,,,,,,,,,,,
Dhakoli,1580,4150000,INR,,1,0,,1,east,0,122,0,1,0,1,1,1,0,0,0,0,,,,1.0,,,,,,,,,,,,,
Lohgarh,1750,3700000,INR,,1,0,,1,east,0,122,0,0,0,0,1,1,0,1,0,0,,,,1.0,,,,,,,,,,,,,
Dhakoli,1580,4250000,INR,,0,0,,1,east,0,122,0,1,0,1,1,1,1,1,0,0,,,,1.0,,,,,,,,,,,,,
Zirakpur GAzipur Road,1210,3450000,INR,,1,1,It’s a 2 bhk builder floor situated in Zirakpur GAzipur Road. The property is available on freehold. It has 2 bathrooms and 2 balconies. It is a ready-to-move-in property. It is made in way to provide a comfortable living for the residents. Please contact for more details. ,1,northeast,0,0,0,0,0,0,0,0,0,0,0,0,,,,,,,,,,,,,,,,,
Zirakpur GAzipur Road,1210,3450000,INR,,1,1,"It’s a 2 bhk builder floor situated in Zirakpur GAzipur Road. It has a salable area of 1210 sqft and is available at a price of Rs. 2,851 per sqft. One of the major USPs of the property is that it is a corner property. The property has 2 bathrooms and 2 balconies. It is a ready-to-move-in property. It is made in way to provide a comfortable living for the residents. ",1,northeast,0,0,0,0,0,0,0,0,0,0,0,0,,,,,,,,,,,,,,,,,
New Chandigarh Mullanpur,1150,5190000,INR,,1,0,"ready to move in in, Newly constructed, Lift accessibility, East facing, 
5 kms from PGI
10 mins from International Airport
5 mins away from International stadium",1,east,0,0,0,0,0,0,0,0,0,0,0,0,,,,,,,,,,,,,,,,,
Mohali Sector 127,920,2390000,INR,,1,1,"2BHK Apartment in Prime location with following amenities:

Modular Kitchen

• Double Charge Vitrified Tiles

• Wooden Window & Doors

• Gated Community

• 24/7 Water Supply

• Split AC Installation Provision

• False Ceiling

• Granite Kitchen Counter

• Granite Stair Case Area

• 35' ft Wide Internal Roads

• Branded Bath Fittings

• Branded Electrification

• Wooden Cupboards

• SS Railing in Balcony

• Bank Loans Available from all Leading banks.

Special OFFERS.",1,east,1,1,0,0,1,1,0,1,0,0,1,1,,,,1.0,1.0,1.0,,,,1.0,1.0,1.0,1.0,1.0,,1.0,
Mohali Sec 125,1300,3390000,INR,,1,1,"A spacious 3 bhk builder floor is available for sale in Mohali Sec 125, Chandigarh. It has a salable area of 1300 sqft and is available at a price of Rs. 2,607 per sqft. It is on the 1st floor of the building (total number of floors are 3). The property is available on freehold. It is a ready-to-move-in property. It is made in way to provide a comfortable living. The site is in close proximity to various civic utilities. Please contact us for more details. ",1,east,1,0,0,0,1,1,0,0,0,0,1,1,,,,,,1.0,1.0,,,1.0,1.0,1.0,1.0,1.0,,1.0,
Highland Marg,1368,4000000,INR,,1,1,"ABOUT
Oasis Green, a magnificent residential landmark is a thought of young entrepreneurs to provide modern 3 BHK flats in Zirakpur at the most sought after and peaceful neighborhood of Chandigarh, Tricity within a small budget, including no separate or hidden costs. From the past 8 years, Oasis Green veterans have been diligently working into real estate sector wherein they gained extensive experience in different niches of real estate industry as a Developer, Promoter and Marketing Professional of superior residential and commercial developments. The promoter had already promoted many residential units comprising different floor plans in the vicinity of Mohali, Greater Mohali, Kharar and Zirakpur. And Oasis Green is one of their newest projects, which hosts independently owned 3 BHK flats in Zirakpur that are well-equipped with all the basic amenities to facilitate the needs of residents. 

3 BHK Flats in Zirakpur3 BHK flats in Zirakpur by Oasis Green 

This residential project in Zirakpur is a result of untiring efforts of Oasis Green builders to provide a rare living experience whilst fulfilling the people demand of owning the home at the finest location. Apart from having built at the most promising location of Zirakpur, Oasis Green builders have featured 72 elegant and spacious 3 BHK independent floors at Patiala Highway, Highland Marg, High Ground Road, Zirakpur.",1,east,0,2,0,0,1,0,0,0,0,0,0,0,,,,,,,1.0,1.0,,1.0,,,,1.0,,1.0,
Highland Marg,1368,3890000,INR,,1,1,"ABOUT
Oasis Green, a magnificent residential landmark is a thought of young entrepreneurs to provide modern 3 BHK flats in Zirakpur at the most sought after and peaceful neighborhood of Chandigarh, Tricity within a small budget, including no separate or hidden costs. From the past 8 years, Oasis Green veterans have been diligently working into real estate sector wherein they gained extensive experience in different niches of real estate industry as a Developer, Promoter and Marketing Professional of superior residential and commercial developments. The promoter had already promoted many residential units comprising different floor plans in the vicinity of Mohali, Greater Mohali, Kharar and Zirakpur. And Oasis Green is one of their newest projects, which hosts independently owned 3 BHK flats in Zirakpur that are well-equipped with all the basic amenities to facilitate the needs of residents. 

3 BHK Flats in Zirakpur3 BHK flats in Zirakpur by Oasis Green 

This residential project in Zirakpur is a result of untiring efforts of Oasis Green builders to provide a rare living experience whilst fulfilling the people demand of owning the home at the finest location. Apart from having built at the most promising location of Zirakpur, Oasis Green builders have featured 72 elegant and spacious 3 BHK independent floors at Patiala Highway, Highland Marg, High Ground Road, Zirakpur.",1,west,0,2,0,0,1,0,0,0,0,0,0,0,,,,,,,1.0,,,1.0,,,,1.0,,1.0,
Highland Marg,1368,4190000,INR,,1,1,"ABOUT
Oasis Green, a magnificent residential landmark is a thought of young entrepreneurs to provide modern 3 BHK flats in Zirakpur at the most sought after and peaceful neighborhood of Chandigarh, Tricity within a small budget, including no separate or hidden costs. From the past 8 years, Oasis Green veterans have been diligently working into real estate sector wherein they gained extensive experience in different niches of real estate industry as a Developer, Promoter and Marketing Professional of superior residential and commercial developments. The promoter had already promoted many residential units comprising different floor plans in the vicinity of Mohali, Greater Mohali, Kharar and Zirakpur. And Oasis Green is one of their newest projects, which hosts independently owned 3 BHK flats in Zirakpur that are well-equipped with all the basic amenities to facilitate the needs of residents. 

3 BHK Flats in Zirakpur3 BHK flats in Zirakpur by Oasis Green 

This residential project in Zirakpur is a result of untiring efforts of Oasis Green builders to provide a rare living experience whilst fulfilling the people demand of owning the home at the finest location. Apart from having built at the most promising location of Zirakpur, Oasis Green builders have featured 72 elegant and spacious 3 BHK independent floors at Patiala Highway, Highland Marg, High Ground Road, Zirakpur.",1,east,0,2,0,0,1,0,0,0,0,0,0,0,,,,,,,1.0,,,1.0,,,,1.0,,1.0,
Highland Marg,1369,3890000,INR,,1,1,"ABOUT
Oasis Green, a magnificent residential landmark is a thought of young entrepreneurs to provide modern 3 BHK flats in Zirakpur at the most sought after and peaceful neighborhood of Chandigarh, Tricity within a small budget, including no separate or hidden costs. From the past 8 years, Oasis Green veterans have been diligently working into real estate sector wherein they gained extensive experience in different niches of real estate industry as a Developer, Promoter and Marketing Professional of superior residential and commercial developments. The promoter had already promoted many residential units comprising different floor plans in the vicinity of Mohali, Greater Mohali, Kharar and Zirakpur. And Oasis Green is one of their newest projects, which hosts independently owned 3 BHK flats in Zirakpur that are well-equipped with all the basic amenities to facilitate the needs of residents. 

3 BHK Flats in Zirakpur3 BHK flats in Zirakpur by Oasis Green 

This residential project in Zirakpur is a result of untiring efforts of Oasis Green builders to provide a rare living experience whilst fulfilling the people demand of owning the home at the finest location. Apart from having built at the most promising location of Zirakpur, Oasis Green builders have featured 72 elegant and spacious 3 BHK independent floors at Patiala Highway, Highland Marg, High Ground Road, Zirakpur.",1,west,0,2,0,0,1,1,0,0,0,0,0,0,,,,,,,1.0,,,1.0,,,,1.0,,1.0,
Mohali Sector 127,1100,3490000,INR,,1,1,"It’s a 3bhk fully furnished flat situated in Sector 127 on highway Mohali. It has an area of 1100 sqft with a carpet area of 1050 sqft . The property is available at a price of Rs. 34.90 lac . It is facing east direction. The property is available on freehold. The property has 3 bathrooms and 2 balconies. This residential property is ready-to-move-in. The time you'll spend here will become the greatest moment of your life that will also help you to relieve, relax & evoke a great sense of happiness. The site is in close proximity to various civic utilities.",1,east,1,2,0,1,1,1,0,0,0,0,1,0,,,,,,1.0,1.0,,,1.0,1.0,1.0,,1.0,,1.0,
Mohali Sector 127,900,2190000,INR,,1,1,"A spacious 2 bhk builder floor is available for sale in Mohali Sector 127, Chandigarh. The house is furnished. It is on the 2nd floor of the building (total number of floors are 2). The property is available on freehold. It has 2 bathrooms and 2 balconies. Please contact for more details. ",1,east,1,2,0,1,1,1,0,0,0,0,1,0,,,,,,1.0,1.0,,,1.0,1.0,1.0,,1.0,,1.0,
Dera Bassi,900,2090000,INR,,1,1,It has a built-up area of 900 sqft and is priced at Rs. 20.90 lac (negotiable). It is on the 3rd floor of the building (total number of floors are 3). Its main door is facing north direction. The property is available on freehold. It has 2 bathrooms and 2 balconies. It is made in way to provide a comfortable living for the residents. ,1,north,0,2,0,1,1,1,1,1,0,1,1,0,,,,1.0,1.0,1.0,1.0,1.0,1.0,1.0,1.0,1.0,1.0,1.0,1.0,1.0,1.0
Dera Bassi,560,1450000,INR,,1,1,"'Aksh Homes' offer 1BHK accommodation with modern facilities that add finesse to your day-to-day life. The Project is situated at prime location of Sector-16, Derabassi and is minutes away from Zirakpur.

*Location-* Sector 16 Derabassi, Adj Sukhmani Engineering College, Just 500m from Chandigarh Ambala highway.
1 BHK – 1 Bedroom , Hall, Kitchen & Washroom 

*Features*
? G+2 Floors
? Ready for Possession
? Modular Kitchen, Wardrobes
? Electrical Fittings & Tile Flooring
? High Quality Sanitary/hardware fittings
? Front Balcony and Rear Washing Area
? Independent Water Supply
? Independent access to each Flat
? 30+ Families already shifted in complex
? Suitable for a small family looking for their own home 
? Suitable for investor as high demand location due to college nearby",1,southwest,0,1,0,0,0,1,0,0,0,0,0,0,7.1,,,,,1.0,1.0,,,1.0,1.0,1.0,1.0,1.0,,,
sector 5 Mubarikpur road derabassi,1120,2475000,INR,,1,1,"A 2 bhk property is available for sale in sector 5 Mubarikpur road derabassi, Chandigarh. It is a semi-furnished property. It is on the 1st floor of the building (total number of floors are 3). The property is in a complex owned by a co-operative society. It has 2 bathrooms and 2 balconies. The society is well connected by different modes of transportation. Please contact for more details. ",1,northeast,0,0,0,0,1,0,0,0,0,0,0,0,,,,,,,,,,1.0,,1.0,1.0,,,,
Mohali Sec 125,1053,4490000,INR,,1,0,"It’s a 3 bhk builder floor situated in Mohali Sec 125. It has a salable area of 1053 sqft and is available at a price of Rs. 4,264 per sqft. The house is semi-furnished. It is located on the ground floor(out of a total of 3 floor(s)). The property is available on freehold. It is an under-construction property and is expected to get completed by 15/04/2022. The society is well connected by different modes of transportation. Contact us for more details. ",1,west,0,0,0,0,0,0,0,0,0,0,0,0,,,,,,,,,,1.0,,,1.0,1.0,,,
Dera Bassi,1625,3490000,INR,,1,1,"A 3 bhk property is available for sale in Dera Bassi, Chandigarh. It has a built-up area of 1625 sqft and is priced at Rs. 34.90 lac (negotiable). It is a semi-furnished property. It is located on the 1st floor(out of a total of 3 floor(s)). It is facing northeast direction. The property is available on freehold. The property has 3 bathrooms and 2 balconies. It is made in way to provide a comfortable living for the residents. It is situated in the proximity of all the important facilities. Please contact for more details. ",1,northeast,0,0,0,1,1,0,1,0,0,0,1,0,7.1,,,,,,,,,1.0,,,,,,,
Highland Marg,1369,3995000,INR,,1,1,"FEATURES
No hidden charges like PLC, Car Parking, EDC, Sinking Fund, IFMS, Electrification etc.
Superb Location on Zirakpur Patiala Highway.
Connected to Chandigarh, Mohali, International Airport, Punjab, Haryana & Himachal.
Earth Quake resistant Structure with strong foundation.
Entire Structure is RCC framed.
Eco Friendly as all outer walls are of AAC Blocks with Multilevel beams.
Vaastu Friendly – Natural light in all the bedrooms and Drawing dining area.
Modern design of Spacious 3 BHK with store room.
Proper arrangement for water, Electricity and Sewerage.
Ample Covered parking for cars and two wheelers.
Modern Interior with designer false ceiling with LED Lights.
Stylish and luxurious sliding cupboards with LCD Panels.
Designed Modular Kitchen.
Branded sanitary fittings in Washrooms and Kitchen.
Roof rights with top floor and Store room for every floor.
Superb Location
On Zirakpur Patiala Highway surrounding habitation.
Connected to Chandigarh, Mohali, International Airport, Punjab, Haryana & Himachal.
All the major eating joints like Domino’z, Pizza Hut, Gopal’s, Sindhi, McD, KFC etc nearby.
Schools, Hospitals and commercial business center nearby.
Daily need shopping at door step.",1,east,0,2,0,0,1,0,0,0,0,0,0,0,,,,,,,1.0,,,1.0,,,,1.0,,1.0,
Highland Marg,1369,4195000,INR,,1,1,"It has a salable area of 1369 sqft and is available at a price of Rs. 3,064 per sqft. The property is available on freehold. This residential property is ready-to-move-in. It is made in way to provide a comfortable living for the residents. The society is well connected by different modes of transportation. If you are interested, please contact us for more details. ",1,east,0,2,0,0,1,0,0,0,0,0,0,0,,,,,,,1.0,,,1.0,,,,1.0,,1.0,
Highland Marg,1368,3890000,INR,,1,1,"It’s a 3 bhk builder floor situated in Highland Marg, Chandigarh. It has an area of 1368 sqft with a carpet area of 980 sqft . The property is available at a price of Rs. 38.90 lac (negotiable ). It is a semi-furnished property. Its main door is facing east direction. The property is available on freehold. The property has 3 bathrooms and 2 balconies. It is situated in the proximity of all the important facilities. Contact us for more details. ",1,east,0,2,0,0,1,0,0,0,0,0,0,0,,,,,,,1.0,,,1.0,,,,1.0,,1.0,
Patiala Road Zirakpur,1300,4190000,INR,,1,1,"It’s a 3 bhk builder floor situated in Patiala Road Zirakpur, Chandigarh. It has an area of 1300 sqft with a carpet area of 1100 sqft . The property is available at a price of Rs. 41.90 lac (negotiable ). It is located on the 2nd floor(out of a total of 3 floor(s)). It is a garden facing property. The property is available on freehold. The property has 3 bathrooms and 2 balconies. It is a ready-to-move-in property. The time you'll spend here will become the greatest moment of your life that will also help you to relieve, relax & evoke a great sense of happiness. Please contact us for more details. ",1,northeast,0,1,1,1,1,1,0,0,0,0,0,0,,,,,,,,,,1.0,,1.0,,,,,
sector 123,1111,2790000,INR,,1,1,"It has a built-up area of 1111 sqft and is priced at Rs. 27.90 lac (negotiable). It has 2 wardrobe, 1 tv, 1 sofa and 1 dining table. It also has 2 bed and 1 modular kitchen. The property provides an excellent view as it is a corner property. The property is available on freehold. The property has 2 bathrooms and 2 balconies. It is situated in the proximity of all the important facilities. ",1,west,1,1,0,0,1,0,0,0,0,0,1,0,,,,,,1.0,1.0,,,1.0,1.0,1.0,1.0,1.0,,1.0,
Shivalik Vihar Road,945,2590000,INR,,1,1,"It has a salable area of 945 sqft and is available at a price of Rs. 2,740 per sqft. It is a furnished property. It has 2 wardrobe, 1 sofa, 1 wifi and 1 dining table. It also has 2 bed. It is on 2nd floor. The building has a total of 3 floor(s). Its main door is facing east direction. It has 2 bathrooms and 1 balcony. It is a ready-to-move-in property. Please contact for more details. ",1,east,1,1,0,0,1,1,0,1,0,0,1,1,,,,1.0,,1.0,,,,1.0,1.0,1.0,1.0,1.0,,1.0,
Mullanpur Garibdass,2250,6600000,INR,0,1,1,This spacious 3 bhk builder floor is available for sale and is located in the heart of Mullanpur Garibdass. The house is semi-furnished. It is on the 1st floor of the building (total number of floors are 4). The property is available on freehold. The property has 3 bathrooms and 3 balconies. It is an under-construction property and is expected to get completed by 20/04/2023. It is made in way to provide a comfortable living for the residents. The society is well connected by different modes of transportation. Please contact for more details. ,1,northeast,0,0,0,1,1,1,1,1,1,1,1,1,,,,1.0,1.0,1.0,1.0,1.0,1.0,1.0,1.0,1.0,1.0,,1.0,1.0,1.0
Peermachhala,1350,4000000,INR,1,1,1,"It’s a 3 bhk builder floor situated in Peermachhala, Chandigarh. It has a built-up area of 1350 sqft and is priced at Rs. 40.00 lac (negotiable). The house is semi-furnished. It is on the 1st floor of the building (total number of floors are 3). The property is available on freehold. This residential property is ready-to-move-in. It is situated in the proximity of all the important facilities. ",1,east,0,1,1,0,1,0,0,0,0,0,0,0,,,,,,,,,,1.0,,,,,,,
PEER MUCHALLA ADJOING SEC 20 PANCHKULA,1350,3900000,INR,1,1,1,"A spacious 3 bhk builder floor is available for sale in PEER MUCHALLA ADJOING SEC 20 PANCHKULA, Chandigarh. The house is semi-furnished. It’s on 1st floor out of 3 floors building. It is east facing property. The property is available on freehold. The property has 3 bathrooms and 2 balconies. This residential property is ready-to-move-in. The time you'll spend here will become the greatest moment of your life that will also help you to relieve, relax & evoke a great sense of happiness. It is well connected to the city areas. If you are interested, please contact us for more details. ",1,east,0,1,1,0,1,0,0,0,0,0,0,0,,,,,,,,,,1.0,,,,,,,
Zirakpur Road,1800,6900000,INR,1,1,1,"It’s a 3 bhk builder floor situated in Zirakpur Road. The house is semi-furnished. It’s on 1st floor out of 4 floors building. It is a garden facing property. The property has 3 bathrooms and 3 balconies. It is made in way to provide a comfortable living for the residents. The society is well connected by different modes of transportation. If you are interested, please contact us for more details. ",1,east,0,1,1,1,1,0,0,1,1,0,0,1,,,,,,,,,,1.0,,,,,,,
PEER MUCHALLA ADJOING SEC 20 PANCHKULA,1450,4000000,INR,1,1,1,"A spacious 3 bhk builder floor is available for sale in PEER MUCHALLA ADJOING SEC 20 PANCHKULA, Chandigarh. It has a built-up area of 1450 sqft and is priced at Rs. 40.00 lac (negotiable). It is a semi-furnished property. It’s on 1st floor out of 3 floors building. It is facing east direction. The property is available on freehold. It has 3 bathrooms and 2 balconies. This residential property is ready-to-move-in. The time you'll spend here will become the greatest moment of your life that will also help you to relieve, relax & evoke a great sense of happiness. The site is in close proximity to various civic utilities. Kindly call us for details. ",1,east,0,1,0,0,1,0,0,0,0,0,0,0,,,,,,,,,,1.0,,,,,,,
PEER MUCHALLA ADJOING SEC 20 PANCHKULA,1400,4000000,INR,1,1,1,"Newly built S+3 with lift independent floors 3bedroom 3washroom with designer wardrobe, Innotech modular kitchen, 117 yd 39.90 L 3 BHK complete pop ceiling work in every room and drawing dinning with all basic amenities in rera approved gated society",1,east,0,1,1,0,1,0,0,0,0,0,0,0,,,,,,,,,,1.0,,,,,,,
Sector 20 Panchkula,1500,4000000,INR,1,1,1,It has a built-up area of 1500 sqft and is priced at Rs. 40.00 lac (negotiable). Its main door is facing east direction. The property is available on freehold. It has 3 bathrooms and 2 balconies. It is a ready-to-move-in property. It is made in way to provide a comfortable living for the residents. It is well connected to the city areas. Kindly call us for details. ,1,east,0,1,0,0,0,0,0,0,0,0,0,0,8.6,,,,,,,,,1.0,,,,,,,
NEARBY PEERMUCHALLA SECTOR 20 PANCHKULA,1250,3200000,INR,1,1,1,"A spacious 3 bhk builder floor is available for sale in NEARBY PEERMUCHALLA SECTOR 20 PANCHKULA, Chandigarh. It has an area of 1250 sqft . The property is available at a price of Rs. 32.00 lac (negotiable ). It is a semi-furnished property. It is located on the 1st floor(out of a total of 3 floor(s)). Its main door is facing east direction. The property is available on freehold. It has 3 bathrooms and 2 balconies. This residential property is ready-to-move-in. It is made in way to provide a comfortable living. It is well connected to the city areas. ",1,east,0,1,0,0,1,0,0,0,0,0,0,0,,,,,,,,,,1.0,,,,,,,
PEER MUCHALLA ADJOING SEC 20 PANCHKULA,1800,6000000,INR,1,1,1,"A spacious 3 bhk builder floor is available for sale in PEER MUCHALLA ADJOING SEC 20 PANCHKULA, Chandigarh. It has a built-up area of 1800 sqft and is priced at Rs. 60.00 lac (negotiable). The house is semi-furnished. It is located on the 1st floor(out of a total of 4 floor(s)). It is east facing property. It is made in way to provide a comfortable living for the residents. The site is in close proximity to various civic utilities. ",1,east,0,1,1,1,1,0,0,1,1,0,0,1,,,,,,,,,,1.0,,,,,,,
Dhakoli,1050,2950000,INR,1,1,0,,1,northeast,0,122,0,0,0,1,0,0,0,1,0,0,,,,1.0,,,,,,,,,,,,,
PEER MUCHALLA ADJOING SEC 20 PANCHKULA,1350,3900000,INR,1,1,1,"A 3 bhk property is available for sale in PEER MUCHALLA ADJOING SEC 20 PANCHKULA, Chandigarh. It is a semi-furnished property. One of the major USPs of the property is that it is a garden facing property. The property is available on freehold. The property has 3 bathrooms and 2 balconies. It is a ready-to-move-in property. It is well connected to the city areas. Please contact us for more details. ",1,east,0,1,1,0,1,0,0,0,0,0,0,0,,,,,,,,,,1.0,,,,,,,
kharar landran road,850,2390000,INR,,1,1,"Features and Facilities Available For Your Comfort 

Modern Fittings in Kitchen 
Branded Tiles Flooring
Branded Bath Fitting
Plastic Paint
Sliding Cupboards 
False Ceiling
Gated Society 
Green Park 

Near Highway 

Direct Call Me For Booking and Any Other INFORMATION About Project",1,northeast,1,0,0,0,1,1,0,1,0,0,1,0,,,,,,1.0,1.0,,,1.0,1.0,1.0,1.0,,,,
Airport Road,1000,2750000,INR,,1,1,"Features and Facilities Available For Your Comfort 

Modern Fittings in Kitchen 
Branded Tiles Flooring
Branded Bath Fitting
Plastic Paint
Sliding Cupboards 
False Ceiling
Gated Society 
Green Park 

Near Highway 

Direct Call Me For Booking and Any Other INFORMATION About Project",1,northeast,1,0,0,0,1,1,0,1,0,0,1,0,,,,,,1.0,1.0,,,1.0,1.0,1.0,,,,,
Mohali Sector 127,600,1690000,INR,,1,1,"Features and Facilities Available For Your Comfort 

Modern Fittings in Kitchen 
Branded Tiles Flooring
Branded Bath Fitting
Plastic Paint
Sliding Cupboards 
False Ceiling
Gated Society 
Green Park 

Near Highway 

Direct Call Me For Booking and Any Other INFORMATION About Project",1,northeast,1,0,0,0,1,1,0,1,0,0,1,0,,,,,,1.0,1.0,,,1.0,1.0,1.0,,,,,
Patiala Road Zirakpur,1080,3950000,INR,,1,1,"Lavish Green Spaces
Wide frontage from PR7, International Airport Road
Spanish Architecture
Well Equipped Club House
Sports Activities
Guest Rooms/Dormitory
Swimming Pool with Lockers/Changing Rooms
Spacious Rooms with Wide Balconies
24 Hours Security, Surveillance with Intercom
10 Min. from International Airport Road",1,southeast,0,0,0,1,1,1,0,0,1,0,1,1,,,,,,,1.0,,,1.0,,,,,,,
PEER MUCHALLA ADJOING SEC 20 PANCHKULA,1310,3990000,INR,,1,1,"A spacious 3 bhk builder floor is available for sale in PEER MUCHALLA ADJOING SEC 20 PANCHKULA, Chandigarh. It has an area of 1310 sqft with a carpet area of 1050 sqft . The property is available at a price of Rs. 39.90 lac (negotiable ). The house is semi-furnished. It is on 1st floor. The building has a total of 3 floor(s). One of the major USPs of the property is that it is a road facing property. The property is available on freehold. It has 3 bathrooms and 2 balconies. This residential property is ready-to-move-in. It is made in way to provide a comfortable living for the residents. It is well connected to the city areas. Please contact for more details. ",1,north,0,2,1,0,1,0,0,0,0,0,0,0,,,,,,,,,,1.0,,,,,,,
Mohali Sec 125,1550,3400000,INR,,1,1,"A spacious 3 bhk builder floor is available for sale in Mohali Sec 125, Chandigarh. It has an area of 1550 sqft with a carpet area of 1250 sqft . The property is available at a price of Rs. 34.00 lac (negotiable ). The house is semi-furnished. Furnishings include 1 refrigerator, 1 gas connection, 1 ac and 1 modular kitchen. One of the major USPs of the property is that it is a garden facing property. It is a ready-to-move-in property. The society is well connected by different modes of transportation. ",1,south,0,2,0,1,1,0,1,0,0,1,0,0,,,,,,,1.0,1.0,,1.0,,,,1.0,,,
Patiala Road Zirakpur,460,1550000,INR,,1,1,"This spacious 1 bhk builder floor is available for sale and is located in the heart of Patiala Road Zirakpur. It has a built-up area of 460 sqft and is priced at Rs. 15.50 lac (negotiable). It is a semi-furnished property. It has 1 wardrobe, 1 wifi, 1 gas connection and 1 modular kitchen. It is on 3rd floor. The building has a total of 3 floor(s). It is a road facing property. The property is available on freehold. The property has 1 bathroom and 2 balconies. It is a ready-to-move-in property. The time you'll spend here will become the greatest moment of your life that will also help you to relieve, relax & evoke a great sense of happiness. The society is well connected by different modes of transportation. If you are interested, please contact us for more details. ",1,northeast,0,1,1,1,1,1,1,1,1,1,1,1,,,,1.0,1.0,1.0,1.0,1.0,1.0,1.0,1.0,1.0,1.0,1.0,1.0,1.0,1.0
Patiala Road Zirakpur,460,1600000,INR,,1,1,"It has a salable area of 460 sqft and is available at a price of Rs. 3,478 per sqft. It is a semi-furnished property. Its main door is facing northeast direction. The property is available on freehold. The property has 1 bathroom and 2 balconies. It is a ready-to-move-in property. The time you'll spend here will become the greatest moment of your life that will also help you to relieve, relax & evoke a great sense of happiness. ",1,northeast,0,1,1,1,1,1,1,1,1,1,1,1,,,,1.0,1.0,1.0,1.0,1.0,1.0,1.0,1.0,1.0,1.0,1.0,1.0,1.0,1.0
Patiala Road Zirakpur,460,1650000,INR,,1,1,"Well designed 1 bhk builder floor is available at a prime location in Patiala Road Zirakpur. It has an area of 460 sqft with a carpet area of 415 sqft . The property is available at a price of Rs. 16.50 lac (negotiable ). It is a semi-furnished property. It has 1 wardrobe, 1 wifi, 1 gas connection and 1 modular kitchen. The property provides an excellent view as it is a corner property. It has 1 bathroom and 2 balconies. This residential complex is under-construction as of now. The expected completion date is 25/12/2021. The time you'll spend here will become the greatest moment of your life that will also help you to relieve, relax & evoke a great sense of happiness. If you are interested, please contact us for more details. ",1,northeast,0,0,1,1,1,1,1,1,1,1,1,1,,,,1.0,1.0,1.0,1.0,1.0,1.0,1.0,1.0,1.0,1.0,1.0,1.0,1.0,1.0
Patiala Road Zirakpur,510,1850000,INR,,1,1,It has a built-up area of 510 sqft and is priced at Rs. 18.50 lac (negotiable). It’s on 1st floor out of 3 floors building. One of the major USPs of the property is that it is a corner property. The property is available on freehold. It is well connected to the city areas. ,1,northeast,0,1,1,1,1,1,1,1,1,1,1,1,,,,1.0,1.0,1.0,1.0,1.0,1.0,1.0,1.0,1.0,1.0,1.0,1.0,1.0,1.0
Patiala Road Zirakpur,510,1750000,INR,,1,1,"Well designed 1 bhk builder floor is available at a prime location in Patiala Road Zirakpur. The house is semi-furnished. It has 1 wardrobe, 1 wifi, 1 gas connection and 1 modular kitchen. It’s on 3rd floor out of 3 floors building. It is northeast facing property. The property is available on freehold. The property has 2 bathrooms and 2 balconies. It is a ready-to-move-in property. It is made in way to provide a comfortable living for the residents. It is situated in the proximity of all the important facilities. If you are interested, please contact us for more details. ",1,northeast,0,1,1,1,1,1,1,1,1,0,1,1,,,,1.0,1.0,1.0,1.0,1.0,1.0,1.0,1.0,1.0,1.0,1.0,1.0,1.0,1.0
Patiala Road Zirakpur,510,1800000,INR,,1,1,The house is semi-furnished. The property has 2 bathrooms and 2 balconies. This residential property is ready-to-move-in. It is made in way to provide a comfortable living for the residents. It is situated in the proximity of all the important facilities. Contact us for more details. ,1,northeast,0,1,1,1,1,1,1,1,1,1,1,1,,,,1.0,1.0,1.0,1.0,1.0,1.0,1.0,1.0,1.0,1.0,1.0,1.0,1.0,1.0
Patiala Road Zirakpur,510,1850000,INR,,1,1,It has a built-up area of 510 sqft and is priced at Rs. 18.50 lac (negotiable). It’s on 1st floor out of 3 floors building. One of the major USPs of the property is that it is a corner property. The property is available on freehold. It is well connected to the city areas. ,1,northeast,0,1,1,1,1,1,1,1,1,1,1,1,,,,1.0,1.0,1.0,1.0,1.0,1.0,1.0,1.0,1.0,1.0,1.0,1.0,1.0,1.0
Panchkula Road,1100,2590000,INR,,1,0,Very good project near by Sector 20 Panchkula Chandigarh 5 minut distance Airport Road 5 minut distance Zirakpur 2 minut distance nearby garden nearby school near by Hospital two side open very reasonable price number one quality material,1,northeast,0,2,0,0,1,0,0,0,0,0,0,0,,,,,,,,,,1.0,,,,,,,
Sec 124 Sunny Enclave,1550,3490000,INR,,1,1,"It has a salable area of 1550 sqft and is available at a price of Rs. 2,251 per sqft. It is a road facing property. The property is available on freehold. It has 3 bathrooms and 1 balcony. The time you'll spend here will become the greatest moment of your life that will also help you to relieve, relax & evoke a great sense of happiness. ",1,,0,0,0,1,1,0,0,0,0,0,0,0,,,,,,,1.0,1.0,,1.0,,,,1.0,,,
Mohali Sec 125,1550,3400000,INR,,1,1,"Well designed 3 bhk builder floor is available at a prime location in Mohali Sec 125. It has a built-up area of 1550 sqft and is priced at Rs. 34.00 lac (negotiable). It is a semi-furnished property. It is east facing property. The property is available on freehold. It has 3 bathrooms and 2 balconies. It is a ready-to-move-in property. The time you'll spend here will become the greatest moment of your life that will also help you to relieve, relax & evoke a great sense of happiness. It is situated in the proximity of all the important facilities. Kindly call us for details. ",1,east,0,2,0,0,1,1,0,0,0,0,0,0,,,,,,,1.0,1.0,,1.0,,,,1.0,,,
Mohali Sector 127,2018,7290000,INR,0,1,1,"SBP City of Dreams is the biggest feather in SBP’s cap of achievements. A prodigious project spread across the area of 100 acres, accommodating 8000 apartments. Developed in phases, the first phase initiated the construction of half of the area i.e. 4000 apartments spread across 50 acres. By investing in this project, you get an inimitable ambiance that is high on luxury and low on price.

An elevated Lifestyle awaits you at the City of Dreams. Through exemplified planning and design that adds comfort and finesse to your day-to-day life, this project offers a highly distinctive lifestyle.

Intelligent space planning, verdant landscaped gardens, walkways and courtyards. All this added up with ultra modern facilities is what gives you an above the ordinary lifestyle at City of Dreams.
 Amphitheater
 Smart Card Security System
 Shuttle service
 Guest Car Parking
 Lifts with ARD System
 3 tier security
 3 Highway Connectivity
 Special zone for Elder Persons

 Shopping Complex inside the premises
 Diagnostic Centre Inside the Premises
 Amphitheater
 Jogging Track With centralized music system
 Open Air Theatre for Cultural Extravaganza
 Safe kids play zone with rubberized floor
 Eco Friendly Cycle Docking & Riding Facility
 3 Star Category Indoor & Outdoor Banquet

 3 Star Category Guest Room
 Driver’s Dormitory
 Rooftop Swimming Pool
 Premium Well Equipped Gym
 Billiards
 Table Tennis Court
 Yoga & Meditation",1,northeast,0,0,1,1,1,1,1,1,1,1,1,1,,,,1.0,1.0,1.0,1.0,1.0,1.0,1.0,1.0,1.0,1.0,1.0,1.0,1.0,1.0
New Chandigarh Mullanpur,2250,6600000,INR,0,1,1,"It’s a 3 bhk builder floor situated in New Chandigarh Mullanpur, Chandigarh. It has an area of 2250 sqft . The property is available at a price of Rs. 66.00 lac (negotiable ). The house is semi-furnished. The property has 3 bathrooms and 3 balconies. This residential complex is under-construction as of now. The expected completion date is 15/06/2023. Please contact us for more details. ",1,,0,0,0,0,0,0,0,0,0,0,0,0,,,,,,,,,,,,,,,,,
Mullanpur Garibdass,2250,6600000,INR,0,1,1,This spacious 3 bhk builder floor is available for sale and is located in the heart of Mullanpur Garibdass. It has an area of 2250 sqft . The property is available at a price of Rs. 66.00 lac (negotiable ). The house is semi-furnished. It is facing northeast direction. The property is available on freehold. The property has 3 bathrooms and 4 balconies. It is an under-construction property and is expected to get completed by 13/04/2023. It is made in way to provide a comfortable living. The society is well connected by different modes of transportation. Kindly call us for details. ,1,northeast,0,0,1,1,1,1,1,1,1,1,1,1,,,,1.0,1.0,1.0,1.0,1.0,1.0,1.0,1.0,1.0,1.0,1.0,1.0,1.0,
PEER MUCHALLA ADJOING SEC 20 PANCHKULA,1400,3600000,INR,1,1,1,"It’s a 3 bhk builder floor situated in PEER MUCHALLA ADJOING SEC 20 PANCHKULA. It has a built-up area of 1400 sqft and is priced at Rs. 36.00 lac (negotiable). The house is semi-furnished. It is located on the 1st floor(out of a total of 3 floor(s)). It is a garden facing property. The property is available on freehold. It has 3 bathrooms and 2 balconies. It is a ready-to-move-in property. The time you'll spend here will become the greatest moment of your life that will also help you to relieve, relax & evoke a great sense of happiness. It is well connected to the city areas. Please contact for more details. ",1,east,0,1,0,1,0,0,0,0,1,0,0,1,,,,,,,,,,1.0,,,,,,,
PEER MUCHALLA ADJOING SEC 20 PANCHKULA,1500,4000000,INR,1,1,1,"A 3 bhk property is available for sale in PEER MUCHALLA ADJOING SEC 20 PANCHKULA, Chandigarh. It has a built-up area of 1500 sqft and is priced at Rs. 40.00 lac (negotiable). It is on the 1st floor of the building (total number of floors are 3). It is facing east direction. The property is available on freehold. The property has 3 bathrooms and 2 balconies. It is a 4 year old ready-to-move-in property. The time you'll spend here will become the greatest moment of your life that will also help you to relieve, relax & evoke a great sense of happiness. Please contact us for more details. ",1,east,0,5,0,0,1,0,0,0,0,0,0,0,,,,,,,,,,1.0,,,,,,,
NEARBY PEERMUCHALLA SECTOR 20 PANCHKULA,1200,3200000,INR,1,1,1,This spacious 3 bhk builder floor is available for sale and is located in the heart of NEARBY PEERMUCHALLA SECTOR 20 PANCHKULA. It has a built-up area of 1200 sqft and is priced at Rs. 32.00 lac (negotiable). The house is semi-furnished. It is on 1st floor. The building has a total of 3 floor(s). Its main door is facing east direction. It has 3 bathrooms and 2 balconies. This residential property is ready-to-move-in. It is made in way to provide a comfortable living. The society is well connected by different modes of transportation. Kindly call us for details. ,1,east,0,0,0,0,1,0,0,0,0,0,0,1,,,,,,,,,,1.0,,,,,,,
PEER MUCHALLA ADJOING SEC 20 PANCHKULA,1400,4000000,INR,1,1,1,Well designed 3 bhk builder floor is available at a prime location in PEER MUCHALLA ADJOING SEC 20 PANCHKULA. It has a built-up area of 1400 sqft and is priced at Rs. 40.00 lac (negotiable). It is on 1st floor. The building has a total of 3 floor(s). It is made in way to provide a comfortable living for the residents. The site is in close proximity to various civic utilities. Contact us for more details. ,1,east,0,1,0,0,1,0,0,0,0,0,0,1,,,,,,,,,,1.0,,,,,,,
PEER MUCHALLA ADJOING SEC 20 PANCHKULA,1350,3900000,INR,1,1,1,"This spacious 3 bhk builder floor is available for sale and is located in the heart of PEER MUCHALLA ADJOING SEC 20 PANCHKULA. It has an area of 1350 sqft . The property is available at a price of Rs. 39.00 lac (negotiable ). It is a semi-furnished property. It is on 1st floor. The building has a total of 3 floor(s). It is a garden facing property. The property is available on freehold. It has 3 bathrooms and 3 balconies. It is a 4 year old ready-to-move-in property. The time you'll spend here will become the greatest moment of your life that will also help you to relieve, relax & evoke a great sense of happiness. It is situated in the proximity of all the important facilities. Contact us for more details. ",1,east,0,5,1,0,1,0,0,0,0,0,0,0,,,,,,,,,,1.0,,,,,,,
Peermachhala,1350,3900000,INR,1,1,1,"This spacious 3 bhk builder floor is available for sale and is located in the heart of Peermachhala. It has a salable area of 1350 sqft and is available at a price of Rs. 2,888 per sqft. It is on 2nd floor. The building has a total of 3 floor(s). It is a garden facing property. The property is available on freehold. The property has 3 bathrooms and 2 balconies. This residential property is ready-to-move-in. The time you'll spend here will become the greatest moment of your life that will also help you to relieve, relax & evoke a great sense of happiness. It is well connected to the city areas. Contact us for more details. ",1,east,0,1,1,0,1,0,0,0,0,0,0,0,,,,,,,,,,1.0,,,,,,,
PEER MUCHALLA ADJOING SEC 20 PANCHKULA,1450,3500000,INR,1,1,1,This spacious 3 bhk builder floor is available for sale and is located in the heart of PEER MUCHALLA ADJOING SEC 20 PANCHKULA. It is on 1st floor. The building has a total of 3 floor(s). The property is available on freehold. It is a 4 year old ready-to-move-in property. It is well connected to the city areas. Please contact for more details. ,1,east,0,5,0,0,1,0,0,0,0,0,0,0,,,,,,,,,,1.0,,,,,,,
Gazipur Road,1000,3490000,INR,,1,1,"Located in one of the prime location of North India, Zirakpur, Savitry Greens is a top notch residential project by the reputed builders, NK Sharma Group. With an excellent connectivity and a long list of amenities, it is now a prominent choice of people looking for their own home near Chandigarh. After having established a rock-solid credibility among the buyers and real estate experts, the ready to move in in flats at Savitry Greens, Zirakpur are synonymous with excellence in quality, Style and substance. With brilliant construction and tranquil living, it is the use of green home technology, which separates us from the world. And, this green solution has helped a lot in energy preservation.",1,northeast,0,0,0,0,0,0,0,0,0,0,0,0,,,,,,,,,,,,,,,,,
Gazipur Road,1000,2890000,INR,,1,1,"A 2 bhk property is available for sale in Gazipur Road, Chandigarh. It has a built-up area of 1000 sqft and is priced at Rs. 28.90 lac (negotiable). The house is semi-furnished. It is on the 1st floor of the building (total number of floors are 3). One of the major USPs of the property is that it is a corner property. The property is available on freehold. It has 2 bathrooms and 2 balconies. This residential property is ready-to-move-in. It is made in way to provide a comfortable living. The site is in close proximity to various civic utilities. Kindly call us for details. ",1,northeast,0,0,0,0,0,0,0,0,0,0,0,0,,,,,,,,,,,,,,,,,
Patiala Road Zirakpur,1350,4100000,INR,,1,1,"It has a built-up area of 1350 sqft and is priced at Rs. 41.00 lac (negotiable). One of the major USPs of the property is that it is a pool facing property. The property is available on freehold. The property has 3 bathrooms and 3 balconies. It is an under-construction property and is expected to get completed by 29/03/2022. The time you'll spend here will become the greatest moment of your life that will also help you to relieve, relax & evoke a great sense of happiness. ",1,northeast,0,0,1,1,1,1,1,1,1,1,1,1,,,,,1.0,1.0,1.0,1.0,1.0,1.0,1.0,1.0,1.0,1.0,1.0,1.0,
Mohali Sec 92,2250,7190000,INR,,1,1,"A 3 bhk property is available for sale in Mohali Sec 92, Chandigarh. It has a salable area of 2250 sqft and is available at a price of Rs. 3,195 per sqft. It’s on 3rd floor out of 4 floors building. It is a pool facing property. This residential complex is under-construction as of now. The expected completion date is 30/04/2021. It is situated in the proximity of all the important facilities. Kindly call us for details. ",1,northeast,0,0,1,0,1,1,1,1,1,1,1,0,,,,,1.0,,1.0,,1.0,1.0,,1.0,1.0,1.0,,1.0,
DLF Mullanpur,2250,7990000,INR,,1,1,"A 3 bhk property is available for sale in DLF Mullanpur, Chandigarh. It has an area of 2250 sqft with a carpet area of 1450 sqft . The property is available at a price of Rs. 79.90 lac (negotiable ). It is a semi-furnished property. It’s on 3rd floor out of 4 floors building. It is facing east direction. The property is available on freehold. It is an under-construction property and is expected to get completed by 30/04/2023. It is made in way to provide a comfortable living for the residents. The society is well connected by different modes of transportation. Contact us for more details. ",1,east,0,0,1,1,1,1,1,1,0,0,1,1,,,,1.0,,,1.0,,,1.0,,,,1.0,,1.0,
Patiala Road,1908,7000000,INR,,1,1,"A 3 bhk property is available for sale in Patiala Road, Chandigarh. It has a built-up area of 1908 sqft and is priced at Rs. 70.00 lac (negotiable). It is a semi-furnished property. It is located on the 2nd floor(out of a total of 4 floor(s)). Its main door is facing northeast direction. The property is available on freehold. The property has 3 bathrooms and 2 balconies. It is an under-construction property and is expected to get completed by 07/07/2022. The time you'll spend here will become the greatest moment of your life that will also help you to relieve, relax & evoke a great sense of happiness. The society is well connected by different modes of transportation. Please contact for more details. ",1,northeast,0,0,1,1,1,0,0,0,0,0,0,0,,,,,,,1.0,1.0,,1.0,,,,1.0,1.0,,1.0
Airport Road,1710,6550000,INR,,1,1,"It’s a 3 bhk builder floor situated in Airport Road, Chandigarh. It has an area of 1710 sqft with a carpet area of 1368 sqft . The property is available at a price of Rs. 65.50 lac (negotiable ). The property provides an excellent view as it overlooks the garden. The property is available on freehold. The property has 3 bathrooms and 2 balconies. This residential complex is under-construction as of now. The expected completion date is 01/12/2023. It is situated in the proximity of all the important facilities. ",1,northeast,0,0,1,1,1,0,0,0,0,0,0,0,,,,,1.0,,1.0,1.0,,1.0,,,,1.0,,,
Dera Bassi,1350,3200000,INR,,1,0,This spacious 3 bhk builder floor is available for sale and is located in the heart of Dera Bassi. The house is semi-furnished. The property is available on freehold. The property has 2 bathrooms and 1 balcony. The society is well connected by different modes of transportation. ,1,northeast,0,1,0,0,1,0,0,0,0,0,0,0,7.1,,,,,1.0,1.0,,,1.0,,,1.0,1.0,,,
Dhakoli,1200,3000000,INR,1,0,1,,1,east,0,122,0,0,0,1,0,0,0,0,0,0,,,,,,,,,,,,,,,,,
Dhakoli,900,3190000,INR,,0,1,,1,northwest,0,122,0,0,0,1,0,0,0,0,0,0,,,,,,,,,,,,,,,,,
Dhakoli,1200,3200000,INR,1,0,1,,1,northeast,0,122,0,0,0,1,0,0,0,0,0,0,,,,,,,,,,,,,,,,,
Dhakoli,900,3090000,INR,,0,1,,1,northwest,0,122,0,0,0,1,0,0,0,0,0,0,,,,,,,,,,,,,,,,,
Dhakoli,1200,3200000,INR,1,0,1,,1,south,0,122,0,0,0,1,0,0,0,0,0,0,,,,,,,,,,,,,,,,,
Dhakoli,900,3190000,INR,,0,1,,1,north,0,122,0,0,0,1,0,0,0,0,0,0,,,,,,,,,,,,,,,,,
Dhakoli,900,3090000,INR,,0,1,,1,northwest,0,122,0,0,0,1,0,0,0,0,0,0,,,,,,,,,,,,,,,,,
Dhakoli,900,3090000,INR,,0,1,,1,northwest,0,122,0,0,0,1,0,0,0,0,0,0,,,,,,,,,,,,,,,,,
PEER MUCHALLA ADJOING SEC 20 PANCHKULA,1400,3900000,INR,1,1,1,"A spacious 3 bhk builder floor is available for sale in PEER MUCHALLA ADJOING SEC 20 PANCHKULA, Chandigarh. It has a salable area of 1400 sqft and is available at a price of Rs. 2,785 per sqft. It is a semi-furnished property. It’s on 1st floor out of 3 floors building. Its main door is facing east direction. The property is available on freehold. It has 3 bathrooms and 2 balconies. It is a ready-to-move-in property. It is made in way to provide a comfortable living for the residents. It is well connected to the city areas. Please contact for more details. ",1,east,0,1,1,0,1,0,0,0,0,0,0,1,,,,,,,,,,1.0,,,,,,,
Peermachhala,1250,3200000,INR,1,1,0,It is a semi-furnished property. It is located on the 1st floor(out of a total of 3 floor(s)). Its main door is facing east direction. The property is available on freehold. This residential property is ready-to-move-in. ,1,east,0,1,0,0,1,0,0,0,0,0,0,0,,,,,,,,,,1.0,,,,,,,
NEARBY PEERMUCHALLA SECTOR 20 PANCHKULA,1350,3900000,INR,1,1,1,"Well designed 3 bhk builder floor is available at a prime location in NEARBY PEERMUCHALLA SECTOR 20 PANCHKULA. It has an area of 1350 sqft . The property is available at a price of Rs. 39.00 lac (negotiable ). It is a semi-furnished property. Its main door is facing east direction. The property is available on freehold. The property has 3 bathrooms and 2 balconies. It is a ready-to-move-in property. The time you'll spend here will become the greatest moment of your life that will also help you to relieve, relax & evoke a great sense of happiness. Please contact for more details. ",1,east,0,1,1,0,1,0,0,0,0,0,0,0,,,,,,,,,,1.0,,,,,,,
NEARBY PEERMUCHALLA SECTOR 20 PANCHKULA,1350,3500000,INR,1,1,0,"A 3 bhk property is available for sale in NEARBY PEERMUCHALLA SECTOR 20 PANCHKULA, Chandigarh. It has a built-up area of 1350 sqft and is priced at Rs. 35.00 lac . The house is semi-furnished. It’s on 1st floor out of 3 floors building. The property provides an excellent view as it overlooks the garden. The property is available on freehold. The property has 3 bathrooms and 2 balconies. It is a ready-to-move-in property. It is made in way to provide a comfortable living for the residents. The site is in close proximity to various civic utilities. ",1,east,0,1,1,0,1,0,0,0,0,0,0,0,,,,,,,,,,1.0,,,,,,,
PEER MUCHALLA ADJOING SEC 20 PANCHKULA,1190,3500000,INR,,1,0,Well designed 3 bhk builder floor is available at a prime location in PEER MUCHALLA ADJOING SEC 20 PANCHKULA. It is on 2nd floor. The building has a total of 3 floor(s). It is facing northeast direction. The property is available on freehold. Please contact for more details. ,1,northeast,0,0,0,1,1,0,0,0,0,0,0,0,,,,,,,,,,1.0,,,,,,,
Dhakoli,1150,3150000,INR,1,1,0,,1,northwest,0,122,0,0,0,1,0,0,0,1,0,0,,,,,,,,,,,,,,,,,
Dhakoli,1100,3300000,INR,1,1,0,,1,northeast,0,122,0,0,0,1,0,0,0,0,0,0,,,,,,,,,,,,,,,,,
DLF Mullanpur,2098,7990000,INR,,1,1,"It has a built-up area of 2098 sqft and is priced at Rs. 79.90 lac (negotiable). The house is semi-furnished. It is on the 3rd floor of the building (total number of floors are 4). It is facing east direction. The property is available on freehold. The time you'll spend here will become the greatest moment of your life that will also help you to relieve, relax & evoke a great sense of happiness. The site is in close proximity to various civic utilities. Kindly call us for details. ",1,east,0,0,1,1,1,1,1,1,1,1,1,1,,,,,1.0,1.0,1.0,1.0,1.0,1.0,1.0,1.0,,1.0,1.0,1.0,1.0
DLF Mullanpur,2250,7990000,INR,,1,1,It is facing east direction. The property is available on freehold. The property has 3 bathrooms and 2 balconies. It is an under-construction property and is expected to get completed by 30/09/2023. It is made in way to provide a comfortable living.,1,east,1,0,1,1,1,1,1,1,0,1,1,1,,,,,1.0,1.0,1.0,1.0,1.0,1.0,1.0,1.0,1.0,1.0,1.0,1.0,1.0
Patiala Road Zirakpur,510,1750000,INR,,1,1,"It has a built-up area of 510 sqft and is priced at Rs. 17.50 lac (negotiable). It is a semi-furnished property. It has 1 wardrobe, 1 wifi, 1 gas connection and 1 modular kitchen. Its main door is facing northeast direction. The property is available on freehold. It has 2 bathrooms and 2 balconies. It is a ready-to-move-in property. It is made in way to provide a comfortable living for the residents. It is situated in the proximity of all the important facilities. Contact us for more details. ",1,northeast,0,1,1,1,1,1,1,1,1,1,1,1,,,,1.0,1.0,1.0,1.0,1.0,1.0,1.0,1.0,1.0,1.0,1.0,1.0,1.0,1.0
Patiala Road Zirakpur,510,1800000,INR,,1,1,"A spacious 1 bhk builder floor is available for sale in Patiala Road Zirakpur, Chandigarh. It has a built-up area of 510 sqft and is priced at Rs. 18.00 lac (negotiable). The house is semi-furnished. It has 1 wardrobe, 1 wifi, 1 gas connection and 1 modular kitchen. It is located on the 2nd floor(out of a total of 3 floor(s)). One of the major USPs of the property is that it is a pool facing property. The property is available on freehold. The property has 2 bathrooms and 2 balconies. It is a ready-to-move-in property. The time you'll spend here will become the greatest moment of your life that will also help you to relieve, relax & evoke a great sense of happiness. Please contact us for more details. ",1,northeast,0,1,1,1,1,1,1,1,1,1,1,1,,,,1.0,1.0,1.0,1.0,1.0,1.0,1.0,1.0,1.0,1.0,1.0,1.0,1.0,1.0
Patiala Road Zirakpur,510,1850000,INR,,1,1,"It’s a 1 bhk builder floor situated in Patiala Road Zirakpur, Chandigarh. It has a salable area of 510 sqft and is available at a price of Rs. 3,627 per sqft. It is a semi-furnished property. The property is available on freehold. It is a ready-to-move-in property. It is made in way to provide a comfortable living. The site is in close proximity to various civic utilities. ",1,northeast,0,1,1,1,1,1,1,1,1,1,1,1,,,,1.0,1.0,1.0,1.0,1.0,1.0,1.0,1.0,1.0,1.0,1.0,1.0,1.0,1.0
Patiala Road Zirakpur,510,1750000,INR,,1,1,"It’s a 1 bhk builder floor situated in Patiala Road Zirakpur. Furnishings include 1 wardrobe, 1 wifi, 1 gas connection and 1 modular kitchen. It is on 3rd floor. The building has a total of 3 floor(s). The property is available on freehold. Kindly call us for details. ",1,northeast,0,1,1,1,1,1,1,1,1,1,1,1,,,,1.0,1.0,1.0,1.0,1.0,1.0,1.0,1.0,1.0,1.0,1.0,1.0,1.0,1.0
Patiala Road Zirakpur,510,1800000,INR,,1,1,It has an area of 510 sqft with a carpet area of 430 sqft . The property is available at a price of Rs. 18.00 lac (negotiable ). It is located on the 2nd floor(out of a total of 3 floor(s)). It is a garden facing property. The property is available on freehold. The property has 2 bathrooms and 2 balconies. It is well connected to the city areas. Please contact us for more details. ,1,northeast,0,1,1,1,1,1,1,1,1,1,1,1,,,,1.0,1.0,1.0,1.0,1.0,1.0,1.0,1.0,1.0,1.0,1.0,1.0,1.0,1.0
Patiala Road Zirakpur,510,1850000,INR,,1,1,This spacious 1 bhk builder floor is available for sale and is located in the heart of Patiala Road Zirakpur. It has an area of 510 sqft with a carpet area of 450 sqft . The property is available at a price of Rs. 18.50 lac (negotiable ). The house is semi-furnished. It is northeast facing property. It is made in way to provide a comfortable living for the residents. ,1,northeast,0,1,1,1,1,1,1,1,1,1,1,1,,,,1.0,1.0,1.0,1.0,1.0,1.0,1.0,1.0,1.0,1.0,1.0,1.0,1.0,1.0
Patiala Road Zirakpur,460,1550000,INR,,1,1,"The house is semi-furnished. Furnishings include 1 wardrobe, 1 wifi, 1 gas connection and 1 modular kitchen. It’s on 3rd floor out of 3 floors building. Its main door is facing northeast direction. The property is available on freehold. This residential property is ready-to-move-in. It is made in way to provide a comfortable living for the residents. Contact us for more details. ",1,northeast,0,1,1,1,1,1,1,1,1,1,1,1,,,,1.0,1.0,1.0,1.0,1.0,1.0,1.0,1.0,1.0,1.0,1.0,1.0,1.0,1.0
Patiala Road Zirakpur,460,1600000,INR,,1,1,"Well designed 1 bhk builder floor is available at a prime location in Patiala Road Zirakpur. The house is semi-furnished. It has 1 wardrobe, 1 wifi, 1 gas connection and 1 modular kitchen. It is on 2nd floor. The building has a total of 3 floor(s). It is a corner property. The property is available on freehold. This residential property is ready-to-move-in. The time you'll spend here will become the greatest moment of your life that will also help you to relieve, relax & evoke a great sense of happiness. It is well connected to the city areas. Contact us for more details. ",1,northeast,0,1,1,1,1,1,1,1,1,1,1,1,,,,1.0,1.0,1.0,1.0,1.0,1.0,1.0,1.0,1.0,1.0,1.0,1.0,1.0,1.0
PEER MUCHALLA ADJOING SEC 20 PANCHKULA,1080,3090000,INR,,1,1,"ready to move in in in 3 bhk in zirakpur only 30.90 lac in prime location with amenities features . Gated society sewerage, Water supply And much more facility in this society",1,east,0,2,0,1,1,1,0,1,1,0,0,0,,,,,1.0,1.0,,1.0,,1.0,1.0,1.0,1.0,1.0,,1.0,
Airport Road,1818,8100000,INR,,1,1,"A 3 bhk property is available for sale in Airport Road, Chandigarh. It has a built-up area of 1818 sqft and is priced at Rs. 81.00 lac (negotiable). Furnishings include 3 wardrobe, 1 wifi, 1 gas connection and 1 modular kitchen. It’s on 3rd floor out of 4 floors building. It is facing northeast direction. The property has 3 bathrooms and 3 balconies. It is made in way to provide a comfortable living. Please contact us for more details. ",1,northeast,0,4,1,1,1,1,1,1,1,1,1,1,,,,1.0,1.0,1.0,1.0,1.0,1.0,1.0,1.0,1.0,1.0,1.0,1.0,1.0,1.0
Patiala Road Zirakpur,460,1650000,INR,,1,1,"It has a built-up area of 460 sqft and is priced at Rs. 16.50 lac (negotiable). It’s on 1st floor out of 3 floors building. The property is available on freehold. It is a ready-to-move-in property. The time you'll spend here will become the greatest moment of your life that will also help you to relieve, relax & evoke a great sense of happiness. The site is in close proximity to various civic utilities. ",1,northeast,0,1,1,1,1,1,1,1,1,1,1,1,,,,1.0,1.0,1.0,1.0,1.0,1.0,1.0,1.0,1.0,1.0,1.0,1.0,1.0,1.0
Patiala Road Zirakpur,460,1550000,INR,,1,1,"It’s a 1 bhk builder floor situated in Patiala Road Zirakpur, Chandigarh. It has an area of 460 sqft with a carpet area of 415 sqft . The property is available at a price of Rs. 15.50 lac (negotiable ). Furnishings include 1 wardrobe, 1 wifi, 1 gas connection and 1 modular kitchen. The property is available on freehold. The property has 1 bathroom and 2 balconies. It is a ready-to-move-in property. ",1,northeast,0,1,1,1,1,1,1,1,1,1,1,1,,,,1.0,1.0,1.0,1.0,1.0,1.0,1.0,1.0,1.0,1.0,1.0,1.0,1.0,1.0
Patiala Road Zirakpur,460,1600000,INR,,1,1,"It’s a 1 bhk builder floor situated in Patiala Road Zirakpur. It has a salable area of 460 sqft and is available at a price of Rs. 3,478 per sqft. The house is semi-furnished. It’s on 2nd floor out of 3 floors building. The property provides an excellent view as it overlooks the road. The property is available on freehold. The property has 1 bathroom and 2 balconies. This residential property is ready-to-move-in. It is made in way to provide a comfortable living for the residents. ",1,northeast,0,1,1,1,1,1,1,1,1,1,1,1,,,,1.0,1.0,1.0,1.0,1.0,1.0,1.0,1.0,1.0,1.0,1.0,1.0,1.0,1.0
DLF Mullanpur,2385,7990000,INR,,1,1,"A spacious 3 bhk builder floor is available for sale in DLF Mullanpur, Chandigarh. It has 4 bathrooms and 2 balconies. The time you'll spend here will become the greatest moment of your life that will also help you to relieve, relax & evoke a great sense of happiness. It is well connected to the city areas. Contact us for more details.",1,north,0,0,1,1,1,1,1,1,1,0,1,1,,,,,,,,,,1.0,,,,1.0,,,
Zirakpur punjab,1734,6290000,INR,,1,1,It has an area of 1734 sqft with a carpet area of 1450 sqft . The property is available at a price of Rs. 62.90 lac (negotiable ). It is located on the 1st floor(out of a total of 4 floor(s)). It is a garden facing property. The property is in a complex owned by a co-operative society. It has 3 bathrooms and 3 balconies. This residential complex is under-construction as of now. The expected completion date is 06/12/2021. It is made in way to provide a comfortable living for the residents. The society is well connected by different modes of transportation. Contact us for more details. ,1,northeast,0,0,1,0,1,1,1,1,1,0,1,0,,,,,,1.0,1.0,1.0,,1.0,1.0,1.0,1.0,,,,
Mohali Sector 127,600,1590000,INR,,1,1,"ready to move in in in in in in in

$ Fully Furnished

$ Gated Society

$ CCTV Camera Protection

$ 24*7 Water Supply

# Modular kitchen+ RO + Chimney + Double beds + Wallpaper + LED Panel + Light's + Cupboards

# Branded Tiles + Luxury fitting

# Best Wooden Doors + Windows

# Inverter And Ac Wiring Fitting

# Best Quality Constitution

Near By walking Distance Shop's, Market, schools, Hospital, etc.

Call Direct Ow",1,northeast,1,0,0,1,1,0,0,0,0,0,0,0,,,,,,1.0,1.0,1.0,,1.0,1.0,1.0,1.0,1.0,,,
Mohali Sector 127,600,1590000,INR,,1,1,"ready to move in in in in in in in

$ Fully Furnished

$ Gated Society

$ CCTV Camera Protection

$ 24*7 Water Supply

# Modular kitchen+ RO + Chimney + Double beds + Wallpaper + LED Panel + Light's + Cupboards

# Branded Tiles + Luxury fitting

# Best Wooden Doors + Windows

# Inverter And Ac Wiring Fitting

# Best Quality Constitution

Near By walking Distance Shop's, Market, schools, Hospital, etc.

Call Direct Ow",1,northeast,1,0,0,1,1,0,0,0,0,0,0,0,,,,,,1.0,1.0,1.0,,1.0,1.0,1.0,1.0,1.0,,,
Mohali Sector 127,600,1590000,INR,,1,1,"ready to move in in in in in in in

$ Fully Furnished

$ Gated Society

$ CCTV Camera Protection

$ 24*7 Water Supply

# Modular kitchen+ RO + Chimney + Double beds + Wallpaper + LED Panel + Light's + Cupboards

# Branded Tiles + Luxury fitting

# Best Wooden Doors + Windows

# Inverter And Ac Wiring Fitting

# Best Quality Constitution

Near By walking Distance Shop's, Market, schools, Hospital, etc.

Call Direct Ow",1,northeast,1,0,0,1,1,0,0,0,0,0,0,0,,,,,,1.0,1.0,1.0,,1.0,1.0,1.0,1.0,1.0,,1.0,
Mohali Sector 127,600,1590000,INR,,1,1,"ready to move in in in in in in in

$ Fully Furnished

$ Gated Society

$ CCTV Camera Protection

$ 24*7 Water Supply

# Modular kitchen+ RO + Chimney + Double beds + Wallpaper + LED Panel + Light's + Cupboards

# Branded Tiles + Luxury fitting

# Best Wooden Doors + Windows

# Inverter And Ac Wiring Fitting

# Best Quality Constitution

Near By walking Distance Shop's, Market, schools, Hospital, etc.

Call Direct Ow",1,northeast,1,0,0,1,1,0,0,0,0,0,0,0,,,,,,1.0,1.0,1.0,,1.0,1.0,1.0,1.0,1.0,,,
Mohali Sector 127,600,1590000,INR,,1,1,"ready to move in in in in in in in

$ Fully Furnished

$ Gated Society

$ CCTV Camera Protection

$ 24*7 Water Supply

# Modular kitchen+ RO + Chimney + Double beds + Wallpaper + LED Panel + Light's + Cupboards

# Branded Tiles + Luxury fitting

# Best Wooden Doors + Windows

# Inverter And Ac Wiring Fitting

# Best Quality Constitution

Near By walking Distance Shop's, Market, schools, Hospital, etc.

Call Direct Ow",1,northeast,1,0,0,1,1,0,0,0,0,0,0,0,,,,,,1.0,1.0,1.0,,1.0,1.0,1.0,1.0,1.0,,,
Mohali Sector 127,1234,3680000,INR,,1,0,It’s a 2 bhk builder floor situated in Mohali Sector 127. It has an area of 1234 sqft with a carpet area of 750 sqft . The property is available at a price of Rs. 36.80 lac . It is an unfurnished property. It’s on 3rd floor out of 3 floors building. It is a road facing property. The property is available on freehold. It has 2 bathrooms and 2 balconies. It is situated in the proximity of all the important facilities. ,1,north,0,0,1,1,1,1,1,1,1,1,0,1,,,,1.0,,,,,1.0,1.0,,,,,1.0,,
Mohali Sector 127,1234,3690000,INR,,1,0,"A 2 bhk property is available for sale in Mohali Sector 127, Chandigarh. It has a built-up area of 1234 sqft and is priced at Rs. 36.90 lac . It is facing north direction. The property is available on freehold. This residential complex is under-construction as of now. The expected completion date is 31/12/2022. It is made in way to provide a comfortable living for the residents. ",1,north,0,0,1,1,1,1,1,1,1,1,0,1,,,,,,,,,1.0,1.0,,,,,1.0,1.0,
Peermachhala,1190,3500000,INR,,1,1,"A spacious 3 bhk builder floor is available for sale in Peermachhala, Chandigarh. It has a salable area of 1190 sqft and is available at a price of Rs. 2,941 per sqft. It is a semi-furnished property. It is located on the 2nd floor(out of a total of 3 floor(s)). One of the major USPs of the property is that it is a road facing property. The property is available on freehold. It has 2 bathrooms and 2 balconies. This residential complex is under-construction as of now. The expected completion date is 08/12/2023. It is made in way to provide a comfortable living for the residents. It is well connected to the city areas. Please contact for more details. ",1,northeast,0,0,0,0,1,1,0,0,0,0,1,0,,,,1.0,,1.0,1.0,1.0,,1.0,,,,1.0,,,
Mohali Sector 127,1000,3870000,INR,,1,1,"It is on 2nd floor. The building has a total of 3 floor(s). The property has 2 bathrooms and 2 balconies. This residential property is ready-to-move-in. The society is well connected by different modes of transportation. If you are interested, please contact us for more details. ",1,south,0,1,0,0,1,0,0,0,0,0,0,1,,,,,,1.0,1.0,,,1.0,1.0,1.0,,1.0,,,
Mohali Sector 127,1050,1980000,INR,,1,1,"It has a salable area of 1050 sqft and is available at a price of Rs. 1,885 per sqft. Furnishings include 1 wardrobe, 1 dining table, 1 bed and 1 modular kitchen. It is located on the ground floor(out of a total of 2 floor(s)). This residential property is ready-to-move-in. The site is in close proximity to various civic utilities. Please contact us for more details. ",1,north,1,1,0,1,1,1,0,1,0,1,0,1,,,,1.0,1.0,1.0,,,,1.0,1.0,1.0,1.0,,,1.0,
Mohali Sector 127,950,2290000,INR,,1,1,"It is a furnished property. It has 1 wardrobe, 1 sofa, 1 dining table and 1 bed. It also has 1 modular kitchen. It’s on 1st floor out of 2 floors building. It is a road facing property. The property is in a complex owned by a co-operative society. It has 1 bathroom and 1 balcony. This residential property is ready-to-move-in. The time you'll spend here will become the greatest moment of your life that will also help you to relieve, relax & evoke a great sense of happiness. It is situated in the proximity of all the important facilities. Please contact for more details. ",1,north,1,1,0,1,1,1,0,1,0,1,1,1,,,,1.0,,1.0,,,,1.0,1.0,1.0,1.0,,,1.0,
SEC 115 MOHALI KHARAR LANDRAN ROAD,555,1450000,INR,,1,1,"It has an area of 555 sqft with a carpet area of 502 sqft . The property is available at a price of Rs. 14.50 lac (negotiable ). The house is furnished. Furnishings include 1 wardrobe, 1 sofa, 1 bed and 1 modular kitchen. It is located on the 1st floor(out of a total of 3 floor(s)). The property is in a complex owned by a co-operative society. It has 1 bathroom and 1 balcony. It is a ready-to-move-in property. It is made in way to provide a comfortable living. The society is well connected by different modes of transportation. Contact us for more details. ",1,south,1,1,0,1,1,1,0,1,0,1,1,1,,,,1.0,,1.0,,,,1.0,1.0,1.0,1.0,,,1.0,
Mohali Sector 127,999,1950000,INR,,1,1,"A 2 bhk property is available for sale in Mohali Sector 127, Chandigarh. It is a furnished property. Furnishings include 1 wardrobe, 1 sofa, 1 dining table, 1 bed and 1 modular kitchen. The property provides an excellent view as it is a corner property. The property is in a complex owned by a co-operative society. It is a ready-to-move-in property. It is made in way to provide a comfortable living. The site is in close proximity to various civic utilities. Please contact for more details. ",1,north,1,1,0,1,1,1,0,1,0,0,1,1,,,,1.0,,1.0,,,,1.0,1.0,1.0,1.0,,,1.0,
Mohali Sec 117,1000,3590000,INR,,1,1,"A 2 bhk property is available for sale in Mohali Sec 117, Chandigarh. It has a built-up area of 1000 sqft and is priced at Rs. 35.90 lac (negotiable). Its main door is facing northeast direction. The property is in a complex owned by a co-operative society. The property has 2 bathrooms and 2 balconies. This residential property is ready-to-move-in. The site is in close proximity to various civic utilities. Please contact us for more details. ",1,northeast,0,1,0,1,1,0,0,0,0,0,0,1,,,,,,,,,,1.0,1.0,1.0,1.0,1.0,,1.0,
Dera Bassi,1620,3590000,INR,,1,1,"It’s a 3 bhk builder floor situated in Dera Bassi, Chandigarh. It has a salable area of 1620 sqft and is available at a price of Rs. 2,216 per sqft. It is located on the 1st floor(out of a total of 3 floor(s)). It is a corner property. If you are interested, please contact us for more details. ",1,northeast,0,0,0,1,1,0,0,0,0,0,0,0,7.1,,,,,,,,,1.0,,,,,,,
Dhakoli,1100,3300000,INR,1,1,0,,1,northeast,0,122,0,0,0,0,0,0,0,0,0,0,,,,,,,,,,,,,,,,,
Gazipur,1750,3790000,INR,,1,0,,1,west,0,122,0,0,0,0,0,0,0,0,0,0,,,,,,,,,,,,,,,,,
Badal Colony,1650,3795000,INR,,1,0,,1,south,0,122,0,0,0,0,0,0,0,0,0,0,,,,,,,,,,,,,,,,,
Mohali Sector 127,1010,2690000,INR,,1,1,"It’s a 2bhk apartment situated in Sector 127 Mohali. It has an area of 1010 sqft with a carpet area of 970 sqft . The property is available at a price of Rs. 26.90 lac . It is facing east direction. The property is available on freehold. The property has 2 bathrooms and 2 balconies. This residential property is ready-to-move-in. The time you'll spend here will become the greatest moment of your life that will also help you to relieve, relax & evoke a great sense of happiness. The site is in close proximity to various civic utilities.",1,east,1,2,0,1,1,1,0,0,0,0,1,0,,,,,,1.0,1.0,,,1.0,1.0,1.0,,1.0,,1.0,
Mohali Sector 127,1010,2685000,INR,,1,1,"A spacious 2 bhk builder floor is available for sale in Mohali Sector 127, Chandigarh. It has a built-up area of 1010 sqft and is priced at Rs. 26.85 lac (negotiable). It is a furnished property. It is on 2nd floor. The building has a total of 2 floor(s). The property provides an excellent view as it overlooks the garden. The property is available on freehold. It has 2 bathrooms and 2 balconies. It is made in way to provide a comfortable living for the residents. If you are interested, please contact us for more details. ",1,east,1,2,0,1,1,1,0,0,0,0,1,0,,,,,,1.0,1.0,,,1.0,1.0,1.0,,1.0,,1.0,
Mohali Sector 127,810,1990000,INR,,1,0,"2 bhk fully furnished flat n mohali sector 127
some special offers are
modular kitchen, ro, chimney, led light led panel, wallpaper. double bed.fall ceiling, etc
21000 booking amount
90% bank loan available in all leading banks.",1,east,1,2,0,0,0,0,0,0,0,0,0,0,,,,,,1.0,,,,1.0,1.0,1.0,,,,,
Mohali Sector 127,810,2190000,INR,,1,1,"It’s a 2bhk multistorey apartment situated in Sector 127 Mohali. It has an area of 810 sqft with a carpet area of 775 sqft . The property is available at a price of Rs. 21.90 lac . It is facing east direction. The property is available on freehold. The property has 2 bathrooms and 2 balconies. This residential property is ready-to-move-in. The time you'll spend here will become the greatest moment of your life that will also help you to relieve, relax & evoke a great sense of happiness. The site is in close proximity to various civic utilities.",1,east,1,2,0,1,1,1,0,0,0,0,1,0,,,,,,1.0,1.0,,,1.0,1.0,1.0,,1.0,,1.0,
Mohali Sector 127,1150,3190000,INR,,1,1,"It’s a 3bhk multistorey apartment situated in Sector 127 Mohali. It has an area of 1150 sqft with a carpet area of 1100 sqft . The property is available at a price of Rs. 31.90 lac . It is facing east direction. The property is available on freehold. The property has 3 bathrooms and 2 balconies. This residential property is ready-to-move-in. The time you'll spend here will become the greatest moment of your life that will also help you to relieve, relax & evoke a great sense of happiness. The site is in close proximity to various civic utilities.",1,east,1,2,0,1,1,1,0,0,0,0,1,0,,,,,,1.0,1.0,,,1.0,1.0,1.0,,1.0,,1.0,
Mohali Sec 125,1150,3180000,INR,,1,1,"It’s a 3bhk multistorey apartment situated in Sector 127 Mohali. It has an area of 1150 sqft with a carpet area of 1100 sqft . The property is available at a price of Rs. 31.80 lac . It is facing east direction. The property is available on freehold. The property has 3 bathrooms and 2 balconies. This residential property is ready-to-move-in. The time you'll spend here will become the greatest moment of your life that will also help you to relieve, relax & evoke a great sense of happiness. The site is in close proximity to various civic utilities.",1,east,1,2,0,1,1,1,0,0,0,0,1,0,,,,,,1.0,1.0,,,1.0,1.0,1.0,,1.0,,1.0,
Mohali Sector 127,1008,2690000,INR,,1,1,"It’s a 2bhk multistorey apartment situated in Sector 127 Mohali. It has an area of 1008 sqft with a carpet area of 985 sqft . The property is available at a price of Rs. 26.90 lac . It is facing east direction. The property is available on freehold. The property has 2 bathrooms and 2 balconies. This residential property is ready-to-move-in. The time you'll spend here will become the greatest moment of your life that will also help you to relieve, relax & evoke a great sense of happiness. The site is in close proximity to various civic utilities.",1,east,1,2,0,1,1,1,0,0,0,0,1,0,,,,,,1.0,1.0,,,1.0,1.0,1.0,,1.0,,1.0,
Mohali Sector 127,1010,2670000,INR,,1,1,"A 2 bhk property is available for sale in Mohali Sector 127, Chandigarh. It has a salable area of 1010 sqft and is available at a price of Rs. 2,643 per sqft. The house is furnished. The property has 2 bathrooms and 2 balconies. This residential property is ready-to-move-in. The time you'll spend here will become the greatest moment of your life that will also help you to relieve, relax & evoke a great sense of happiness. The site is in close proximity to various civic utilities. ",1,east,1,2,0,1,1,1,0,0,0,0,1,0,,,,,1.0,1.0,1.0,,,1.0,1.0,1.0,,1.0,,1.0,
Mohali Sector 127,950,2090000,INR,,1,1,Well designed 2 bhk builder floor is available at a prime location in Mohali Sector 127. It has an area of 950 sqft with a carpet area of 900 sqft . The property is available at a price of Rs. 20.90 lac (negotiable ). The house is furnished. It is on 2nd floor. The building has a total of 2 floor(s). Its main door is facing east direction. The property is available on freehold. It has 2 bathrooms and 2 balconies. This residential property is ready-to-move-in. It is made in way to provide a comfortable living. It is well connected to the city areas. Please contact us for more details. ,1,east,1,2,0,1,1,1,0,0,0,0,1,0,,,,,,1.0,1.0,,,1.0,1.0,1.0,,1.0,,1.0,
Mohali Sector 127,1350,3190000,INR,,1,1,This spacious 3 bhk builder floor is available for sale and is located in the heart of Mohali Sector 127. It has a built-up area of 1350 sqft and is priced at Rs. 31.90 lac (negotiable). The house is furnished. It is located on the 2nd floor(out of a total of 2 floor(s)). It is made in way to provide a comfortable living. The society is well connected by different modes of transportation. ,1,east,1,2,0,1,1,1,0,0,0,0,1,0,,,,,,1.0,1.0,,,1.0,1.0,1.0,,1.0,,1.0,
Gazipur,1750,3790000,INR,,1,0,,1,west,0,122,0,0,0,0,0,0,0,0,0,0,,,,,,,,,,,,,,,,,
Dhakoli,1600,3750000,INR,1,1,0,,1,north,0,122,0,0,0,0,0,0,0,0,0,0,,,,,,,,,,,,,,,,,
Gazipur,1600,3700000,INR,,1,0,,1,west,0,122,0,0,0,0,0,0,0,0,0,0,,,,,,,,,,,,,,,,,
Gazipur,1650,3700000,INR,,1,0,,1,west,0,122,0,0,0,0,0,0,0,0,0,0,,,,,,,,,,,,,,,,,
SECTOR 115 MOHALI ON KHARAR LANDRAN ROAD,550,1490000,INR,,1,1,"This state of the art and highly modern project takes pride in claiming to be affordable. The planning of the project is smart and evident by the design and layout, the location and the fittings. It is a spacious project with smart homes which fit smartly into ones needs and budget. Its features promise a life of peace, contentment and convenience. The project boasts of the amenities that are synonymous to luxury and is justified in doing so. Adding to these, the homes have ample cross ventilation with unmatched privacy to its occupants. With everything grand and beautiful, the project certainly makes the residents money worth investing",1,,0,0,0,0,1,1,0,0,0,0,1,0,,,,,,,1.0,,,1.0,,,,1.0,,1.0,
Mohali Sector 127,1015,2685000,INR,,1,1,"It’s a 2bhk multistorey apartment situated in Sector 127 Mohali. It has an area of 1015 sqft with a carpet area of 1000 sqft . The property is available at a price of Rs. 26.85 lac . It is facing east direction. The property is available on freehold. The property has 2 bathrooms and 2 balconies. This residential property is ready-to-move-in. The time you'll spend here will become the greatest moment of your life that will also help you to relieve, relax & evoke a great sense of happiness. The site is in close proximity to various civic utilities.",1,east,1,2,0,1,1,1,0,0,0,0,1,0,,,,,,1.0,1.0,,,1.0,1.0,1.0,,1.0,,1.0,
Mohali Sector 127,945,2690000,INR,,1,1,"A spacious 3 bhk builder floor is available for sale in Mohali Sector 127, Chandigarh. It has an area of 945 sqft with a carpet area of 900 sqft . The property is available at a price of Rs. 26.90 lac (negotiable ). It is on 2nd floor. The building has a total of 2 floor(s). The property provides an excellent view as it overlooks the garden. It is well connected to the city areas. Kindly call us for details. ",1,east,1,2,0,1,1,1,0,0,0,0,1,0,,,,,,1.0,1.0,,,1.0,1.0,1.0,,1.0,,1.0,
Mohali Sector 127,945,2490000,INR,,1,1,"It’s a 2bhk multistorey apartment situated in Sector 127 Mohali. It has an area of 945 sqft with a carpet area of 900 sqft . The property is available at a price of Rs. 24.90 lac . It is facing east direction. The property is available on freehold. The property has 2 bathrooms and 2 balconies. This residential property is ready-to-move-in. The time you'll spend here will become the greatest moment of your life that will also help you to relieve, relax & evoke a great sense of happiness. The site is in close proximity to various civic utilities.",1,east,1,2,0,1,1,1,0,0,0,0,1,0,,,,,,1.0,1.0,,,1.0,1.0,1.0,,1.0,,1.0,
Mohali Sector 127,1134,3490000,INR,,1,1,Well designed 3 bhk builder floor is available at a prime location in Mohali Sector 127. It has an area of 1134 sqft with a carpet area of 1100 sqft . The property is available at a price of Rs. 34.90 lac (negotiable ). It is located on the 2nd floor(out of a total of 2 floor(s)). It is east facing property. The property is available on freehold. The property has 3 bathrooms and 2 balconies. It is situated in the proximity of all the important facilities. Please contact for more details. ,1,east,1,2,0,1,1,1,0,0,0,0,1,0,,,,,,1.0,1.0,,,1.0,1.0,1.0,,1.0,,1.0,
Mohali Sector 127,1296,3390000,INR,,1,1,"It has a salable area of 1296 sqft and is available at a price of Rs. 2,615 per sqft. The house is furnished. The property has 2 bathrooms and 2 balconies. This residential property is ready-to-move-in. The time you'll spend here will become the greatest moment of your life that will also help you to relieve, relax & evoke a great sense of happiness. It is situated in the proximity of all the important facilities. If you are interested, please contact us for more details. ",1,east,1,2,0,1,1,1,0,0,0,0,1,0,,,,,,1.0,1.0,,,1.0,1.0,1.0,,1.0,,1.0,
Mohali Sector 127,960,2490000,INR,,1,1,"It’s a 2bhk multistorey apartment situated in Sector 127 Mohali. It has an area of 960 sqft with a carpet area of 910 sqft . The property is available at a price of Rs. 24.90 lac . It is facing east direction. The property is available on freehold. The property has 2 bathrooms and 2 balconies. This residential property is ready-to-move-in. The time you'll spend here will become the greatest moment of your life that will also help you to relieve, relax & evoke a great sense of happiness. The site is in close proximity to various civic utilities.",1,east,1,2,0,1,1,1,0,0,0,0,1,0,,,,,,1.0,1.0,,,1.0,1.0,1.0,,1.0,,1.0,
Mohali Sector 127,1350,2990000,INR,,1,1,"A 3 bhk property is available for sale in Mohali Sector 127, Chandigarh. It has an area of 1350 sqft with a carpet area of 1300 sqft . The property is available at a price of Rs. 29.90 lac (negotiable ). It has 3 bathrooms and 2 balconies. It is made in way to provide a comfortable living. The site is in close proximity to various civic utilities. ",1,east,1,2,0,1,1,1,0,0,0,1,1,0,,,,,,1.0,1.0,,,1.0,1.0,1.0,,1.0,,1.0,
Mohali Sector 127,1150,3590000,INR,,1,1,"It’s a 3bhk multistorey apartment situated in Sector 127 Mohali. It has an area of 1150 sqft with a carpet area of 1100 sqft . The property is available at a price of Rs. 35.90 lac . It is facing east direction. The property is available on freehold. The property has 3 bathrooms and 2 balconies. This residential property is ready-to-move-in. The time you'll spend here will become the greatest moment of your life that will also help you to relieve, relax & evoke a great sense of happiness. The site is in close proximity to various civic utilities.",1,east,1,2,0,1,1,1,0,0,0,0,1,0,,,,,,1.0,1.0,,,1.0,1.0,1.0,,1.0,,1.0,
SEC 115 MOHALI KHARAR LANDRAN ROAD,950,2490000,INR,,1,1,"It has an area of 950 sqft with a carpet area of 910 sqft . The property is available at a price of Rs. 24.90 lac (negotiable ). It is a furnished property. It has 2 wardrobe, 1 sofa, 2 bed and 1 modular kitchen. It is on the 2nd floor of the building (total number of floors are 2). The property has 2 bathrooms and 2 balconies. This residential property is ready-to-move-in. It is made in way to provide a comfortable living. The site is in close proximity to various civic utilities. ",1,east,1,2,0,1,1,1,0,0,0,0,1,0,,,,1.0,,1.0,1.0,,,1.0,1.0,1.0,,1.0,,1.0,
Mohali Sector 127,900,2085000,INR,,1,1,"A spacious 2 bhk builder floor is available for sale in Mohali Sector 127, Chandigarh. It has a built-up area of 900 sqft and is priced at Rs. 20.85 lac (negotiable). It is a furnished property. It’s on 2nd floor out of 2 floors building. One of the major USPs of the property is that it is a garden facing property. The property has 2 bathrooms and 2 balconies. It is a ready-to-move-in property. It is situated in the proximity of all the important facilities. ",1,east,1,2,0,1,1,1,0,0,0,0,1,0,,,,,,1.0,1.0,,,1.0,1.0,1.0,,1.0,,1.0,
Mohali Sector 127,1150,3590000,INR,,1,1,"It is a furnished property. Furnishings include 3 wardrobe, 1 tv, 3 bed and 1 modular kitchen. It is located on the 1st floor(out of a total of 3 floor(s)). The property provides an excellent view as it overlooks the garden. The property has 3 bathrooms and 2 balconies. This residential property is ready-to-move-in. It is made in way to provide a comfortable living for the residents. The society is well connected by different modes of transportation. Kindly call us for details. ",1,east,1,2,0,1,1,1,0,0,0,0,1,0,,,,,,1.0,1.0,,,1.0,1.0,1.0,,1.0,,,
Mohali Sector 127,1015,2775000,INR,,1,1,"Well designed 2 bhk builder floor is available at a prime location in Mohali Sector 127. It is on 2nd floor. The building has a total of 2 floor(s). Its main door is facing east direction. The property is available on freehold. This residential property is ready-to-move-in. If you are interested, please contact us for more details. ",1,east,1,2,0,1,1,1,0,0,0,0,1,0,,,,,,1.0,1.0,,,1.0,1.0,1.0,,1.0,,1.0,
Mohali Sector 127,1140,3485000,INR,,1,1,"Well designed 3 bhk builder floor is available at a prime location in Mohali Sector 127. It has a salable area of 1140 sqft and is available at a price of Rs. 3,057 per sqft. Furnishings include 3 wardrobe, 1 tv, 3 bed and 1 modular kitchen. It is located on the 2nd floor(out of a total of 2 floor(s)). Its main door is facing east direction. The property is available on freehold. The society is well connected by different modes of transportation. Contact us for more details. ",1,east,1,2,0,1,1,1,0,0,0,0,1,0,,,,,,1.0,1.0,,,1.0,1.0,1.0,1.0,1.0,,1.0,
Mohali Sector 127,1015,2675000,INR,,1,1,"It has a built-up area of 1015 sqft and is priced at Rs. 26.75 lac (negotiable). The house is furnished. It has 2 wardrobe, 1 tv, 2 bed and 1 modular kitchen. It’s on 2nd floor out of 2 floors building. It is a garden facing property. The property is available on freehold. It has 2 bathrooms and 2 balconies. It is situated in the proximity of all the important facilities. ",1,east,1,2,0,1,0,1,0,1,0,0,1,0,,,,,,1.0,1.0,,,1.0,1.0,1.0,,1.0,,1.0,
Mohali Sec 117,1350,4690000,INR,,1,1,"Dream Home is the latest offering to provide majestic living spaces. Its ultimate goal is to provide an experience instilled with hope, peace and sanguity.
Project Advantage

Strategically located on the International Airport Road, which attracts a lot of natural movement as being one of the busiest roads of tricity.
Easy access and exit from the highway.
All basic amenities nearby
Dream Homes Floors Strategically located on the International Airport Road is the latest offering to provide majestic living spaces. Its ultimate goal is to provide an experience instilled with hope, peace and sanguity.
Features of Dream Homes Mohali
Dream Homes Mohali offers 2/3/4 BHK Affordable Independent Homes
Modular Kitchen
Club House, Gym & Splash Pool
Gated Project, Interlock Roads, 3 Tier Security System, Badminton Court
Vitrified Tiles, Wallpapers, Mash Doors, 2 Cupboards
Key Distances
The project has excellent connectivity by road, rail and air and the project is ideally located to benefit from Chandigarh expansion

New ISBT Bus Terminal-
North Country Mall-
Sector 17 City Centre-
International airport-
Max Hospiatal-
Fortis Hospital-
Chandigarh Border-
PCA Stadium-
Mohali Railway Station-
6 Km
4 Km
12 Km
12 Km
5 Km
5 Km
2 Km
7 Km
12 Km",1,northeast,0,2,1,1,1,1,1,0,0,0,1,0,,,,,1.0,,1.0,,,1.0,,,,1.0,,,
Aerocity,1910,6490000,INR,,1,1,"This spacious 3 bhk builder floor is available for sale and is located in the heart of Aerocity. It is a semi-furnished property. It has 3 wardrobe, 1 gas connection, 3 bed and 1 modular kitchen. It is on the 1st floor of the building (total number of floors are 4). One of the major USPs of the property is that it is a garden facing property. The property is available on freehold. It has 3 bathrooms and 3 balconies. Please contact us for more details. ",1,northeast,0,3,1,1,1,1,1,0,0,0,1,0,,,,,1.0,,1.0,,,1.0,,,,1.0,,,
Aerocity Road,1410,4790000,INR,,1,1,"This spacious 3 bhk builder floor is available for sale and is located in the heart of Aerocity Road. It has a built-up area of 1410 sqft and is priced at Rs. 47.90 lac (negotiable). It is a semi-furnished property. It is on 1st floor. The building has a total of 4 floor(s). It is facing northeast direction. The property is available on freehold. The property has 3 bathrooms and 3 balconies. This residential property is ready-to-move-in. The society is well connected by different modes of transportation. If you are interested, please contact us for more details. ",1,northeast,0,2,1,1,1,1,1,0,0,0,1,0,,,,,1.0,,1.0,,,1.0,,,,1.0,,,
SEC 115 MOHALI KHARAR LANDRAN ROAD,780,2290000,INR,,1,1,The house is semi-furnished. It is on the 1st floor of the building (total number of floors are 3). The property is available on freehold. The property has 2 bathrooms and 2 balconies. It is situated in the proximity of all the important facilities. ,1,northeast,0,2,0,1,1,1,0,0,0,0,1,0,,,,,1.0,,1.0,,,1.0,,,,1.0,,,
SEC 115 MOHALI KHARAR LANDRAN ROAD,900,2490000,INR,,1,0,"It’s a 2 bhk builder floor situated in Mohali Sector 127, Chandigarh. It has a built-up area of 900 sqft and is priced at Rs. 24.90 lac . The house is semi-furnished. It’s on 3rd floor out of 3 floors building. The property provides an excellent view as it overlooks the road. The property is available on freehold. The property has 2 bathrooms and 2 balconies. It is a ready-to-move-in property. It is made in way to provide a comfortable living. It is well connected to the city areas. Contact us for more details.",1,east,0,2,0,0,1,0,0,0,0,0,0,0,,,,,,1.0,,,,1.0,1.0,1.0,1.0,1.0,,,
Sec 124 Sunny Enclave,1125,2990000,INR,,1,1,"3 BHK ready to move in in sector 126 Mohali
Near to airport road, well connected, 3 bedroom, 2 washroom, Modular kitchen, 
entry from nh 21 and airport road, RO, Chimney, Gyser",1,north,0,2,0,0,1,0,0,0,0,0,0,0,,,,,,1.0,,,,1.0,1.0,1.0,1.0,1.0,,,
Mohali Sec 125,1135,3190000,INR,,1,1,"It’s a 3bhk multistorey apartment situated in Sector 125 Mohali. It has an area of 1135 sqft with a carpet area of 1100 sqft . The property is available at a price of Rs. 31.90 lac . It is facing east direction. The property is available on freehold. The property has 3 bathrooms and 2 balconies. This residential property is ready-to-move-in. The time you'll spend here will become the greatest moment of your life that will also help you to relieve, relax & evoke a great sense of happiness. The site is in close proximity to various civic utilities.",1,east,1,2,0,1,1,1,0,0,0,0,1,0,,,,,,1.0,1.0,,,1.0,1.0,1.0,,1.0,,1.0,
Sector115,970,1990000,INR,,1,1,"A 2 bhk property is available for sale in Sector115, Chandigarh. It has a salable area of 970 sqft and is available at a price of Rs. 2,051 per sqft. It is a furnished property. Furnishings include 2 wardrobe, 1 sofa, 1 wifi, 1 dining table, 2 bed and 1 modular kitchen. It is located on the 2nd floor(out of a total of 3 floor(s)). The property provides an excellent view as it overlooks the road. The property is in a complex owned by a co-operative society. It has 2 bathrooms and 1 balcony. This residential property is ready-to-move-in. It is made in way to provide a comfortable living. The site is in close proximity to various civic utilities. Kindly call us for details. ",1,east,1,1,0,0,1,1,0,1,0,1,1,1,,,,,,1.0,,,,1.0,1.0,1.0,1.0,,,1.0,
PEER MUCHALLA ADJOING SEC 20 PANCHKULA,1400,4000000,INR,1,1,1,"It has a salable area of 1400 sqft and is available at a price of Rs. 2,857 per sqft. The property is available on freehold. It has 3 bathrooms and 2 balconies. It is made in way to provide a comfortable living. The society is well connected by different modes of transportation. ",1,east,0,1,1,1,1,0,0,0,0,0,0,0,,,,,,,,,,1.0,,,,,,,
PEER MUCHALLA ADJOING SEC 20 PANCHKULA,1350,3500000,INR,1,1,1,"A 3 bhk property is available for sale in PEER MUCHALLA ADJOING SEC 20 PANCHKULA, Chandigarh. It has an area of 1350 sqft . The property is available at a price of Rs. 35.00 lac (negotiable ). The house is semi-furnished. It is on 1st floor. The building has a total of 3 floor(s). The property provides an excellent view as it overlooks the garden. The property is available on freehold. The property has 3 bathrooms and 2 balconies. Contact us for more details. ",1,east,0,1,0,0,1,0,0,1,0,0,0,0,,,,,,,,,,1.0,,,,,,,
PEER MUCHALLA ADJOING SEC 20 PANCHKULA,1350,3900000,INR,1,1,1,"A 3 bhk property is available for sale in PEER MUCHALLA ADJOING SEC 20 PANCHKULA, Chandigarh. It has a built-up area of 1350 sqft and is priced at Rs. 39.00 lac (negotiable). It is a semi-furnished property. It is on 1st floor. The building has a total of 3 floor(s). It is facing east direction. The property is available on freehold. The property has 3 bathrooms and 2 balconies. It is a ready-to-move-in property. It is made in way to provide a comfortable living for the residents. The site is in close proximity to various civic utilities. Please contact for more details. ",1,east,0,1,1,0,1,0,0,0,0,0,0,0,,,,,,,,,,1.0,,,,,,,
Peermachhala,1400,3900000,INR,1,1,0,It’s a 3 bhk builder floor situated in Peermachhala. It has an area of 1400 sqft . The property is available at a price of Rs. 39.00 lac . It is east facing property. The property is available on freehold. It has 3 bathrooms and 3 balconies. Please contact us for more details. ,1,east,0,1,0,0,1,0,0,0,0,0,0,0,,,,,,,,,,1.0,,,,,,,
NEARBY PEERMUCHALLA SECTOR 20 PANCHKULA,1350,4000000,INR,1,1,0,"A 3 bhk property is available for sale in NEARBY PEERMUCHALLA SECTOR 20 PANCHKULA, Chandigarh. It has a built-up area of 1350 sqft and is priced at Rs. 40.00 lac . One of the major USPs of the property is that it is a garden facing property. The property is available on freehold. It is a ready-to-move-in property. It is made in way to provide a comfortable living for the residents. If you are interested, please contact us for more details. ",1,east,0,1,1,0,1,0,0,0,0,0,0,0,,,,,,,,,,1.0,,,,,,,
PEER MUCHALLA ADJOING SEC 20 PANCHKULA,1350,3800000,INR,1,1,0,"Well designed 3 bhk builder floor is available at a prime location in PEER MUCHALLA ADJOING SEC 20 PANCHKULA. It has a built-up area of 1350 sqft and is priced at Rs. 38.00 lac . It is a semi-furnished property. It is on 1st floor. The building has a total of 3 floor(s). It is a garden facing property. The property has 3 bathrooms and 2 balconies. It is made in way to provide a comfortable living for the residents. If you are interested, please contact us for more details. ",1,east,0,2,1,0,1,0,0,0,0,0,0,0,,,,,,,,,,1.0,,,,,,,
PEER MUCHALLA ADJOING SEC 20 PANCHKULA,1100,2900000,INR,1,1,1,It’s on 1st floor out of 3 floors building. Its main door is facing east direction. The property is available on freehold. It is made in way to provide a comfortable living for the residents. The society is well connected by different modes of transportation. ,1,east,0,1,0,0,1,0,0,0,0,0,0,0,,,,,,,,,,1.0,,,,,,,
Mohali Sector 127,555,1490000,INR,,1,1,"A spacious 1 bhk builder floor is available for sale in Mohali Sector 127, Chandigarh. It has an area of 555 sqft with a carpet area of 521 sqft . The property is available at a price of Rs. 14.90 lac (negotiable ). It is a furnished property. It has 1 sofa, 1 dining table, 1 modular kitchen and 1 wardrobe. It also has 1 bed. It is on 1st floor. The building has a total of 3 floor(s). It is facing north direction. The property is available on freehold. It has 1 bathroom and 1 balcony. It is a ready-to-move-in property. It is made in way to provide a comfortable living. It is situated in the proximity of all the important facilities. If you are interested, please contact us for more details. ",1,north,1,1,0,1,1,1,0,1,0,1,1,1,,,,1.0,,1.0,1.0,,,1.0,1.0,1.0,1.0,,,,
Mohali Sec 125,550,1590000,INR,,1,1,"A spacious 1 bhk builder floor is available for sale in Mohali Sec 125, Chandigarh. It has an area of 550 sqft with a carpet area of 510 sqft . The property is available at a price of Rs. 15.90 lac (negotiable ). The house is furnished. The property is available on freehold. The property has 1 bathroom and 1 balcony. This residential property is ready-to-move-in. It is made in way to provide a comfortable living. The site is in close proximity to various civic utilities. Please contact for more details. ",1,north,1,1,0,1,1,1,0,1,0,1,1,1,,,,1.0,,1.0,1.0,,,1.0,1.0,1.0,1.0,,,1.0,
Mohali Sec 125,550,1690000,INR,,1,1,"It’s a 1 bhk builder floor situated in Mohali Sec 125, Chandigarh. It has an area of 550 sqft with a carpet area of 510 sqft . The property is available at a price of Rs. 16.90 lac (negotiable ). It is a furnished property. It has 1 wardrobe, 1 sofa, 1 dining table and 1 bed. It also has 1 modular kitchen. It’s on 1st floor out of 2 floors building. Its main door is facing south direction. The property is available on freehold. It has 1 bathroom and 1 balcony. This residential property is ready-to-move-in. The time you'll spend here will become the greatest moment of your life that will also help you to relieve, relax & evoke a great sense of happiness. The society is well connected by different modes of transportation. ",1,south,1,1,0,1,1,1,0,1,0,1,1,1,,,,1.0,1.0,1.0,,,,1.0,1.0,1.0,1.0,,,1.0,
Mohali Sector 127,999,1990000,INR,,1,1,"This spacious 1 bhk builder floor is available for sale and is located in the heart of Mohali Sector 127. It has a salable area of 999 sqft and is available at a price of Rs. 1,991 per sqft. Furnishings include 1 wardrobe, 1 refrigerator, 1 sofa, 1 bed and 1 modular kitchen. It’s on 1st floor out of 2 floors building. The property is available on freehold. The property has 2 bathrooms and 1 balcony. This residential property is ready-to-move-in. The time you'll spend here will become the greatest moment of your life that will also help you to relieve, relax & evoke a great sense of happiness. The society is well connected by different modes of transportation. Kindly call us for details. ",1,north,1,1,0,1,1,1,0,1,0,1,1,1,,,,1.0,,1.0,1.0,,,1.0,1.0,1.0,1.0,,,1.0,
Mohali Sector 127,971,1990000,INR,,1,1,"A spacious 2 bhk builder floor is available for sale in Mohali Sector 127, Chandigarh. It has an area of 971 sqft with a carpet area of 905 sqft . The property is available at a price of Rs. 19.90 lac (negotiable ). The house is furnished. It has 2 bathrooms and 2 balconies. This residential property is ready-to-move-in. It is made in way to provide a comfortable living for the residents. ",1,north,1,1,0,1,1,1,0,1,0,1,1,1,,,,1.0,,1.0,1.0,,,1.0,1.0,1.0,1.0,,,1.0,
Mohali Sector 127,940,1790000,INR,,1,1,"It’s a 1 bhk builder floor situated in Mohali Sector 127, Chandigarh. It has a built-up area of 940 sqft and is priced at Rs. 17.90 lac (negotiable). The house is furnished. Furnishings include 1 wardrobe, 1 sofa, 1 dining table, 1 bed and 1 modular kitchen. It is located on the 1st floor(out of a total of 2 floor(s)). The property provides an excellent view as it overlooks the garden. The property is available on freehold. It has 2 bathrooms and 1 balcony. It is made in way to provide a comfortable living. Contact us for more details. ",1,north,1,1,0,1,1,1,0,1,0,1,1,1,,,,1.0,,1.0,,,,1.0,1.0,1.0,1.0,,,1.0,
Mohali Sector 127,955,1890000,INR,,1,1,"Well designed 2 bhk builder floor is available at a prime location in Mohali Sector 127. It has an area of 955 sqft with a carpet area of 855 sqft . The property is available at a price of Rs. 18.90 lac (negotiable ). It is a furnished property. Furnishings include 1 wardrobe, 1 dining table, 1 bed and 1 modular kitchen. It is located on the 2nd floor(out of a total of 3 floor(s)). One of the major USPs of the property is that it is a corner property. The property is available on freehold. It has 1 bathroom and 1 balcony. This residential property is ready-to-move-in. It is made in way to provide a comfortable living. It is well connected to the city areas. Please contact us for more details. ",1,north,1,1,0,1,1,1,0,1,0,1,1,1,,,,1.0,,1.0,1.0,,,1.0,1.0,1.0,1.0,,,1.0,
Mohali Sector 127,510,1490000,INR,,1,1,"It’s a 1 bhk builder floor situated in Mohali Sector 127, Chandigarh. It has a salable area of 510 sqft and is available at a price of Rs. 2,921 per sqft. It’s on 1st floor out of 2 floors building. The property is available on freehold. It is a ready-to-move-in property. It is made in way to provide a comfortable living. If you are interested, please contact us for more details. ",1,north,1,1,0,1,1,1,0,1,0,1,1,1,,,,1.0,,1.0,1.0,,,1.0,1.0,1.0,1.0,,,1.0,
Mohali Sector 127,555,1490000,INR,,1,1,"The house is furnished. Furnishings include 1 wardrobe, 1 sofa, 1 dining table, 1 bed and 1 modular kitchen. One of the major USPs of the property is that it is a garden facing property. The property is available on freehold. It is well connected to the city areas. Kindly call us for details. ",1,north,1,1,0,1,1,1,0,1,0,1,1,1,,,,1.0,,1.0,1.0,,,1.0,1.0,1.0,1.0,,,1.0,
Mohali Sector 127,915,1990000,INR,,1,1,"A 2 bhk property is available for sale in Mohali Sector 127, Chandigarh. The house is furnished. Furnishings include 1 wardrobe, 1 dining table, 1 bed and 1 modular kitchen. It is on 1st floor. The building has a total of 3 floor(s). One of the major USPs of the property is that it is a corner property. The property has 2 bathrooms and 1 balcony. It is a ready-to-move-in property. The time you'll spend here will become the greatest moment of your life that will also help you to relieve, relax & evoke a great sense of happiness. It is situated in the proximity of all the important facilities. Please contact for more details. ",1,north,1,1,0,1,1,1,0,1,0,1,1,1,,,,1.0,,1.0,,,,1.0,1.0,1.0,1.0,,,1.0,
PEER MUCHALLA ADJOING SEC 20 PANCHKULA,1450,4200000,INR,1,1,1,"It’s a 3 bhk builder floor situated in PEER MUCHALLA ADJOING SEC 20 PANCHKULA. It has a salable area of 1450 sqft and is available at a price of Rs. 2,896 per sqft. It is a semi-furnished property. It is located on the 1st floor(out of a total of 3 floor(s)). One of the major USPs of the property is that it is a garden facing property. The property is available on freehold. The property has 3 bathrooms and 2 balconies. This residential property is ready-to-move-in. It is made in way to provide a comfortable living for the residents. It is situated in the proximity of all the important facilities. If you are interested, please contact us for more details. ",1,east,0,1,0,0,1,0,0,0,0,0,0,0,,,,,,,,,,1.0,,,,,,,
Peermachhala,1350,3800000,INR,1,1,1,It’s a 3 bhk builder floor situated in Peermachhala. The house is semi-furnished. It is on the 1st floor of the building (total number of floors are 3). The property is available on freehold. The property has 3 bathrooms and 2 balconies. It is a ready-to-move-in property. It is made in way to provide a comfortable living for the residents. Contact us for more details. ,1,east,0,1,1,0,1,0,0,0,0,0,0,0,,,,,,,,,,1.0,,,,,,,
PEER MUCHALLA ADJOING SEC 20 PANCHKULA,1450,4000000,INR,1,1,1,This spacious 3 bhk builder floor is available for sale and is located in the heart of PEER MUCHALLA ADJOING SEC 20 PANCHKULA. It is on the 1st floor of the building (total number of floors are 3). It is facing east direction. The property is available on freehold. It is a ready-to-move-in property. It is made in way to provide a comfortable living for the residents. It is well connected to the city areas. Kindly call us for details. ,1,east,0,1,0,0,1,0,0,0,0,0,0,0,,,,,,,,,,1.0,,,,,,,
PEER MUCHALLA ADJOING SEC 20 PANCHKULA,1350,3800000,INR,1,1,1,"It is located on the 1st floor(out of a total of 3 floor(s)). The property is available on freehold. The property has 3 bathrooms and 2 balconies. It is a ready-to-move-in property. The time you'll spend here will become the greatest moment of your life that will also help you to relieve, relax & evoke a great sense of happiness. ",1,east,0,1,1,0,1,0,0,0,0,0,0,0,,,,,,,,,,1.0,,,,,,,
PEER MUCHALLA ADJOING SEC 20 PANCHKULA,1350,4200000,INR,1,1,1,"A 3 bhk property is available for sale in PEER MUCHALLA ADJOING SEC 20 PANCHKULA, Chandigarh. It has a built-up area of 1350 sqft and is priced at Rs. 42.00 lac (negotiable). The house is semi-furnished. It’s on 1st floor out of 3 floors building. It is a garden facing property. The property is available on freehold. The property has 3 bathrooms and 2 balconies. This residential property is ready-to-move-in. It is made in way to provide a comfortable living for the residents. The site is in close proximity to various civic utilities. Please contact us for more details. ",1,east,0,1,1,0,1,0,0,0,0,0,0,0,,,,,,,,,,1.0,,,,,,,
Mohali Sector 127,810,2190000,INR,,1,1,"It has a salable area of 810 sqft and is available at a price of Rs. 2,703 per sqft. Its main door is facing east direction. The property is available on freehold. It has 2 bathrooms and 2 balconies. This residential property is ready-to-move-in. The time you'll spend here will become the greatest moment of your life that will also help you to relieve, relax & evoke a great sense of happiness. The society is well connected by different modes of transportation. ",1,east,1,2,0,1,1,1,0,0,0,0,1,0,,,,,,1.0,1.0,,,1.0,1.0,1.0,,1.0,,1.0,
Mohali Sector 127,1134,3490000,INR,,1,1,"It’s a 3bhk multistorey apartment situated in Sector 127 Mohali. It has an area of 1134 sqft with a carpet area of 1100 sqft . The property is available at a price of Rs. 34.90 lac . It is facing east direction. The property is available on freehold. The property has 3 bathrooms and 2 balconies. This residential property is ready-to-move-in. The time you'll spend here will become the greatest moment of your life that will also help you to relieve, relax & evoke a great sense of happiness. The site is in close proximity to various civic utilities.",1,east,1,2,0,1,1,1,0,0,0,0,1,0,,,,,,1.0,1.0,,,1.0,1.0,1.0,,1.0,,1.0,
Mohali Sector 127,900,2490000,INR,,1,1,"It’s a 2bhk multistorey apartment situated in Sector 127 Mohali. It has an area of 900 sqft with a carpet area of 870 sqft . The property is available at a price of Rs. 24.90 lac . It is facing east direction. The property is available on freehold. The property has 2 bathrooms and 2 balconies. This residential property is ready-to-move-in. The time you'll spend here will become the greatest moment of your life that will also help you to relieve, relax & evoke a great sense of happiness. The site is in close proximity to various civic utilities.",1,east,1,2,0,1,1,1,0,0,0,0,1,0,,,,,,1.0,1.0,,,1.0,1.0,1.0,,1.0,,1.0,
Mohali Sector 127,810,2190000,INR,,1,1,"It’s a 2bhk multistorey apartment situated in Sector 127 Mohali. It has an area of 810 sqft with a carpet area of 750 sqft . The property is available at a price of Rs. 21.90 lac . It is facing east direction. The property is available on freehold. The property has 2 bathrooms and 2 balconies. This residential property is ready-to-move-in. The time you'll spend here will become the greatest moment of your life that will also help you to relieve, relax & evoke a great sense of happiness. The site is in close proximity to various civic utilities.",1,east,1,2,0,1,1,1,0,0,0,0,1,0,,,,,,1.0,1.0,,,1.0,1.0,1.0,,1.0,,1.0,
Mohali Sector 127,1200,3390000,INR,,1,1,"It’s a 3bhk multistorey apartment situated in Sector 127 Mohali. It has an area of 1200 sqft with a carpet area of 1156 sqft . The property is available at a price of Rs. 33.90 lac . It is facing east direction. The property is available on freehold. The property has 3 bathrooms and 2 balconies. This residential property is ready-to-move-in. The time you'll spend here will become the greatest moment of your life that will also help you to relieve, relax & evoke a great sense of happiness. The site is in close proximity to various civic utilities.",1,east,1,2,0,1,1,1,0,0,0,0,1,0,,,,,,1.0,1.0,,,1.0,1.0,1.0,,1.0,,1.0,
Mohali Sector 127,1135,3490000,INR,,1,1,"It’s a 3bhk multistorey apartment situated in Sector 127 Mohali. It has an area of 1135 sqft with a carpet area of 1100 sqft . The property is available at a price of Rs. 34.90 lac . It is facing east direction. The property is available on freehold. The property has 3 bathrooms and 2 balconies. This residential property is ready-to-move-in. The time you'll spend here will become the greatest moment of your life that will also help you to relieve, relax & evoke a great sense of happiness. The site is in close proximity to various civic utilities.",1,east,1,2,0,1,0,1,0,0,0,0,1,0,,,,1.0,,1.0,1.0,,,1.0,1.0,1.0,,1.0,,1.0,
Lohgarh,1450,3700000,INR,,0,0,,1,east,0,122,0,0,0,0,0,0,0,0,0,0,,,,,,,,,,,,,,,,,
Mohali Sector 127,600,1590000,INR,,1,1,"ready to move in in in in in in in

$ Fully Furnished

$ Gated Society

$ CCTV Camera Protection

$ 24*7 Water Supply

# Modular kitchen+ RO + Chimney + Double beds + Wallpaper + LED Panel + Light's + Cupboards

# Branded Tiles + Luxury fitting

# Best Wooden Doors + Windows

# Inverter And Ac Wiring Fitting

# Best Quality Constitution

Near By walking Distance Shop's, Market, schools, Hospital, etc.

Call Direct Ow",1,northeast,1,0,0,1,1,0,0,0,0,0,0,0,,,,,1.0,1.0,1.0,1.0,,1.0,1.0,1.0,1.0,1.0,,,
Mohali Sector 127,600,1590000,INR,,1,1,"ready to move in in in in in in in

$ Fully Furnished

$ Gated Society

$ CCTV Camera Protection

$ 24*7 Water Supply

# Modular kitchen+ RO + Chimney + Double beds + Wallpaper + LED Panel + Light's + Cupboards

# Branded Tiles + Luxury fitting

# Best Wooden Doors + Windows

# Inverter And Ac Wiring Fitting

# Best Quality Constitution

Near By walking Distance Shop's, Market, schools, Hospital, etc.

Call Direct Ow",1,northeast,1,0,0,1,1,0,0,0,0,0,0,0,,,,,,1.0,1.0,1.0,,1.0,1.0,1.0,1.0,1.0,,,
Mohali Sector 127,600,1590000,INR,,1,1,"ready to move in in in in in in in

$ Fully Furnished

$ Gated Society

$ CCTV Camera Protection

$ 24*7 Water Supply

# Modular kitchen+ RO + Chimney + Double beds + Wallpaper + LED Panel + Light's + Cupboards

# Branded Tiles + Luxury fitting

# Best Wooden Doors + Windows

# Inverter And Ac Wiring Fitting

# Best Quality Constitution

Near By walking Distance Shop's, Market, schools, Hospital, etc.

Call Direct Owner",1,northeast,1,0,0,1,1,0,0,0,0,0,0,0,,,,,,1.0,1.0,1.0,,1.0,1.0,1.0,1.0,1.0,,,
Mohali Sector 127,600,1590000,INR,,1,1,"ready to move in in in in in in in

$ Fully Furnished

$ Gated Society

$ CCTV Camera Protection

$ 24*7 Water Supply

# Modular kitchen+ RO + Chimney + Double beds + Wallpaper + LED Panel + Light's + Cupboards

# Branded Tiles + Luxury fitting

# Best Wooden Doors + Windows

# Inverter And Ac Wiring Fitting

# Best Quality Constitution

Near By walking Distance Shop's, Market, schools, Hospital, etc.

Call Direct Ow",1,northeast,1,0,0,1,1,0,0,0,0,0,0,0,,,,,,1.0,1.0,1.0,,1.0,1.0,1.0,1.0,1.0,,,
Mohali Sector 127,600,1590000,INR,,1,1,"ready to move in in in in in in in

$ Fully Furnished

$ Gated Society

$ CCTV Camera Protection

$ 24*7 Water Supply

# Modular kitchen+ RO + Chimney + Double beds + Wallpaper + LED Panel + Light's + Cupboards

# Branded Tiles + Luxury fitting

# Best Wooden Doors + Windows

# Inverter And Ac Wiring Fitting

# Best Quality Constitution

Near By walking Distance Shop's, Market, schools, Hospital, etc.

Call Direct Ownewr",1,northeast,1,0,0,1,1,0,0,0,0,0,0,0,,,,,,1.0,1.0,1.0,,1.0,1.0,1.0,1.0,1.0,,,
Mohali Sector 127,600,1590000,INR,,1,1,"ready to move in in in in in in in

$ Fully Furnished

$ Gated Society

$ CCTV Camera Protection

$ 24*7 Water Supply

# Modular kitchen+ RO + Chimney + Double beds + Wallpaper + LED Panel + Light's + Cupboards

# Branded Tiles + Luxury fitting

# Best Wooden Doors + Windows

# Inverter And Ac Wiring Fitting

# Best Quality Constitution

Near By walking Distance Shop's, Market, schools, Hospital, etc.

Call Direct Ow",1,northeast,1,0,0,1,1,0,0,0,0,0,0,0,,,,,,1.0,1.0,1.0,,1.0,1.0,1.0,1.0,1.0,,,
Mohali Sector 127,600,1590000,INR,,1,1,"ready to move in in in in in in in

$ Fully Furnished

$ Gated Society

$ CCTV Camera Protection

$ 24*7 Water Supply

# Modular kitchen+ RO + Chimney + Double beds + Wallpaper + LED Panel + Light's + Cupboards

# Branded Tiles + Luxury fitting

# Best Wooden Doors + Windows

# Inverter And Ac Wiring Fitting

# Best Quality Constitution

Near By walking Distance Shop's, Market, schools, Hospital, etc.

Call Direct Ow",1,northeast,1,0,0,1,1,0,0,0,0,1,0,0,,,,,,1.0,1.0,1.0,,1.0,1.0,1.0,1.0,1.0,,,
Mohali Sector 127,600,1590000,INR,,1,1,"ready to move in in in in in in in

$ Fully Furnished

$ Gated Society

$ CCTV Camera Protection

$ 24*7 Water Supply

# Modular kitchen+ RO + Chimney + Double beds + Wallpaper + LED Panel + Light's + Cupboards

# Branded Tiles + Luxury fitting

# Best Wooden Doors + Windows

# Inverter And Ac Wiring Fitting

# Best Quality Constitution

Near By walking Distance Shop's, Market, schools, Hospital, etc.

Call Direct Ow",1,northeast,1,0,0,1,1,0,0,0,0,0,0,0,,,,,,1.0,1.0,1.0,,1.0,1.0,1.0,1.0,1.0,,,
Mohali Sector 127,600,1590000,INR,,1,1,"ready to move in in in in in in in

$ Fully Furnished

$ Gated Society

$ CCTV Camera Protection

$ 24*7 Water Supply

# Modular kitchen+ RO + Chimney + Double beds + Wallpaper + LED Panel + Light's + Cupboards

# Branded Tiles + Luxury fitting

# Best Wooden Doors + Windows

# Inverter And Ac Wiring Fitting

# Best Quality Constitution

Near By walking Distance Shop's, Market, schools, Hospital, etc.

Call Direct Ow",1,northeast,1,0,0,1,1,0,0,0,0,0,1,0,,,,,,1.0,1.0,1.0,,1.0,1.0,1.0,1.0,1.0,,,
Vip Road Zirakpur,1710,4990000,INR,,1,1,"Well designed 3 bhk builder floor is available at a prime location in Vip Road Zirakpur. It is a semi-furnished property. It has 3 wardrobe, 1 tv, 1 sofa and 1 microwave. It also has 1 ac and 1 modular kitchen. It’s on 2nd floor out of 3 floors building. The property provides an excellent view as it is a corner property. It has 3 bathrooms and 2 balconies. This residential property is ready-to-move-in. It is made in way to provide a comfortable living for the residents. It is well connected to the city areas. Please contact for more details. ",1,northeast,0,1,0,0,1,0,0,0,0,0,0,0,,,,,,1.0,,,,1.0,1.0,1.0,,1.0,,1.0,
Vip Road Zirakpur,1800,5500000,INR,,1,1,"VIP Ashiana Homes 2 is one of the popular residential projects that is located in Zirakpur, Mohali. Developed by VIP Ashiana Homes, this project offers thoughtfully constructed 4BHK apartments and 4BHK builder floors with basic amenities for the comfort of residents. Adding to this, it is situated close to the market, hospital and many educational institutions",1,northeast,0,1,0,0,1,0,0,0,0,0,0,0,,,,,,1.0,,,,1.0,1.0,1.0,,1.0,,1.0,
Mohali Sec 113,2150,6431000,INR,,1,1,It’s a 3 bhk builder floor situated in Mohali Sec 113. It has 3 bathrooms and 2 balconies. It is a ready-to-move-in property. It is made in way to provide a comfortable living for the residents. The site is in close proximity to various civic utilities. Kindly call us for details. ,1,east,0,1,1,1,1,1,1,1,1,1,1,1,,,,1.0,1.0,1.0,1.0,1.0,1.0,1.0,1.0,1.0,1.0,1.0,1.0,1.0,1.0
Mohali Sec 113,2150,6432000,INR,,1,1,"A 3 bhk property is available for sale in Mohali Sec 113, Chandigarh. It has a built-up area of 2150 sqft and is priced at Rs. 64.32 lac (negotiable). It is a semi-furnished property. It has swimming pool as well as jogging track. The project also has staff quarter, lift available, club house, power backup, car parking, 24 x 7 security, gymnasium and rain water harvesting. Its main door is facing east direction. The property is available on freehold. The property has 3 bathrooms and 2 balconies. It is made in way to provide a comfortable living for the residents. The site is in close proximity to various civic utilities. If you are interested, please contact us for more details. ",1,east,0,1,1,1,1,1,1,1,1,1,1,1,,,,1.0,1.0,1.0,1.0,1.0,1.0,1.0,1.0,1.0,1.0,1.0,1.0,1.0,1.0
Mohali Sec 117,600,6400000,INR,,1,0,"A spacious 3 bhk builder floor is available for sale in Mohali Sec 117, Chandigarh. The house is semi-furnished. The property is available on freehold. It has 3 bathrooms and 2 balconies. This residential property is ready-to-move-in. It is made in way to provide a comfortable living. It is situated in the proximity of all the important facilities. Please contact for more details. ",1,,0,1,0,0,1,1,1,1,0,0,0,0,,,,,,,,,,1.0,,,,,1.0,,1.0
Chandigarh,2150,6431000,INR,,1,1,This spacious 3 bhk builder floor is available for sale and is located in the heart of Chandigarh. It has an area of 2150 sqft with a carpet area of 1550 sqft . The property is available at a price of Rs. 64.31 lac (negotiable ). The house is semi-furnished. Its main door is facing east direction. The property has 3 bathrooms and 2 balconies. This residential property is ready-to-move-in. The site is in close proximity to various civic utilities. Kindly call us for details. ,1,east,0,1,1,1,1,1,1,1,1,1,1,1,,,,1.0,1.0,1.0,1.0,1.0,1.0,1.0,1.0,1.0,1.0,1.0,1.0,1.0,1.0
Chandigarh,2150,6400000,INR,,1,1,"This spacious 3 bhk builder floor is available for sale and is located in the heart of Chandigarh. It has a salable area of 2150 sqft and is available at a price of Rs. 2,976 per sqft. The house is semi-furnished. It is on the 4th floor of the building (total number of floors are 4). Its main door is facing east direction. The property is available on freehold. It has 3 bathrooms and 2 balconies. This residential property is ready-to-move-in. The time you'll spend here will become the greatest moment of your life that will also help you to relieve, relax & evoke a great sense of happiness. The society is well connected by different modes of transportation. If you are interested, please contact us for more details. ",1,east,0,1,1,1,1,1,1,1,1,1,1,1,,,,1.0,1.0,1.0,1.0,1.0,1.0,1.0,1.0,1.0,1.0,1.0,1.0,1.0,1.0
Mohali Sector 127,910,1990000,INR,,1,1,"It is a furnished property. It has 1 wardrobe, 1 sofa, 1 dining table and 1 bed. It also has 1 modular kitchen. The property has 2 bathrooms and 1 balcony. The time you'll spend here will become the greatest moment of your life that will also help you to relieve, relax & evoke a great sense of happiness. It is well connected to the city areas. ",1,north,1,1,0,1,1,1,0,1,0,1,1,1,,,,1.0,,1.0,,,,1.0,1.0,1.0,1.0,,,,
Sunny Enclave,1500,3290000,INR,,1,1,"It’s a 3 bhk builder floor situated in Sunny Enclave, Chandigarh. It has a built-up area of 1500 sqft and is priced at Rs. 32.90 lac (negotiable). The house is semi-furnished. It’s on 1st floor out of 3 floors building. The property is available on freehold. The property has 2 bathrooms and 2 balconies. The time you'll spend here will become the greatest moment of your life that will also help you to relieve, relax & evoke a great sense of happiness. It is situated in the proximity of all the important facilities. ",1,east,0,0,0,0,1,0,0,0,0,0,0,0,,,,1.0,,1.0,1.0,1.0,1.0,,1.0,1.0,1.0,1.0,,,
Kharar Mohali,1150,2250000,INR,,1,1,"Ultimate flats in peacefull and calm location away from city traffic in kharar
2 bedrooms 
2 attached washroom 
Additional store room
Modular kitchen with chimney
Big drawing room 
False Ceiling in overall flats 
Amazing interior and exterior designs 
Cupboards in both bedrooms 
1 LED pannell
You will definitely like it 
Made up with strong A1 materials",1,east,1,2,0,0,1,1,0,0,0,0,0,0,,,,,,,1.0,1.0,,1.0,,,1.0,1.0,,,
Sector 37D,2250,12000000,INR,1,1,0,"It has an area of 2250 sqft . The property is available at a price of Rs. 1.20 cr . It is a semi-furnished property. It is located on the 1st floor(out of a total of 3 floor(s)). The property is available on freehold. The time you'll spend here will become the greatest moment of your life that will also help you to relieve, relax & evoke a great sense of happiness. If you are interested, please contact us for more details. ",1,north,0,2,0,1,1,1,1,1,0,1,1,0,,,,1.0,1.0,1.0,1.0,1.0,1.0,1.0,1.0,1.0,1.0,1.0,1.0,1.0,1.0
Chandigarh,2150,6400000,INR,,1,1,"A 3 bhk property is available for sale in Chandigarh, Chandigarh. The house is semi-furnished. It’s on 3rd floor out of 4 floors building. It is east facing property. The property is available on freehold. It has 3 bathrooms and 2 balconies. It is a ready-to-move-in property. It is made in way to provide a comfortable living. The society is well connected by different modes of transportation. Please contact us for more details. ",1,east,0,1,1,1,1,1,1,1,1,1,1,1,,,,1.0,1.0,1.0,1.0,1.0,1.0,1.0,1.0,1.0,1.0,1.0,1.0,1.0,1.0
Kharar Mohali,1075,3800000,INR,1,1,0,"A spacious 3 bhk builder floor is available for sale in Kharar Mohali, Chandigarh. It has an area of 1075 sqft . The property is available at a price of Rs. 38.00 lac . The house is unfurnished. It is a ready-to-move-in property. The time you'll spend here will become the greatest moment of your life that will also help you to relieve, relax & evoke a great sense of happiness. The society is well connected by different modes of transportation. If you are interested, please contact us for more details. ",1,,0,1,0,0,0,0,0,0,0,0,0,0,,,,,,,,,,,,,,,,,
Kharar Mohali,990,3460000,INR,1,1,0,"It’s a 3 bhk builder floor situated in Kharar Mohali. It has a salable area of 990 sqft and is available at a price of Rs. 3,494 per sqft. The house is unfurnished. This residential property is ready-to-move-in. It is made in way to provide a comfortable living for the residents. The site is in close proximity to various civic utilities. Please contact for more details. ",1,,0,1,0,0,0,0,0,0,0,0,0,0,,,,,,,,,,,,,,,,,
Kharar Mohali,990,3450000,INR,1,1,0,"It has a salable area of 990 sqft and is available at a price of Rs. 3,484 per sqft. It is an unfurnished property. This residential property is ready-to-move-in. The society is well connected by different modes of transportation. Kindly call us for details. ",1,,0,1,0,0,0,0,0,0,0,0,0,0,,,,,,,,,,,,,,,,,
Kharar Mohali,990,3430000,INR,1,1,0,"A 3 bhk property is available for sale in Kharar Mohali, Chandigarh. It has an area of 990 sqft . The property is available at a price of Rs. 34.30 lac . It is an unfurnished property. This residential property is ready-to-move-in. It is made in way to provide a comfortable living for the residents. The site is in close proximity to various civic utilities. Please contact for more details. ",1,,0,1,0,0,0,0,0,0,0,0,0,0,,,,,,,,,,,,,,,,,
Kharar Mohali,990,3400000,INR,1,1,0,"It’s a 3 bhk builder floor situated in Kharar Mohali. It has a salable area of 990 sqft and is available at a price of Rs. 3,434 per sqft. This residential property is ready-to-move-in. The time you'll spend here will become the greatest moment of your life that will also help you to relieve, relax & evoke a great sense of happiness. It is situated in the proximity of all the important facilities. Please contact for more details. ",1,,0,1,0,0,0,0,0,0,0,0,0,0,,,,,,,,,,,,,,,,,
Ambala Highway,1620,4420000,INR,1,1,0,It has an area of 1620 sqft . The property is available at a price of Rs. 44.20 lac . It is an unfurnished property. It is a ready-to-move-in property. It is made in way to provide a comfortable living for the residents. It is well connected to the city areas. Please contact for more details. ,1,,0,1,0,0,0,0,0,0,0,0,0,0,,,,,,,,,,,,,,,,,
zirakpur vip road,1620,4410000,INR,1,1,0,"It’s a 3 bhk builder floor situated in zirakpur vip road, Chandigarh. It is an unfurnished property. It is a ready-to-move-in property. It is made in way to provide a comfortable living for the residents. It is well connected to the city areas. ",1,,0,1,0,0,0,0,0,0,0,0,0,0,,,,,,,,,,,,,,,,,
Vip Road Zirakpur,1620,4400000,INR,1,1,0,"It has an area of 1620 sqft . The property is available at a price of Rs. 44.00 lac . It is an unfurnished property. It is a ready-to-move-in property. The time you'll spend here will become the greatest moment of your life that will also help you to relieve, relax & evoke a great sense of happiness. The society is well connected by different modes of transportation. ",1,,0,1,0,0,0,0,0,0,0,0,0,0,,,,,,,,,,,,,,,,,
Vip Road Zirakpur,1620,4440000,INR,1,1,0,This spacious 3 bhk builder floor is available for sale and is located in the heart of Vip Road Zirakpur. It has a built-up area of 1620 sqft and is priced at Rs. 44.40 lac . It is an unfurnished property. It is a 3 year old ready-to-move-in property. It is made in way to provide a comfortable living. It is situated in the proximity of all the important facilities. Contact us for more details. ,1,,0,4,0,0,0,0,0,0,0,0,0,0,,,,,,,,,,,,,,,,,
zirakpur vip road,1550,3870000,INR,1,1,1,"It has a salable area of 1550 sqft and is available at a price of Rs. 2,496 per sqft. It is an unfurnished property. It is a ready-to-move-in property. It is made in way to provide a comfortable living for the residents. It is situated in the proximity of all the important facilities. Please contact for more details. ",1,,0,1,0,0,0,0,0,0,0,0,0,0,,,,,,,,,,,,,,,,,
zirakpur vip road,1550,3860000,INR,1,1,0,"This spacious 3 bhk builder floor is available for sale and is located in the heart of zirakpur vip road. It has a salable area of 1550 sqft and is available at a price of Rs. 2,490 per sqft. It is an unfurnished property. It is a ready-to-move-in property. It is made in way to provide a comfortable living. Please contact for more details. ",1,,0,1,0,0,0,0,0,0,0,0,0,0,,,,,,,,,,,,,,,,,
Vip Road Zirakpur,1550,3850000,INR,1,1,0,"A 3 bhk property is available for sale in Vip Road Zirakpur, Chandigarh. It has an area of 1550 sqft . The property is available at a price of Rs. 38.50 lac . It is a ready-to-move-in property. The time you'll spend here will become the greatest moment of your life that will also help you to relieve, relax & evoke a great sense of happiness. The society is well connected by different modes of transportation. Please contact us for more details. ",1,,0,1,0,0,0,0,0,0,0,0,0,0,,,,,,,,,,,,,,,,,
Vip Road Zirakpur,1550,3840000,INR,1,1,0,"It’s a 3 bhk builder floor situated in Vip Road Zirakpur. It has a salable area of 1550 sqft and is available at a price of Rs. 2,477 per sqft. It is an unfurnished property. This residential property is ready-to-move-in. It is made in way to provide a comfortable living for the residents. It is well connected to the city areas. Please contact for more details. ",1,,0,1,0,0,0,0,0,0,0,0,0,0,,,,,,,,,,,,,,,,,
Vip Road Zirakpur,1550,3820000,INR,1,1,0,It’s a 3 bhk builder floor situated in Vip Road Zirakpur. It has an area of 1550 sqft . The property is available at a price of Rs. 38.20 lac . The house is unfurnished. It is a ready-to-move-in property. Please contact us for more details. ,1,,0,1,0,0,0,0,0,0,0,0,0,0,,,,,,,,,,,,,,,,,
Vip Road Zirakpur,1550,3800000,INR,1,1,0,"A 3 bhk property is available for sale in Vip Road Zirakpur, Chandigarh. It has a built-up area of 1550 sqft and is priced at Rs. 38.00 lac . It is an unfurnished property. It is a ready-to-move-in property. The time you'll spend here will become the greatest moment of your life that will also help you to relieve, relax & evoke a great sense of happiness. The society is well connected by different modes of transportation. Please contact for more details. ",1,,0,1,0,0,0,0,0,0,0,0,0,0,,,,,,,,,,,,,,,,,
Vip Road Zirakpur,1550,3810000,INR,1,1,0,"A spacious 3 bhk builder floor is available for sale in Vip Road Zirakpur, Chandigarh. It has a built-up area of 1550 sqft and is priced at Rs. 38.10 lac . It is an unfurnished property. It is a 3 year old ready-to-move-in property. If you are interested, please contact us for more details. ",1,,0,4,0,0,0,0,0,0,0,0,0,0,,,,,,,,,,,,,,,,,
Sec 124 Sunny Enclave,960,2290000,INR,,1,1,"It’s a 2 bhk builder floor situated in Sec 124 Sunny Enclave. It has a salable area of 960 sqft and is available at a price of Rs. 2,385 per sqft. It is a semi-furnished property. It has 2 bathrooms and 2 balconies. It is a ready-to-move-in property. It is made in way to provide a comfortable living. It is well connected to the city areas. If you are interested, please contact us for more details. ",1,north,0,2,0,1,1,1,1,1,0,1,1,0,,,,1.0,1.0,1.0,1.0,1.0,1.0,1.0,1.0,1.0,1.0,1.0,1.0,1.0,1.0
PEER MUCHALLA ADJOING SEC 20 PANCHKULA,1450,3900000,INR,1,1,1,"It has a salable area of 1450 sqft and is available at a price of Rs. 2,689 per sqft. It is a semi-furnished property. It is located on the 1st floor(out of a total of 3 floor(s)). It is a garden facing property. The property is available on freehold. It is a ready-to-move-in property. It is made in way to provide a comfortable living. Contact us for more details. ",1,west,0,1,0,0,1,0,0,0,0,0,0,0,,,,,,,,,,1.0,,,,,,,
PEER MUCHALLA ADJOING SEC 20 PANCHKULA,1590,4600000,INR,1,1,1,"It’s a 3 bhk builder floor situated in PEER MUCHALLA ADJOING SEC 20 PANCHKULA, Chandigarh. It is a semi-furnished property. Its main door is facing east direction. It is a ready-to-move-in property. It is situated in the proximity of all the important facilities. If you are interested, please contact us for more details. ",1,east,0,0,0,1,1,0,0,1,1,0,0,1,,,,,,,,,,1.0,,,,,,,
PEER MUCHALLA ADJOING SEC 20 PANCHKULA,1450,42000000,INR,1,1,1,"A spacious 3 bhk builder floor is available for sale in PEER MUCHALLA ADJOING SEC 20 PANCHKULA, Chandigarh. The house is semi-furnished. It’s on 1st floor out of 3 floors building. It is facing east direction. It has 3 bathrooms and 2 balconies. This residential property is ready-to-move-in. It is made in way to provide a comfortable living for the residents. The society is well connected by different modes of transportation. If you are interested, please contact us for more details. ",1,east,0,0,0,0,1,0,0,0,0,0,0,0,,,,,,,,,,1.0,,,,,,,
Peermachhala,1350,3900000,INR,1,1,1,It has a built-up area of 1350 sqft and is priced at Rs. 39.00 lac (negotiable). It’s on 1st floor out of 3 floors building. It is facing east direction. It has 3 bathrooms and 2 balconies. This residential property is ready-to-move-in. ,1,east,0,0,1,0,1,0,0,0,0,0,0,0,,,,,,,,,,1.0,,,,,,,
PEER MUCHALLA ADJOING SEC 20 PANCHKULA,1590,4600000,INR,1,1,1,"It’s a 3 bhk builder floor situated in PEER MUCHALLA ADJOING SEC 20 PANCHKULA, Chandigarh. It has a built-up area of 1590 sqft and is priced at Rs. 46.00 lac (negotiable). The house is semi-furnished. It is on the 1st floor of the building (total number of floors are 3). It is a garden facing property. The property is available on freehold. It has 3 bathrooms and 2 balconies. This residential property is ready-to-move-in. It is made in way to provide a comfortable living. The society is well connected by different modes of transportation. Please contact us for more details. ",1,east,0,1,0,1,1,0,0,1,1,0,0,1,,,,,,,,,,1.0,,,,,,,
Mohali Sector 127,950,2690000,INR,,1,1,It is a furnished property. The property provides an excellent view as it overlooks the road. The property is available on freehold. It is a ready-to-move-in property. It is made in way to provide a comfortable living for the residents. ,1,east,1,0,0,0,1,1,0,1,0,0,1,0,,,,,,1.0,1.0,,,1.0,1.0,1.0,,,,,
New Chandigarh Mullanpur,2000,8123052,INR,0,1,0,"Well designed 3 bhk builder floor is available at a prime location in New Chandigarh Mullanpur. It has a salable area of 2000 sqft and is available at a price of Rs. 4,061 per sqft. It is a semi-furnished property. It is on 1st floor. The building has a total of 3 floor(s). It is a road facing property. The property is available on freehold. The property has 3 bathrooms and 3 balconies. This residential complex is under-construction as of now. The expected completion date is 30/12/2020. The time you'll spend here will become the greatest moment of your life that will also help you to relieve, relax & evoke a great sense of happiness. The site is in close proximity to various civic utilities. Please contact for more details. ",1,west,0,0,0,1,1,1,0,0,0,1,1,0,,,,1.0,1.0,1.0,1.0,,,1.0,1.0,1.0,,,,1.0,
Vip Road Zirakpur,1520,3950000,INR,1,1,1,Well designed 3 bhk builder floor is available at a prime location in Vip Road Zirakpur. It has an area of 1520 sqft . The property is available at a price of Rs. 39.50 lac (negotiable ). It’s on 2nd floor out of 3 floors building. The property provides an excellent view as it overlooks the road. The property is available on freehold. The property has 3 bathrooms and 2 balconies. It is a ready-to-move-in property. It is made in way to provide a comfortable living for the residents. The site is in close proximity to various civic utilities. Kindly call us for details. ,1,north,0,1,0,0,0,0,0,0,0,0,0,0,,,,,,,,,,1.0,,1.0,,,,,
zirakpur vip road,1550,3750000,INR,1,1,0,"It’s a 3 bhk builder floor situated in zirakpur vip road, Chandigarh. It has an area of 1550 sqft . The property is available at a price of Rs. 37.50 lac . The house is unfurnished. This residential property is ready-to-move-in. It is made in way to provide a comfortable living for the residents. If you are interested, please contact us for more details. ",1,,0,5,0,0,0,0,0,0,0,0,0,0,,,,,,,,,,,,,,,,,
zirakpur vip road,1620,3850000,INR,1,1,0,"It has an area of 1620 sqft . The property is available at a price of Rs. 38.50 lac . It is a 3 year old ready-to-move-in property. The time you'll spend here will become the greatest moment of your life that will also help you to relieve, relax & evoke a great sense of happiness. It is well connected to the city areas. Please contact for more details. ",1,,0,5,0,0,0,0,0,0,0,0,0,0,,,,,,,,,,,,,,,,,
Ambala Highway,1550,3790000,INR,1,1,0,"A 3 bhk property is available for sale in Ambala Highway, Chandigarh. It has a salable area of 1550 sqft and is available at a price of Rs. 2,445 per sqft. The house is unfurnished. It is a ready-to-move-in property. It is made in way to provide a comfortable living. It is situated in the proximity of all the important facilities. ",1,,0,1,0,0,0,0,0,0,0,0,0,0,,,,,,,,,,,,,,,,,
zirakpur vip road,1550,3750000,INR,1,1,0,"It’s a 3 bhk builder floor situated in zirakpur vip road, Chandigarh. It has a built-up area of 1550 sqft and is priced at Rs. 37.50 lac . The time you'll spend here will become the greatest moment of your life that will also help you to relieve, relax & evoke a great sense of happiness. It is well connected to the city areas. Contact us for more details. ",1,,0,5,0,0,0,0,0,0,0,0,0,0,,,,,,,,,,,,,,,,,
sector 5 Mubarikpur road derabassi,1120,2475000,INR,,1,1,"Well designed 2 bhk builder floor is available at a prime location in sector 5 Mubarikpur road derabassi. It has a salable area of 1120 sqft and is available at a price of Rs. 2,209 per sqft. It is a semi-furnished property. It is on 1st floor. The building has a total of 3 floor(s). It is facing northeast direction. The property is available on freehold. The property has 2 bathrooms and 2 balconies. It is a ready-to-move-in property. The time you'll spend here will become the greatest moment of your life that will also help you to relieve, relax & evoke a great sense of happiness. It is situated in the proximity of all the important facilities. If you are interested, please contact us for more details. ",1,northeast,0,0,0,1,1,0,0,0,0,0,0,0,,,,,,,,,,1.0,,,,,,,
Zirakpur GAzipur Road,1200,3500000,INR,,1,1,Well designed 3 bhk builder floor is available at a prime location in Zirakpur GAzipur Road. It is a semi-furnished property. It is on 1st floor. The building has a total of 3 floor(s). The property is available on freehold. It has 3 bathrooms and 3 balconies. This residential property is ready-to-move-in. Please contact us for more details. ,1,northeast,0,1,0,1,1,0,0,0,0,0,0,0,,,,,,,,,,1.0,,,,,,,
Vip Road Zirakpur,1800,4990000,INR,,1,1,"The house is semi-furnished. One of the major USPs of the property is that it is a road facing property. It has 3 bathrooms and 2 balconies. The time you'll spend here will become the greatest moment of your life that will also help you to relieve, relax & evoke a great sense of happiness. If you are interested, please contact us for more details. ",1,northeast,0,1,0,1,1,0,0,0,0,0,0,0,,,,,,,,,,1.0,,,,,,,
Zirakpur GAzipur Road,1020,2890000,INR,,1,1,"Well designed 2 bhk builder floor is available at a prime location in Zirakpur GAzipur Road. It has a salable area of 1020 sqft and is available at a price of Rs. 2,833 per sqft. The house is semi-furnished. It’s on 1st floor out of 3 floors building. Its main door is facing northeast direction. The property is available on freehold. This residential property is ready-to-move-in. It is made in way to provide a comfortable living for the residents. The society is well connected by different modes of transportation. Kindly call us for details. ",1,northeast,0,0,0,1,1,0,1,0,0,0,1,0,,,,,,,,,,1.0,,,,,,,
sector 5 Mubarikpur road derabassi,1120,2475000,INR,,1,1,Well designed 2 bhk builder floor is available at a prime location in sector 5 Mubarikpur road derabassi. It has an area of 1120 sqft with a carpet area of 1050 sqft . The property is available at a price of Rs. 24.75 lac (negotiable ). The house is semi-furnished. It is on the 1st floor of the building (total number of floors are 3). It is northeast facing property. It has 2 bathrooms and 2 balconies. It is a 3 year old ready-to-move-in property. It is made in way to provide a comfortable living for the residents. It is well connected to the city areas. Contact us for more details. ,1,northeast,0,3,0,1,1,0,0,0,0,0,0,0,,,,,,,,,,1.0,,1.0,1.0,,,,
Airport Road,1500,5500000,INR,,1,1,The house is semi-furnished. Its main door is facing northeast direction. The property is available on freehold. This residential property is ready-to-move-in. Please contact us for more details. ,1,northeast,0,1,1,1,1,0,1,0,1,0,0,0,,,,,,,,,,1.0,,,,,,,
Ambala Highway,1810,6890000,INR,,1,1,"It’s a 3 bhk builder floor situated in Ambala Highway, Chandigarh. It has an area of 1810 sqft with a carpet area of 1735 sqft . The property is available at a price of Rs. 68.90 lac (negotiable ). The house is semi-furnished. It is on the 1st floor of the building (total number of floors are 4). It is a corner property. The property is available on freehold. The property has 3 bathrooms and 2 balconies. This residential complex is under-construction as of now. The expected completion date is 11/10/2022. It is made in way to provide a comfortable living for the residents. The society is well connected by different modes of transportation. Kindly call us for details. ",1,northeast,0,0,1,1,1,0,1,1,1,0,1,0,,,,,,,,,,1.0,,,,,1.0,,
zirakpur vip road,1000,3290000,INR,,1,1,"Well designed 2 bhk builder floor is available at a prime location in zirakpur vip road. It has a built-up area of 1000 sqft and is priced at Rs. 32.90 lac (negotiable). It is on the 1st floor of the building (total number of floors are 3). The property is available on freehold. It has 2 bathrooms and 2 balconies. It is well connected to the city areas. If you are interested, please contact us for more details. ",1,northeast,0,0,0,1,1,0,1,0,0,0,1,0,,,,,,,,,,1.0,,,,,,,
SEC 115 MOHALI KHARAR LANDRAN ROAD,1530,3790000,INR,,1,1,"Leela Residencies Private Limited has lauched Leela Orchid Greens in Kharar, Mohali. It offers Under Construction units. Overall, there are 3 buildings. The possession date of Leela Orchid Greens is Jun, 2022. The address of Leela Orchid Greens is Kharar.

Other provisions include access to Storm Water Drains. Own a home in Leela Orchid Greens today!.

This is a RERA registered project with RERA ID PBRERA-SAS80-PR0604 and fulfils all conditions placed by the state regulatory body.

This project has been developed by Leela Residencies Private Limited.

Kharar is well-connected to other parts of city by road, which passes through the heart of this suburb. Prominent shopping malls, movie theatres, school, and hospitals are present in proximity of this residential project.",1,northeast,0,0,1,1,1,0,1,1,1,0,1,0,,,,,,,,,,1.0,,,,,,,
SEC 115 MOHALI KHARAR LANDRAN ROAD,1270,2940000,INR,,1,1,"Leela Residencies Private Limited has lauched Leela Orchid Greens in Kharar, Mohali. It offers Under Construction units. Overall, there are 3 buildings. The possession date of Leela Orchid Greens is Jun, 2022. The address of Leela Orchid Greens is Kharar.

Other provisions include access to Storm Water Drains. Own a home in Leela Orchid Greens today!.

This is a RERA registered project with RERA ID PBRERA-SAS80-PR0604 and fulfils all conditions placed by the state regulatory body.

This project has been developed by Leela Residencies Private Limited.

Kharar is well-connected to other parts of city by road, which passes through the heart of this suburb. Prominent shopping malls, movie theatres, school, and hospitals are present in proximity of this residential project.",1,northeast,0,0,1,1,1,0,1,1,1,0,1,1,,,,,,,,,,1.0,,,,,1.0,,
Zirakpur punjab,1008,1990000,INR,1,1,1,It has a built-up area of 1008 sqft and is priced at Rs. 19.90 lac (negotiable). It is a semi-furnished property. It is on 2nd floor. The building has a total of 3 floor(s). It is a garden facing property. It is a ready-to-move-in property. It is made in way to provide a comfortable living. Please contact for more details. ,1,north,0,1,0,0,1,0,0,1,0,0,0,1,,,,,,,,,,1.0,,,,,,,
Kharar Mohali,1200,4140000,INR,1,1,0,"SBP City of Dreams is the biggest feather in SBP’s cap of achievements. A prodigious project spread across the area of 100 acres, accommodating 8000 apartments. Developed in phases, the first phase initiated the construction of half of the area i.e. 4000 apartments spread across 50 acres. With City of Dreams, you get an inimitable ambiance that is high on luxury and low on price.",1,,0,1,0,0,0,0,0,0,0,0,0,0,,,,,,,,,,,,,,,,,
Vip Road Zirakpur,950,3290000,INR,,1,1,"A 2 bhk property is available for sale in Vip Road Zirakpur, Chandigarh. It has a salable area of 950 sqft and is available at a price of Rs. 3,463 per sqft. The house is semi-furnished. It is facing northeast direction. The property is available on freehold. This residential property is ready-to-move-in. It is made in way to provide a comfortable living. It is well connected to the city areas. If you are interested, please contact us for more details. ",1,northeast,0,0,0,1,1,0,1,0,0,0,1,0,,,,,,,,,,1.0,,,,,,,
Dhakoli,1100,3390000,INR,1,1,0,,1,northeast,0,122,0,0,0,0,0,0,0,0,0,0,,,,,,,,,,,,,,,,,
SEC 115 MOHALI KHARAR LANDRAN ROAD,1380,3990000,INR,,1,1,"Well designed 3 bhk builder floor is available at a prime location in SEC 115 MOHALI KHARAR LANDRAN ROAD. It has an area of 1380 sqft with a carpet area of 1350 sqft . The property is available at a price of Rs. 39.90 lac (negotiable ). It has 3 wardrobe, 1 tv, 1 sofa and 3 bed. It also has 1 modular kitchen. It’s on 3rd floor out of 3 floors building. It is east facing property. The property is available on freehold. The property has 3 bathrooms and 2 balconies. It is a ready-to-move-in property. It is made in way to provide a comfortable living. The site is in close proximity to various civic utilities. Kindly call us for details. ",1,east,1,0,0,0,1,1,0,1,0,0,0,0,,,,,,1.0,1.0,,,1.0,1.0,1.0,,,,,
SEC 115 MOHALI KHARAR LANDRAN ROAD,650,1790000,INR,,1,1,"It has a built-up area of 650 sqft and is priced at Rs. 17.90 lac (negotiable). It has 1 wardrobe, 1 tv, 1 sofa and 1 bed. It also has 1 modular kitchen. It is on 3rd floor. The building has a total of 3 floor(s). It is facing east direction. The property is available on freehold. It has 1 bathroom and 2 balconies. ",1,east,1,0,0,0,1,1,0,1,0,0,0,0,,,,,,1.0,1.0,,,1.0,1.0,1.0,,,,,
Mohali Sector 127,907,2685000,INR,,1,1,"It’s a 2 bhk builder floor situated in Mohali Sector 127. Furnishings include 2 wardrobe, 1 tv, 2 bed and 1 modular kitchen. It is on 3rd floor. The building has a total of 3 floor(s). The property provides an excellent view as it is a corner property. The property has 2 bathrooms and 2 balconies. ",1,northeast,1,1,0,0,1,1,0,0,0,0,0,0,,,,,,1.0,,,,1.0,1.0,1.0,1.0,,,,
Mohali Sec 113,2150,6435000,INR,,1,1,It’s a 3 bhk builder floor situated in Mohali Sec 113. It has an area of 2150 sqft with a carpet area of 1350 sqft . The property is available at a price of Rs. 64.35 lac (negotiable ). It is on the 3rd floor of the building (total number of floors are 4). The property is available on freehold. It has 3 bathrooms and 2 balconies. It is situated in the proximity of all the important facilities. ,1,east,0,1,1,1,1,1,1,1,1,1,1,1,,,,1.0,1.0,1.0,1.0,1.0,1.0,1.0,1.0,1.0,1.0,1.0,1.0,1.0,1.0
Mohali Sec 113,2150,6432000,INR,,1,1,"This spacious 3 bhk builder floor is available for sale and is located in the heart of Mohali Sec 113. It is on the 3rd floor of the building (total number of floors are 4). It has jogging track. Other amenities include lift available, swimming pool, gymnasium, club house, 24 x 7 security, power backup, car parking, staff quarter and rain water harvesting. It is a ready-to-move-in property. It is made in way to provide a comfortable living. ",1,east,0,1,1,1,1,1,1,1,1,1,1,1,,,,1.0,1.0,1.0,1.0,1.0,1.0,1.0,1.0,1.0,1.0,1.0,1.0,1.0,1.0
Mohali Sector 127,1050,2590000,INR,,1,1,It is on 3rd floor. The building has a total of 3 floor(s). One of the major USPs of the property is that it is a garden facing property. It has 2 bathrooms and 2 balconies. This residential property is ready-to-move-in. It is made in way to provide a comfortable living. It is well connected to the city areas. Kindly call us for details. ,1,northeast,1,0,0,1,1,0,0,1,0,0,0,1,,,,,,1.0,,,,1.0,1.0,1.0,,,,,
SEC 115 MOHALI KHARAR LANDRAN ROAD,1400,3690000,INR,,1,0,"We’re delighted to showcase our Premium Residential Project on Kharar-Landran Highway Sector 115, Mohali in the close vicinity of Chandigarh and just minutes away from International Airport.

Here are some of the features which makes this project stand out -

Located just 200 Mtr from State Highway (Kharar-Landran).

Gated Secured Society spread in over 5 Acres.

Features & Amenities:-

- Fully Equipped Modular Kitchen with Geyser Chimney, R.O & LPG Gas line fitting.

-Modular Wardrobes in All Bedrooms

- Texture paint/wallpaper/PVC paneling in master bedroom & Living area one wall each.

- Modular switch, Provision, point for fans & Exhaust fan etc.

- Washrooms with branded Fittings

- spacious balconies with anti skid tiles.

- covered through Grill for aditional safety.

- Split AC Provision in flats.

- Branded UPVC Doors.

- Secured Gated society with 3 tier security

- CCTV Monitoring for Entire Complex.

- Free covered Car parking for residents.

- Underground wire & cabling.

- 1.5 Acres Sectorial Park & Lush Green Garden with Kids Play Area

- Spacious entrance lobby.",1,east,1,0,0,0,1,1,0,1,0,0,0,0,,,,,,1.0,1.0,,,1.0,1.0,1.0,,,,,
SEC 115 MOHALI KHARAR LANDRAN ROAD,1670,4290000,INR,,1,1,"It has a salable area of 1670 sqft and is available at a price of Rs. 2,568 per sqft. It is a furnished property. It has 3 wardrobe, 1 tv, 1 sofa and 3 bed. It also has 1 modular kitchen. It is on the 3rd floor of the building (total number of floors are 3). One of the major USPs of the property is that it is a road facing property. The property has 3 bathrooms and 2 balconies. It is a ready-to-move-in property. The time you'll spend here will become the greatest moment of your life that will also help you to relieve, relax & evoke a great sense of happiness. ",1,east,1,0,0,0,1,1,0,0,0,0,0,0,,,,,,1.0,1.0,,,1.0,1.0,1.0,,,,,
Mohali Sector 127,950,2390000,INR,,1,0,"A 2 bhk property is available for sale in Mohali Sector 127, Chandigarh. It has an area of 950 sqft with a carpet area of 900 sqft . The property is available at a price of Rs. 23.90 lac . The house is furnished. Furnishings include 2 wardrobe, 1 tv, 1 sofa, 2 bed and 1 modular kitchen. It is on 3rd floor. The building has a total of 3 floor(s). It is east facing property. The property is available on freehold. It has 2 bathrooms and 2 balconies. This residential property is ready-to-move-in. It is made in way to provide a comfortable living. Contact us for more details. ",1,east,1,0,0,0,1,1,0,1,0,0,0,0,,,,,,1.0,,,,1.0,1.0,1.0,1.0,,,,
Mohali Sector 127,1005,2790000,INR,,1,0,"It’s a 2 bhk builder floor situated in Mohali Sector 127. It has a salable area of 1005 sqft and is available at a price of Rs. 2,776 per sqft. It has 2 wardrobe, 1 tv, 1 sofa and 2 bed. It also has 1 modular kitchen. It is located on the 3rd floor(out of a total of 3 floor(s)). It is facing east direction. The property has 2 bathrooms and 2 balconies. It is a ready-to-move-in property. The time you'll spend here will become the greatest moment of your life that will also help you to relieve, relax & evoke a great sense of happiness. It is well connected to the city areas. If you are interested, please contact us for more details. ",1,east,1,0,0,0,1,1,0,1,0,0,1,1,,,,,,1.0,1.0,,,1.0,1.0,1.0,1.0,,,,
Chandigarh,1650,8290000,INR,,1,0,"Book Yourself a Luxury Lifestyle Offered by the Most Reputed Developer in the Region. Buy New Luxury 3 BHK Flats in Sector – 17, Adjoining PCA Stadium, New Chandigarh. Punjab University - 4km",1,east,0,1,1,1,1,1,1,1,1,1,0,1,,,,1.0,1.0,,,,1.0,1.0,,,,,1.0,1.0,
Sector 20,2250,8290000,INR,,1,0,"Book Yourself a Luxury Lifestyle Offered by the Most Reputed Developer in the Region. Buy New Luxury 3 BHK Flats in Sector – 17, Adjoining PCA Stadium, New Chandigarh. Punjab University - 4km",1,east,0,0,1,1,1,1,1,0,0,0,0,1,,,,1.0,,,1.0,,,1.0,,,,,,1.0,
Dera Bassi,1650,3490000,INR,,1,1,"It’s a 3 bhk builder floor situated in Dera Bassi, Chandigarh. It has a built-up area of 1650 sqft and is priced at Rs. 34.90 lac (negotiable). It is on 1st floor. The building has a total of 3 floor(s). It is northeast facing property. The property has 3 bathrooms and 2 balconies. It is a ready-to-move-in property. It is made in way to provide a comfortable living. The society is well connected by different modes of transportation. ",1,northeast,0,0,0,1,1,0,1,0,0,0,1,0,7.1,,,,,,,,,1.0,,,,,,,
Chandigarh,2150,6400000,INR,,1,1,It is a semi-furnished property. It is on the 3rd floor of the building (total number of floors are 4). It is a pool facing property. The property is available on freehold. It is made in way to provide a comfortable living for the residents. The society is well connected by different modes of transportation. Kindly call us for details. ,1,east,0,1,1,1,1,1,1,1,1,1,1,1,,,,1.0,1.0,1.0,1.0,1.0,1.0,1.0,1.0,1.0,1.0,1.0,1.0,1.0,1.0
Chandigarh,2150,6432000,INR,,1,0,"A spacious 3 bhk builder floor is available for sale in Chandigarh, Chandigarh. It has a salable area of 2150 sqft and is available at a price of Rs. 2,991 per sqft. It is a semi-furnished property. It’s on 3rd floor out of 4 floors building. This residential property is ready-to-move-in. It is situated in the proximity of all the important facilities. Contact us for more details. ",1,east,0,1,1,1,1,1,1,1,1,1,1,1,,,,1.0,1.0,1.0,1.0,1.0,1.0,1.0,1.0,1.0,1.0,1.0,1.0,1.0,1.0
Aerocity Road,1950,6100000,INR,,1,1,"It has a salable area of 1950 sqft and is available at a price of Rs. 3,128 per sqft. The house is semi-furnished. It is on 3rd floor. The building has a total of 4 floor(s). It has lift available as well as jogging track. The project also has 24 x 7 security. Its main door is facing east direction. The property has 3 bathrooms and 2 balconies. This residential property is ready-to-move-in. It is made in way to provide a comfortable living for the residents. The society is well connected by different modes of transportation. Please contact us for more details. ",1,east,0,1,1,1,1,1,1,1,1,1,1,1,,,,1.0,1.0,1.0,1.0,1.0,1.0,1.0,1.0,1.0,1.0,1.0,1.0,1.0,1.0
Aerocity,1950,6100000,INR,,1,1,It has a built-up area of 1950 sqft and is priced at Rs. 61.00 lac (negotiable). It is located on the 3rd floor(out of a total of 4 floor(s)). One of the major USPs of the property is that it is a corner property. It is a ready-to-move-in property. It is well connected to the city areas. Contact us for more details. ,1,east,0,1,1,1,1,1,1,1,1,1,1,1,,,,1.0,1.0,1.0,1.0,1.0,1.0,1.0,1.0,1.0,1.0,1.0,1.0,1.0,1.0
Aerocity,1950,6000000,INR,,1,1,"It has a built-up area of 1950 sqft and is priced at Rs. 60.00 lac (negotiable). It is a semi-furnished property. It’s on 3rd floor out of 4 floors building. It has lift available as well as staff quarter. The project also has gymnasium, club house, rain water harvesting, 24 x 7 security, car parking, swimming pool, power backup and jogging track. The property is available on freehold. It has 3 bathrooms and 3 balconies. The time you'll spend here will become the greatest moment of your life that will also help you to relieve, relax & evoke a great sense of happiness. ",1,east,0,1,1,1,1,1,1,1,1,1,1,1,,,,1.0,1.0,1.0,1.0,1.0,1.0,1.0,1.0,1.0,1.0,1.0,1.0,1.0,1.0
Aerocity Road,1950,6190000,INR,,1,1,This spacious 3 bhk builder floor is available for sale and is located in the heart of Aerocity Road. It is a semi-furnished property. It is on 3rd floor. The building has a total of 4 floor(s). It has jogging track as well as lift available. The project also has 24 x 7 security. It is made in way to provide a comfortable living. Please contact for more details. ,1,east,0,1,1,1,1,1,1,1,1,1,1,1,,,,1.0,1.0,1.0,1.0,1.0,1.0,1.0,1.0,1.0,1.0,1.0,1.0,1.0,1.0
Aerocity,1950,6195000,INR,,1,1,"It’s a 3 bhk builder floor situated in Aerocity. It has a salable area of 1950 sqft and is available at a price of Rs. 3,176 per sqft. The house is semi-furnished. It is on 3rd floor. The building has a total of 4 floor(s). It has car parking as well as power backup. The project also has gymnasium, swimming pool, club house, jogging track, rain water harvesting, staff quarter, 24 x 7 security and lift available. The property provides an excellent view as it overlooks the pool. The property is available on freehold. It has 3 bathrooms and 3 balconies. It is a ready-to-move-in property. It is made in way to provide a comfortable living for the residents. It is situated in the proximity of all the important facilities. Kindly call us for details. ",1,east,0,1,1,1,1,1,1,1,1,1,1,1,,,,1.0,1.0,1.0,1.0,1.0,1.0,1.0,1.0,1.0,1.0,1.0,1.0,1.0,1.0
Airport Road,1550,8100000,INR,,1,1,"A spacious 3 bhk builder floor is available for sale in Airport Road, Chandigarh. It has a built-up area of 1550 sqft and is priced at Rs. 81.00 lac (negotiable). It is on 15th floor. The building has a total of 15 floor(s). The property is available on freehold. It has 3 bathrooms and 3 balconies. This residential complex is under-construction as of now. . It is situated in the proximity of all the important facilities. ",1,east,0,0,1,1,1,1,1,1,1,1,1,1,,,,1.0,1.0,1.0,1.0,1.0,1.0,1.0,1.0,1.0,1.0,1.0,1.0,1.0,1.0
Airport Road,1550,8100000,INR,,1,1,"A 3 bhk property is available for sale in Airport Road, Chandigarh. It has a salable area of 1550 sqft and is available at a price of Rs. 5,225 per sqft. It is a semi-furnished property. It is on 15th floor. The building has a total of 15 floor(s). It is a garden facing property. It is a ready-to-move-in property. The society is well connected by different modes of transportation. Contact us for more details. ",1,east,0,1,1,1,1,1,1,1,1,1,1,1,,,,1.0,1.0,1.0,1.0,1.0,1.0,1.0,1.0,1.0,1.0,1.0,1.0,1.0,1.0
Road to Airport,1550,8111000,INR,,1,1,This spacious 3 bhk builder floor is available for sale and is located in the heart of Road to Airport. It has an area of 1550 sqft with a carpet area of 1450 sqft . The property is available at a price of Rs. 81.11 lac (negotiable ). It is a semi-furnished property. It is on the 15th floor of the building (total number of floors are 15). It is facing east direction. The property is available on freehold. This residential complex is under-construction as of now. . The society is well connected by different modes of transportation. Kindly call us for details. ,1,east,0,0,1,1,1,1,1,1,1,1,1,1,,,,1.0,1.0,1.0,1.0,1.0,1.0,1.0,1.0,1.0,1.0,1.0,1.0,1.0,1.0
Chandigarh Airport Area,1550,8100000,INR,,1,1,This spacious 3 bhk builder floor is available for sale and is located in the heart of Chandigarh Airport Area. It has a built-up area of 1550 sqft and is priced at Rs. 81.00 lac (negotiable). The house is semi-furnished. It is on 15th floor. The building has a total of 18 floor(s). It is facing east direction. The property is available on freehold. The property has 3 bathrooms and 2 balconies. It is an under-construction property . It is made in way to provide a comfortable living. Please contact us for more details. ,1,east,0,0,1,1,1,1,1,1,1,1,1,1,,,,1.0,1.0,1.0,1.0,1.0,1.0,1.0,1.0,1.0,1.0,1.0,1.0,1.0,1.0
Airport Road,1550,8100000,INR,,1,1,Well designed 3 bhk builder floor is available at a prime location in Airport Road. It has a built-up area of 1550 sqft and is priced at Rs. 81.00 lac (negotiable). The house is semi-furnished. It’s on 15th floor out of 15 floors building. The property is available on freehold. It has 3 bathrooms and 3 balconies. ,1,east,0,0,1,1,1,1,1,1,1,1,1,1,,,,1.0,1.0,1.0,1.0,1.0,1.0,1.0,1.0,1.0,1.0,1.0,1.0,1.0,1.0
Chandigarh,1950,8200000,INR,,1,1,"It’s a 3 bhk builder floor situated in Chandigarh, Chandigarh. The house is semi-furnished. It is located on the 15th floor(out of a total of 18 floor(s)). Its main door is facing east direction. The property is available on freehold. The property has 3 bathrooms and 3 balconies. It is an under-construction property . The site is in close proximity to various civic utilities. Please contact us for more details. ",1,east,0,0,1,1,1,1,1,1,1,1,1,1,,,,1.0,1.0,1.0,1.0,1.0,1.0,1.0,1.0,1.0,1.0,1.0,1.0,1.0,1.0
Chandigarh,1550,8200000,INR,,1,1,"A 3 bhk property is available for sale in Chandigarh, Chandigarh. It has a built-up area of 1550 sqft and is priced at Rs. 82.00 lac (negotiable). The house is semi-furnished. It is on the 17th floor of the building (total number of floors are 17). It is a road facing property. The property is available on freehold. The property has 3 bathrooms and 2 balconies. This residential complex is under-construction as of now. . It is made in way to provide a comfortable living. Contact us for more details. ",1,east,0,0,1,1,0,1,1,1,1,1,1,1,,,,1.0,1.0,1.0,1.0,1.0,1.0,1.0,1.0,1.0,1.0,1.0,1.0,1.0,1.0
Zirakpur GAzipur Road,1100,3590000,INR,,1,1,"A 3 bhk property is available for sale in Zirakpur GAzipur Road, Chandigarh. It has a salable area of 1100 sqft and is available at a price of Rs. 3,263 per sqft. The house is semi-furnished. It is located on the 1st floor(out of a total of 3 floor(s)). The property has 3 bathrooms and 2 balconies. It is made in way to provide a comfortable living. Kindly call us for details. ",1,northeast,0,0,0,1,1,0,1,0,1,0,1,0,,,,,,,,,,1.0,,,,,,,
Chandigarh Airport Area,1550,8111111,INR,,1,1,"A spacious 3 bhk builder floor is available for sale in Chandigarh Airport Area, Chandigarh. It is a semi-furnished property. It’s on 3rd floor out of 3 floors building. One of the major USPs of the property is that it is a road facing property. The property is available on freehold. It has 3 bathrooms and 3 balconies. It is an under-construction property and is expected to get completed by 01/04/2024. It is made in way to provide a comfortable living. The site is in close proximity to various civic utilities. Contact us for more details. ",1,east,0,0,1,1,1,1,1,1,1,1,1,0,,,,1.0,1.0,1.0,1.0,1.0,1.0,1.0,1.0,1.0,1.0,1.0,1.0,1.0,1.0
Chandigarh Airport Area,1560,8023000,INR,,1,1,"A 3 bhk property is available for sale in Chandigarh Airport Area, Chandigarh. It has a built-up area of 1560 sqft and is priced at Rs. 80.23 lac (negotiable). The house is semi-furnished. Its main door is facing east direction. It is an under-construction property and is expected to get completed by 02/04/2024. The site is in close proximity to various civic utilities. Kindly call us for details. ",1,east,0,0,1,1,1,1,1,1,1,1,1,0,,,,1.0,1.0,1.0,1.0,1.0,1.0,1.0,1.0,1.0,1.0,1.0,1.0,1.0,1.0
Sector 88 Mohali,2150,5011111,INR,,1,1,"It’s a 3 bhk builder floor situated in Sector 88 Mohali. It is a semi-furnished property. It is on the 3rd floor of the building (total number of floors are 3). The property is available on freehold. It is made in way to provide a comfortable living for the residents. If you are interested, please contact us for more details. ",1,east,0,1,1,1,1,1,1,1,1,1,1,0,,,,1.0,1.0,1.0,1.0,1.0,1.0,1.0,1.0,1.0,1.0,1.0,1.0,1.0,1.0
Mohali Sec 76,2150,4950000,INR,,1,1,Well designed 3 bhk builder floor is available at a prime location in Mohali Sec 76. It has an area of 2150 sqft with a carpet area of 1950 sqft . The property is available at a price of Rs. 49.50 lac (negotiable ). The house is semi-furnished. It is on 2nd floor. The building has a total of 3 floor(s). Its main door is facing east direction. It has 3 bathrooms and 2 balconies. This residential property is ready-to-move-in. It is made in way to provide a comfortable living. The society is well connected by different modes of transportation. Please contact for more details. ,1,east,0,1,1,1,1,1,1,1,1,1,1,0,,,,1.0,1.0,1.0,1.0,1.0,1.0,1.0,1.0,1.0,1.0,1.0,1.0,1.0,1.0
Mohali Sec 70,2150,4965000,INR,,1,1,Well designed 3 bhk builder floor is available at a prime location in Mohali Sec 70. It has an area of 2150 sqft with a carpet area of 1950 sqft . The property is available at a price of Rs. 49.65 lac (negotiable ). It is a semi-furnished property. It is located on the 3rd floor(out of a total of 3 floor(s)). Its main door is facing east direction. The property is available on freehold. The property has 3 bathrooms and 2 balconies. It is made in way to provide a comfortable living for the residents. ,1,east,0,1,1,1,1,1,1,1,1,1,1,0,,,,1.0,1.0,1.0,1.0,1.0,1.0,1.0,1.0,1.0,1.0,,1.0,1.0,1.0
Mohali Sec 90,2250,5195000,INR,,1,1,"It’s a 3 bhk builder floor situated in Mohali Sec 90. It has a built-up area of 2250 sqft and is priced at Rs. 51.95 lac (negotiable). The house is semi-furnished. It is located on the 3rd floor(out of a total of 3 floor(s)). It is facing east direction. The property is available on freehold. It is a ready-to-move-in property. It is made in way to provide a comfortable living. If you are interested, please contact us for more details. ",1,east,0,2,1,1,1,1,1,1,1,1,1,0,,,,1.0,1.0,1.0,1.0,1.0,1.0,1.0,1.0,1.0,1.0,1.0,1.0,1.0,1.0
sector 5 Mubarikpur road derabassi,1120,2475000,INR,,1,1,"It’s a 2 bhk builder floor situated in sector 5 Mubarikpur road derabassi. It has an area of 1120 sqft with a carpet area of 1050 sqft . The property is available at a price of Rs. 24.75 lac (negotiable ). The house is semi-furnished. It’s on 1st floor out of 3 floors building. One of the major USPs of the property is that it is a garden facing property. The property is in a complex owned by a co-operative society. It has 2 bathrooms and 2 balconies. It is a ready-to-move-in property. The time you'll spend here will become the greatest moment of your life that will also help you to relieve, relax & evoke a great sense of happiness. It is well connected to the city areas. Please contact us for more details. ",1,northeast,0,0,0,0,1,0,0,0,0,0,0,0,,,,,,,,,,1.0,,1.0,1.0,,,,
Dera Bassi,1550,3590000,INR,,1,1,It’s a 3 bhk builder floor situated in Dera Bassi. It has an area of 1550 sqft with a carpet area of 1450 sqft . The property is available at a price of Rs. 35.90 lac (negotiable ). It is a semi-furnished property. It’s on 1st floor out of 3 floors building. One of the major USPs of the property is that it is a corner property. The property is available on freehold. It has 3 bathrooms and 2 balconies. It is a ready-to-move-in property. The site is in close proximity to various civic utilities. Please contact for more details. ,1,northeast,0,0,0,1,1,0,0,0,0,0,0,0,7.1,,,,,1.0,,,,1.0,,1.0,1.0,,,,
Dera Bassi,1550,3590000,INR,,1,1,It has an area of 1550 sqft with a carpet area of 1450 sqft . The property is available at a price of Rs. 35.90 lac (negotiable ). The property provides an excellent view as it overlooks the garden. This residential property is ready-to-move-in. It is situated in the proximity of all the important facilities. Please contact for more details. ,1,northeast,0,0,0,1,1,0,0,0,0,0,0,0,7.1,,,,,1.0,,,,1.0,,1.0,1.0,,,,
Dera Bassi,1550,3590000,INR,,1,1,"A 3 bhk property is available for sale in Dera Bassi, Chandigarh. It has an area of 1550 sqft with a carpet area of 1450 sqft . The property is available at a price of Rs. 35.90 lac (negotiable ). The house is semi-furnished. It is on 1st floor. The building has a total of 3 floor(s). The property is available on freehold. The property has 3 bathrooms and 2 balconies. It is a ready-to-move-in property. It is made in way to provide a comfortable living. The site is in close proximity to various civic utilities. Kindly call us for details. ",1,northeast,0,0,0,1,1,0,0,0,0,0,0,0,7.1,,,,,1.0,,,,1.0,,1.0,1.0,,,,
Dera Bassi,1550,3590000,INR,,1,1,"It’s a 3 bhk builder floor situated in Dera Bassi. It has an area of 1550 sqft with a carpet area of 1450 sqft . The property is available at a price of Rs. 35.90 lac (negotiable ). The house is semi-furnished. It is on the 1st floor of the building (total number of floors are 3). It is a corner property. The property is available on freehold. It has 3 bathrooms and 2 balconies. It is made in way to provide a comfortable living for the residents. If you are interested, please contact us for more details. ",1,northeast,0,0,0,1,1,0,0,0,0,0,0,0,7.1,,,,,1.0,,,,1.0,,,1.0,,,,
sector 5 Mubarikpur road derabassi,1120,2475000,INR,,1,1,This spacious 2 bhk builder floor is available for sale and is located in the heart of sector 5 Mubarikpur road derabassi. It is a semi-furnished property. It is on 1st floor. The building has a total of 3 floor(s). It is facing northeast direction. The property is in a complex owned by a co-operative society. The property has 2 bathrooms and 2 balconies. It is situated in the proximity of all the important facilities. Contact us for more details. ,1,northeast,0,0,0,0,1,0,0,0,0,0,0,0,,,,,,,,,,1.0,,1.0,1.0,,,,
sector 5 Mubarikpur road derabassi,1120,2475000,INR,,1,1,"It’s a 2 bhk builder floor situated in sector 5 Mubarikpur road derabassi. The house is semi-furnished. Its main door is facing northeast direction. The property is in a complex owned by a co-operative society. It has 2 bathrooms and 2 balconies. If you are interested, please contact us for more details. ",1,northeast,0,0,0,0,1,0,0,0,0,0,0,0,,,,,,,,,,1.0,,1.0,1.0,,,,
sector 5 Mubarikpur road derabassi,1120,2475000,INR,,1,1,"A 2 bhk property is available for sale in sector 5 Mubarikpur road derabassi, Chandigarh. It has a salable area of 1120 sqft and is available at a price of Rs. 2,209 per sqft. The house is semi-furnished. One of the major USPs of the property is that it is a corner property. It is a ready-to-move-in property. It is well connected to the city areas. ",1,northeast,0,0,0,1,1,0,0,0,0,0,0,0,,,,,,,,,,1.0,,1.0,1.0,,,,
sector 5 Mubarikpur road derabassi,1120,2475000,INR,,0,1,"It has a salable area of 1120 sqft and is available at a price of Rs. 2,209 per sqft. It is facing northeast direction. The property has 2 bathrooms and 2 balconies. The time you'll spend here will become the greatest moment of your life that will also help you to relieve, relax & evoke a great sense of happiness. It is well connected to the city areas. ",1,northeast,0,10,0,1,1,1,1,1,1,1,1,0,,,,,,1.0,,,1.0,1.0,1.0,1.0,1.0,1.0,1.0,1.0,1.0
Dera Bassi,1550,3590000,INR,,1,1,This spacious 3 bhk builder floor is available for sale and is located in the heart of Dera Bassi. It’s on 1st floor out of 3 floors building. The property is available on freehold. This residential property is ready-to-move-in. Please contact us for more details. ,1,northeast,0,0,0,0,1,0,0,0,0,0,0,0,7.1,,,,,1.0,,,,1.0,,1.0,1.0,,,,
Dera Bassi,1550,3590000,INR,,1,1,"A 3 bhk property is available for sale in Dera Bassi, Chandigarh. It has a salable area of 1550 sqft and is available at a price of Rs. 2,316 per sqft. It is a semi-furnished property. It’s on 1st floor out of 3 floors building. Its main door is facing northeast direction. The property is available on freehold. It has 3 bathrooms and 2 balconies. This residential property is ready-to-move-in. It is made in way to provide a comfortable living. The society is well connected by different modes of transportation. Please contact for more details. ",1,northeast,0,0,0,0,1,0,0,0,0,0,0,0,7.1,,,,,1.0,,,,1.0,,1.0,1.0,,,,
Dera Bassi,1550,3590000,INR,,1,1,"A spacious 3 bhk builder floor is available for sale in Dera Bassi, Chandigarh. It has a salable area of 1550 sqft and is available at a price of Rs. 2,316 per sqft. The house is semi-furnished. It’s on 1st floor out of 3 floors building. One of the major USPs of the property is that it is a garden facing property. The property is available on freehold. The property has 3 bathrooms and 2 balconies. This residential property is ready-to-move-in. It is made in way to provide a comfortable living for the residents. ",1,northeast,0,0,0,0,1,0,0,0,0,0,0,0,7.1,,,,,1.0,,,,1.0,,1.0,1.0,,,,
Dera Bassi,1550,3590000,INR,,1,1,The house is semi-furnished. It is located on the 1st floor(out of a total of 4 floor(s)). The property provides an excellent view as it overlooks the garden. This residential property is ready-to-move-in. It is made in way to provide a comfortable living. The society is well connected by different modes of transportation. ,1,northeast,0,0,0,0,1,0,0,0,0,0,0,0,7.1,,,,,1.0,,,,1.0,,1.0,1.0,,,,
Dera Bassi,1550,3590000,INR,,1,1,"A 3 bhk property is available for sale in Dera Bassi, Chandigarh. It has a salable area of 1550 sqft and is available at a price of Rs. 2,316 per sqft. It is a semi-furnished property. It is a garden facing property. The property is available on freehold. The property has 3 bathrooms and 2 balconies. This residential property is ready-to-move-in. The site is in close proximity to various civic utilities. ",1,northeast,0,0,0,0,1,0,0,0,0,0,0,0,7.1,,,,,1.0,,,,1.0,,1.0,1.0,,,,
sector 5 Mubarikpur road derabassi,1120,2475000,INR,,1,1,It is located on the 1st floor(out of a total of 3 floor(s)). The property is in a complex owned by a co-operative society. It is a ready-to-move-in property. It is made in way to provide a comfortable living for the residents. Please contact for more details. ,1,northeast,0,0,0,0,0,0,0,0,0,0,0,0,,,,,,,,,,1.0,,1.0,1.0,,,,
85 Sector 34A Road,2050,6250000,INR,,1,1,"A 3 bhk property is available for sale in 85 Sector 34A Road, Chandigarh. It has a built-up area of 2050 sqft and is priced at Rs. 62.50 lac (negotiable). It is a semi-furnished property. It is on the 3rd floor of the building (total number of floors are 4). It is east facing property. The property is available on freehold. The society is well connected by different modes of transportation. ",1,east,0,1,1,1,1,1,1,1,1,1,1,0,,,,1.0,1.0,1.0,1.0,1.0,1.0,1.0,1.0,1.0,1.0,1.0,1.0,1.0,1.0
85 Sector 34A Road,2250,7111111,INR,,1,1,"A 3 bhk property is available for sale in 85 Sector 34A Road, Chandigarh. It has a salable area of 2250 sqft and is available at a price of Rs. 3,160 per sqft. It is a semi-furnished property. It’s on 3rd floor out of 4 floors building. Its main door is facing east direction. The property is available on freehold. The property has 3 bathrooms and 2 balconies. It is a ready-to-move-in property. It is made in way to provide a comfortable living for the residents. It is situated in the proximity of all the important facilities. Contact us for more details. ",1,east,0,1,1,1,1,1,1,1,1,1,1,0,,,,1.0,1.0,1.0,1.0,1.0,1.0,1.0,1.0,1.0,1.0,1.0,1.0,1.0,1.0
85 Mohali Stadium Road,2250,6998000,INR,,1,1,It has an area of 2250 sqft with a carpet area of 2150 sqft . The property is available at a price of Rs. 69.98 lac (negotiable ). The house is semi-furnished. It is on the 3rd floor of the building (total number of floors are 3). It has 3 bathrooms and 2 balconies. This residential property is ready-to-move-in. It is made in way to provide a comfortable living for the residents. The society is well connected by different modes of transportation. Contact us for more details. ,1,east,0,1,1,1,1,1,1,1,1,1,1,0,,,,1.0,1.0,1.0,1.0,1.0,1.0,1.0,1.0,1.0,1.0,1.0,1.0,1.0,1.0
Chandigarh,1950,9650000,INR,,1,1,"It has an area of 1950 sqft with a carpet area of 1850 sqft . The property is available at a price of Rs. 96.50 lac (negotiable ). It is on the 3rd floor of the building (total number of floors are 3). The property is available on freehold. The property has 3 bathrooms and 3 balconies. This residential property is ready-to-move-in. The time you'll spend here will become the greatest moment of your life that will also help you to relieve, relax & evoke a great sense of happiness. The society is well connected by different modes of transportation. Please contact for more details. ",1,east,0,1,1,1,1,1,1,1,1,1,1,0,,,,1.0,1.0,1.0,1.0,1.0,1.0,1.0,1.0,1.0,1.0,1.0,1.0,1.0,1.0
Chandigarh,2250,8500001,INR,,1,1,"Well designed 3 bhk builder floor is available at a prime location in Chandigarh. It has a salable area of 2250 sqft and is available at a price of Rs. 3,777 per sqft. The property is available on freehold. The property has 3 bathrooms and 2 balconies. It is a ready-to-move-in property. It is made in way to provide a comfortable living. It is well connected to the city areas. ",1,east,0,1,1,1,1,1,1,1,1,1,1,0,,,,1.0,1.0,1.0,1.0,1.0,1.0,1.0,1.0,1.0,1.0,1.0,1.0,1.0,1.0
Mohali Sec 84,2250,6284000,INR,,1,1,Well designed 3 bhk builder floor is available at a prime location in Mohali Sec 84. It has a built-up area of 2250 sqft and is priced at Rs. 62.84 lac (negotiable). The property is available on freehold. It is a ready-to-move-in property. It is situated in the proximity of all the important facilities.,1,east,0,1,1,1,1,1,1,1,1,1,1,0,,,,1.0,1.0,1.0,1.0,1.0,1.0,1.0,1.0,1.0,1.0,1.0,1.0,1.0,1.0
85 Sector 34A Road,2250,6285000,INR,,1,1,It’s a 3 bhk builder floor situated in 85 Sector 34A Road. It has a built-up area of 2250 sqft and is priced at Rs. 62.85 lac (negotiable). The house is semi-furnished. It is on the 3rd floor of the building (total number of floors are 3). One of the major USPs of the property is that it is a corner property. The property is available on freehold. It has 3 bathrooms and 2 balconies. This residential property is ready-to-move-in. It is situated in the proximity of all the important facilities. Contact us for more details.,1,east,0,1,1,1,1,1,1,1,1,1,1,0,,,,1.0,1.0,1.0,1.0,1.0,1.0,1.0,1.0,1.0,1.0,1.0,1.0,1.0,1.0
Aerocity,1950,6132000,INR,,1,1,"It is a semi-furnished property. It has power backup. Other amenities include 24 x 7 security, club house, car parking, rain water harvesting, gymnasium, lift available, swimming pool, jogging track and staff quarter. It is facing east direction. The property is available on freehold. The property has 3 bathrooms and 2 balconies. It is a ready-to-move-in property. Please contact for more details. ",1,east,0,1,1,1,1,1,1,1,1,1,1,1,,,,1.0,1.0,1.0,1.0,1.0,1.0,1.0,1.0,1.0,1.0,1.0,1.0,1.0,1.0
Mohali Sec 125,2250,5523000,INR,,1,1,The house is semi-furnished. It is on the 3rd floor of the building (total number of floors are 3). One of the major USPs of the property is that it is a road facing property. The property is available on freehold. It is a ready-to-move-in property. Please contact us for more details. ,1,east,0,1,1,1,1,1,1,1,1,1,1,0,,,,1.0,1.0,1.0,1.0,1.0,1.0,1.0,1.0,1.0,1.0,1.0,1.0,1.0,1.0
Mohali Sec 70,2250,5532000,INR,,1,1,It has an area of 2250 sqft with a carpet area of 1950 sqft . The property is available at a price of Rs. 55.32 lac (negotiable ). It is a semi-furnished property. It’s on 3rd floor out of 3 floors building. It is east facing property. The property has 3 bathrooms and 2 balconies. It is a ready-to-move-in property. It is made in way to provide a comfortable living for the residents. It is situated in the proximity of all the important facilities. Contact us for more details.,1,east,0,1,1,1,1,1,1,1,1,1,1,0,,,,1.0,1.0,1.0,1.0,1.0,1.0,1.0,1.0,1.0,1.0,1.0,1.0,1.0,1.0
Mohali Sec 71,2150,4965000,INR,,1,1,It’s a 3 bhk builder floor situated in Mohali Sec 71. It is a road facing property. The property is available on freehold. This residential property is ready-to-move-in. It is made in way to provide a comfortable living for the residents. The society is well connected by different modes of transportation. ,1,east,0,1,1,1,1,1,1,1,1,1,1,0,,,,1.0,1.0,1.0,1.0,1.0,1.0,1.0,1.0,1.0,1.0,1.0,1.0,1.0,1.0
Mohali Sec 87,2150,4965000,INR,,1,1,"The house is semi-furnished. It’s on 3rd floor out of 3 floors building. The property is available on freehold. It has 3 bathrooms and 2 balconies. This residential property is ready-to-move-in. The time you'll spend here will become the greatest moment of your life that will also help you to relieve, relax & evoke a great sense of happiness. It is situated in the proximity of all the important facilities. ",1,east,0,1,1,1,1,1,1,1,1,1,1,0,,,,1.0,1.0,1.0,1.0,1.0,1.0,1.0,1.0,1.0,1.0,1.0,1.0,1.0,1.0
Sector 88 Mohali,2150,4998000,INR,,1,1,"It’s a 3 bhk builder floor situated in Sector 88 Mohali. It has an area of 2150 sqft with a carpet area of 1950 sqft . The property is available at a price of Rs. 49.98 lac (negotiable ). It is a semi-furnished property. It’s on 3rd floor out of 3 floors building. It is facing east direction. The property is available on freehold. It has 3 bathrooms and 2 balconies. The time you'll spend here will become the greatest moment of your life that will also help you to relieve, relax & evoke a great sense of happiness. The society is well connected by different modes of transportation. Please contact for more details. ",1,east,0,1,1,1,1,1,1,1,1,1,1,0,,,,1.0,1.0,1.0,1.0,1.0,1.0,1.0,1.0,1.0,1.0,1.0,1.0,1.0,1.0
Mohali Sec 76,2150,4963000,INR,,1,1,"It’s a 3 bhk builder floor situated in Mohali Sec 76. It is a semi-furnished property. It is located on the 3rd floor(out of a total of 3 floor(s)). It is a corner property. The property is available on freehold. It has 3 bathrooms and 2 balconies. It is a ready-to-move-in property. The time you'll spend here will become the greatest moment of your life that will also help you to relieve, relax & evoke a great sense of happiness. The site is in close proximity to various civic utilities. Please contact for more details. ",1,east,0,1,1,1,1,1,1,1,1,1,1,0,,,,1.0,1.0,1.0,1.0,1.0,1.0,1.0,1.0,1.0,1.0,1.0,1.0,1.0,1.0
Mohali Sec 70,2150,4995000,INR,,1,1,"It’s a 3 bhk builder floor situated in Mohali Sec 70, Chandigarh. It has a built-up area of 2150 sqft and is priced at Rs. 49.95 lac (negotiable). It is a semi-furnished property. It has 3 bathrooms and 2 balconies. It is made in way to provide a comfortable living for the residents. It is well connected to the city areas. Please contact us for more details. ",1,east,0,1,1,1,1,1,1,1,1,1,1,0,,,,1.0,1.0,1.0,1.0,1.0,1.0,1.0,1.0,1.0,1.0,1.0,1.0,1.0,1.0
Aerocity Road,1125,5390000,INR,,1,1,"S+3 WITH LIFT 
3 Bhk flat ready to move in in 
Gated Community 
Aero City road prime location 
CLUB HOUSE 
GYM 
LUSH GREEN PARK
rera approved project 
allready family shifted 
bank loan available 85%",1,northeast,0,1,1,1,1,1,1,1,0,0,1,1,,,,,,1.0,1.0,,,1.0,1.0,1.0,1.0,1.0,,,
Aerocity Road,1125,5390000,INR,,1,1,"S+3 WITH LIFT 
3 Bhk flat ready to move in in 
Gated Community 
Aero City road prime location 
CLUB HOUSE 
GYM 
LUSH GREEN PARK
rera approved project 
allready family shifted 
bank loan available 85%",1,northeast,0,1,1,1,1,1,1,1,0,0,1,1,,,,,,1.0,,1.0,,1.0,1.0,1.0,1.0,1.0,,,
Aerocity Road,1125,5390000,INR,,1,1,"S+3 WITH LIFT 
3 Bhk flat ready to move in in 
Gated Community 
Aero City road prime location 
CLUB HOUSE 
GYM 
LUSH GREEN PARK
rera approved project 
allready family shifted 
bank loan available 85%",1,northeast,0,1,1,1,1,1,1,1,1,0,1,1,,,,1.0,,1.0,1.0,1.0,,1.0,1.0,1.0,1.0,1.0,,1.0,
sector 5 Mubarikpur road derabassi,1120,2475000,INR,,1,1,It’s a 2 bhk builder floor situated in sector 5 Mubarikpur road derabassi. The house is semi-furnished. It has 2 bathrooms and 2 balconies. It is made in way to provide a comfortable living. The society is well connected by different modes of transportation. ,1,northeast,0,0,0,0,1,0,0,0,0,0,0,0,,,,,,,,,,1.0,,1.0,1.0,,,,
Kharar Mohali,960,2290000,INR,,1,1,It has a built-up area of 960 sqft and is priced at Rs. 22.90 lac (negotiable). It is a semi-furnished property. It is on the 2nd floor of the building (total number of floors are 3). It is facing east direction. The property is available on freehold. It is a ready-to-move-in property. It is made in way to provide a comfortable living for the residents. It is well connected to the city areas. Please contact us for more details. ,1,east,0,2,0,0,1,0,1,0,0,0,0,0,,,,,,,,,,1.0,,,,,1.0,,
Zirakpur Road,1710,6000000,INR,,1,1,"It has a salable area of 1710 sqft and is available at a price of Rs. 3,508 per sqft. The house is semi-furnished. It is on 2nd floor. The building has a total of 4 floor(s). It is a garden facing property. It has 3 bathrooms and 2 balconies. This residential complex is under-construction as of now. The expected completion date is 06/04/2022. It is made in way to provide a comfortable living. The society is well connected by different modes of transportation. Please contact for more details. ",1,northeast,0,0,1,1,1,1,0,1,1,0,1,0,,,,1.0,1.0,1.0,1.0,,,1.0,1.0,1.0,1.0,1.0,,1.0,1.0
Zirakpur Road,1737,6000000,INR,,1,0,"It’s a 3 bhk builder floor situated in Zirakpur Road, Chandigarh. It has a salable area of 1737 sqft and is available at a price of Rs. 3,454 per sqft. The house is semi-furnished. It’s on 1st floor out of 4 floors building. It is a corner property. The property is available on freehold. The property has 3 bathrooms and 3 balconies. It is a ready-to-move-in property. The time you'll spend here will become the greatest moment of your life that will also help you to relieve, relax & evoke a great sense of happiness. It is situated in the proximity of all the important facilities. ",1,northeast,0,1,1,1,1,1,1,1,1,1,1,0,,,,1.0,1.0,1.0,1.0,,,1.0,1.0,1.0,,1.0,,1.0,1.0
Chandigarh Airport Area,3150,13700000,INR,,1,1,"It’s a 4 bhk builder floor situated in Chandigarh Airport Area. It has a salable area of 3150 sqft and is available at a price of Rs. 4,349 per sqft. The property is available on freehold. It has 4 bathrooms and 3 balconies. It is an under-construction property . Kindly call us for details. ",1,east,0,0,1,1,1,1,1,1,1,1,1,1,,,,1.0,1.0,1.0,1.0,1.0,1.0,1.0,1.0,1.0,1.0,1.0,1.0,1.0,1.0
Chandigarh,2695,15901111,INR,,1,1,"A 4 bhk property is available for sale in Chandigarh, Chandigarh. It has a built-up area of 2695 sqft and is priced at Rs. 1.59 cr (negotiable). The house is semi-furnished. It is on the 22nd floor of the building (total number of floors are 22). One of the major USPs of the property is that it is a road facing property. The property is available on freehold. This residential complex is under-construction as of now. . It is made in way to provide a comfortable living. The site is in close proximity to various civic utilities. Kindly call us for details. ",1,east,0,0,1,1,1,1,1,1,1,1,1,1,,,,1.0,1.0,1.0,1.0,1.0,1.0,1.0,1.0,1.0,1.0,1.0,1.0,1.0,1.0
Mohali Sec 66,2695,15900000,INR,,1,1,"It’s a 4 bhk builder floor situated in Mohali Sec 66, Chandigarh. It has a salable area of 2695 sqft and is available at a price of Rs. 5,899 per sqft. The house is semi-furnished. It is on the 22nd floor of the building (total number of floors are 22). One of the major USPs of the property is that it is a garden facing property. The property is available on freehold. It has 4 bathrooms and 3 balconies. It is an under-construction property . It is situated in the proximity of all the important facilities. If you are interested, please contact us for more details. ",1,east,0,0,1,1,1,1,1,1,1,1,1,1,,,,1.0,1.0,1.0,1.0,1.0,1.0,1.0,1.0,1.0,1.0,1.0,1.0,1.0,1.0
Chandigarh Road,2250,9231000,INR,,1,1,It has a built-up area of 2250 sqft and is priced at Rs. 92.31 lac (negotiable). The house is semi-furnished. It is on 3rd floor. The building has a total of 4 floor(s). Its main door is facing east direction. The property is available on freehold. It has 3 bathrooms and 2 balconies. This residential property is ready-to-move-in. It is made in way to provide a comfortable living. It is situated in the proximity of all the important facilities. Kindly call us for details. ,1,east,0,1,1,1,1,1,1,1,1,1,1,1,,,,1.0,1.0,1.0,1.0,1.0,1.0,1.0,1.0,1.0,1.0,1.0,1.0,1.0,1.0
Chandigarh Airport Area,2250,9132000,INR,,1,1,Well designed 3 bhk builder floor is available at a prime location in Chandigarh Airport Area. It has a built-up area of 2250 sqft and is priced at Rs. 91.32 lac (negotiable). It is a semi-furnished property. It is located on the 3rd floor(out of a total of 4 floor(s)). The property provides an excellent view as it overlooks the road. The property has 3 bathrooms and 2 balconies. It is a ready-to-move-in property. It is made in way to provide a comfortable living. The site is in close proximity to various civic utilities. Please contact for more details. ,1,east,0,1,1,1,1,1,1,1,1,1,1,1,,,,1.0,1.0,1.0,1.0,1.0,1.0,1.0,1.0,1.0,1.0,1.0,1.0,1.0,1.0
Chandigarh International Airport,2550,9135000,INR,,1,1,"This spacious 3 bhk builder floor is available for sale and is located in the heart of Chandigarh International Airport. It has a built-up area of 2550 sqft and is priced at Rs. 91.35 lac (negotiable). The house is semi-furnished. It is on the 3rd floor of the building (total number of floors are 4). One of the major USPs of the property is that it is a road facing property. The property is available on freehold. It is a ready-to-move-in property. It is made in way to provide a comfortable living. It is well connected to the city areas. If you are interested, please contact us for more details. ",1,east,0,1,1,1,1,1,1,1,1,1,1,1,,,,1.0,1.0,1.0,1.0,1.0,1.0,1.0,1.0,1.0,1.0,1.0,1.0,1.0,1.0
85 Mohali Stadium Road,2250,9134000,INR,,1,1,It’s a 3 bhk builder floor situated in 85 Mohali Stadium Road. It is on the 3rd floor of the building (total number of floors are 4). It has 3 bathrooms and 2 balconies. It is a ready-to-move-in property. It is made in way to provide a comfortable living for the residents. ,1,east,0,1,1,1,1,1,1,1,1,1,1,1,,,,1.0,1.0,1.0,1.0,1.0,1.0,1.0,1.0,1.0,1.0,1.0,1.0,1.0,1.0
Chandigarh,2251,9125000,INR,,1,1,"It’s a 3 bhk builder floor situated in Chandigarh, Chandigarh. It has a salable area of 2251 sqft and is available at a price of Rs. 4,053 per sqft. The house is semi-furnished. It is on 3rd floor. The building has a total of 4 floor(s). It is a corner property. The property is available on freehold. The property has 3 bathrooms and 2 balconies. This residential property is ready-to-move-in. It is made in way to provide a comfortable living for the residents. It is well connected to the city areas. Please contact for more details. ",1,east,0,1,1,1,1,1,1,1,1,1,1,1,,,,1.0,1.0,1.0,1.0,1.0,1.0,1.0,1.0,1.0,1.0,1.0,1.0,1.0,1.0
85 Mohali Stadium Road,2250,9100000,INR,,1,1,"It has an area of 2250 sqft with a carpet area of 1550 sqft . The property is available at a price of Rs. 91.00 lac (negotiable ). It is a semi-furnished property. The property provides an excellent view as it overlooks the road. This residential property is ready-to-move-in. The time you'll spend here will become the greatest moment of your life that will also help you to relieve, relax & evoke a great sense of happiness. It is situated in the proximity of all the important facilities. If you are interested, please contact us for more details. ",1,east,0,1,1,1,1,1,1,1,1,1,1,1,,,,1.0,1.0,1.0,1.0,1.0,1.0,1.0,1.0,1.0,1.0,1.0,1.0,1.0,1.0
Airport Road,1550,8135000,INR,,1,1,Well designed 3 bhk builder floor is available at a prime location in Airport Road. It has a built-up area of 1550 sqft and is priced at Rs. 81.35 lac (negotiable). It is a semi-furnished property. One of the major USPs of the property is that it is a garden facing property. The property has 3 bathrooms and 2 balconies. This residential complex is under-construction as of now. . It is made in way to provide a comfortable living for the residents. It is situated in the proximity of all the important facilities. ,1,east,0,0,1,1,1,1,1,1,1,1,1,1,,,,1.0,1.0,1.0,1.0,1.0,1.0,1.0,1.0,1.0,1.0,1.0,1.0,1.0,1.0
Road to Airport,1550,8123000,INR,,1,1,"It’s a 3 bhk builder floor situated in Road to Airport, Chandigarh. It has a built-up area of 1550 sqft and is priced at Rs. 81.23 lac (negotiable). It is on 22nd floor. The building has a total of 22 floor(s). One of the major USPs of the property is that it is a road facing property. The property is available on freehold. The property has 3 bathrooms and 2 balconies. It is an under-construction property . It is made in way to provide a comfortable living. Kindly call us for details. ",1,east,0,0,1,1,1,1,1,1,1,1,1,1,,,,1.0,1.0,1.0,1.0,1.0,1.0,1.0,1.0,1.0,1.0,1.0,1.0,1.0,1.0
Airport Road,1550,8125000,INR,,1,1,"A 3 bhk property is available for sale in Airport Road, Chandigarh. It has an area of 1550 sqft with a carpet area of 1450 sqft . The property is available at a price of Rs. 81.25 lac (negotiable ). It is a semi-furnished property. It is on the 22nd floor of the building (total number of floors are 22). It is a garden facing property. The property is available on freehold. It has 3 bathrooms and 2 balconies. It is an under-construction property . The time you'll spend here will become the greatest moment of your life that will also help you to relieve, relax & evoke a great sense of happiness. The site is in close proximity to various civic utilities. Please contact us for more details. ",1,east,0,0,1,1,1,1,1,1,1,1,1,1,,,,1.0,1.0,1.0,1.0,1.0,1.0,1.0,1.0,1.0,1.0,1.0,1.0,1.0,1.0
Chandigarh,1550,8125000,INR,,1,1,The house is semi-furnished. It’s on 21st floor out of 22 floors building. It is a pool facing property. The site is in close proximity to various civic utilities. Contact us for more details. ,1,east,0,0,1,1,1,1,1,1,1,1,1,1,,,,1.0,1.0,1.0,1.0,1.0,1.0,1.0,1.0,1.0,1.0,1.0,1.0,1.0,1.0
Chandigarh International Airport,1550,8123000,INR,,1,1,"It is on 22nd floor. The building has a total of 22 floor(s). It is a garden facing property. The property is available on freehold. It has 3 bathrooms and 2 balconies. It is an under-construction property . It is made in way to provide a comfortable living for the residents. The society is well connected by different modes of transportation. If you are interested, please contact us for more details. ",1,east,0,0,1,1,1,1,1,1,1,1,1,1,,,,1.0,1.0,1.0,1.0,1.0,1.0,1.0,1.0,1.0,1.0,1.0,1.0,1.0,1.0
Mohali Sec 113,2150,6421000,INR,,1,1,"A spacious 3 bhk builder floor is available for sale in Mohali Sec 113, Chandigarh. It has an area of 2150 sqft with a carpet area of 1550 sqft . The property is available at a price of Rs. 64.21 lac (negotiable ). The house is semi-furnished. It is on 3rd floor. The building has a total of 4 floor(s). It is a corner property. The property is available on freehold. It has 3 bathrooms and 2 balconies. It is a ready-to-move-in property. It is made in way to provide a comfortable living for the residents. Kindly call us for details. ",1,east,0,1,1,1,1,1,1,1,1,1,1,1,,,,1.0,1.0,1.0,1.0,1.0,1.0,1.0,1.0,1.0,1.0,1.0,1.0,1.0,1.0
85 Mohali Stadium Road,2250,6535000,INR,,1,1,It is a semi-furnished property. It is on the 2nd floor of the building (total number of floors are 3). The property is available on freehold. It is a ready-to-move-in property. It is made in way to provide a comfortable living. It is well connected to the city areas. ,1,east,0,1,1,1,1,1,1,1,1,1,1,1,,,,1.0,1.0,1.0,1.0,1.0,1.0,1.0,1.0,1.0,1.0,1.0,1.0,1.0,1.0
85 Sector 34A Road,2250,6650000,INR,,1,1,"Well designed 3 bhk builder floor is available at a prime location in 85 Sector 34A Road. It has a built-up area of 2250 sqft and is priced at Rs. 66.50 lac (negotiable). The house is semi-furnished. It’s on 2nd floor out of 3 floors building. Its main door is facing east direction. The property is available on freehold. This residential property is ready-to-move-in. It is made in way to provide a comfortable living. It is situated in the proximity of all the important facilities. If you are interested, please contact us for more details. ",1,east,0,1,1,1,1,1,1,1,1,1,1,1,,,,1.0,1.0,1.0,1.0,1.0,1.0,1.0,1.0,1.0,1.0,1.0,1.0,1.0,1.0
Chandigarh,1550,6599000,INR,,1,1,"It has a salable area of 1550 sqft and is available at a price of Rs. 4,257 per sqft. It is on the 2nd floor of the building (total number of floors are 3). It is east facing property. It is a ready-to-move-in property. The time you'll spend here will become the greatest moment of your life that will also help you to relieve, relax & evoke a great sense of happiness. ",1,east,0,1,1,1,1,1,1,1,1,1,1,1,,,,1.0,1.0,,1.0,1.0,1.0,1.0,1.0,1.0,1.0,1.0,1.0,1.0,1.0
85 Mohali Stadium Road,2250,6600000,INR,,1,1,"A 3 bhk property is available for sale in 85 Mohali Stadium Road, Chandigarh. It has a built-up area of 2250 sqft and is priced at Rs. 66.00 lac (negotiable). It is a semi-furnished property. It has 3 bathrooms and 2 balconies. It is well connected to the city areas. ",1,east,0,1,1,1,1,1,1,1,1,1,1,1,,,,1.0,1.0,1.0,1.0,1.0,1.0,1.0,1.0,1.0,1.0,1.0,1.0,1.0,1.0
Chandigarh,1550,8125000,INR,,1,1,"A 3 bhk property is available for sale in Chandigarh, Chandigarh. The house is semi-furnished. It is on the 20th floor of the building (total number of floors are 22). It is east facing property. The property is available on freehold. The property has 3 bathrooms and 2 balconies. It is an under-construction property . It is made in way to provide a comfortable living for the residents. ",1,east,0,0,1,1,1,1,1,1,1,1,1,1,,,,1.0,1.0,1.0,1.0,1.0,1.0,1.0,1.0,1.0,1.0,1.0,1.0,1.0,1.0
Chandigarh Airport Area,1950,6133100,INR,,1,1,"It’s a 3 bhk builder floor situated in Chandigarh Airport Area. It has a salable area of 1950 sqft and is available at a price of Rs. 3,145 per sqft. It is located on the 4th floor(out of a total of 4 floor(s)). One of the major USPs of the property is that it is a corner property. The property is available on freehold. The property has 3 bathrooms and 2 balconies. It is a ready-to-move-in property. It is made in way to provide a comfortable living for the residents. It is situated in the proximity of all the important facilities. If you are interested, please contact us for more details. ",1,east,0,1,1,1,1,1,1,1,1,1,1,1,,,,1.0,1.0,1.0,1.0,1.0,1.0,1.0,1.0,1.0,1.0,1.0,1.0,1.0,1.0
Aerocity,1950,6200000,INR,,1,1,"A spacious 3 bhk builder floor is available for sale in Aerocity, Chandigarh. It has a built-up area of 1950 sqft and is priced at Rs. 62.00 lac (negotiable). It is a semi-furnished property. It is on 3rd floor. The building has a total of 4 floor(s). Its main door is facing east direction. This residential property is ready-to-move-in. It is made in way to provide a comfortable living. It is well connected to the city areas. If you are interested, please contact us for more details. ",1,east,0,1,1,1,1,1,1,1,1,1,1,1,,,,1.0,1.0,1.0,1.0,1.0,1.0,1.0,1.0,1.0,1.0,1.0,1.0,1.0,1.0
Aerocity Road,1950,6112000,INR,,1,1,Well designed 3 bhk builder floor is available at a prime location in Aerocity Road. It is on 3rd floor. The building has a total of 4 floor(s). It has lift available. Other amenities include jogging track and 24 x 7 security. Its main door is facing east direction. The property has 3 bathrooms and 2 balconies. It is a ready-to-move-in property. It is situated in the proximity of all the important facilities. Kindly call us for details. ,1,east,0,1,1,1,1,1,1,1,1,1,1,1,,,,1.0,1.0,1.0,1.0,1.0,1.0,1.0,1.0,1.0,1.0,1.0,1.0,1.0,1.0
Dera Bassi,1100,2375000,INR,,1,1,"2bhk flat gated community 
prime loction 
on highway project
allready family shifted 
daily need shop 
shopping complex 
bus stand 
school

bank loan available all leading bank 
2.67 PMAY subsidy",1,northeast,0,1,0,1,1,1,1,0,0,0,1,0,7.1,,,,,1.0,1.0,1.0,,1.0,1.0,1.0,1.0,1.0,,,
Mullanpur New Chandigarh,2140,78850000,INR,1,0,1,"Omaxe New Chandigarh -A DAZZLING Idea
Spread over a vast 1000 acre area, this project is truly the epicentre of the entire New Chandigarh region. Comprising of both lavish residential spaces and sleek commercial centres, it has all that is needed for a complete urban life. From hotels to health services, from education to entertainment zones, Omaxe New Chandigarh has got it all.



And the best part is, Omaxe New Chandigarh does not belong to the future tense. There are 4500 families who are already inhabiting this futuristic township, with people moving-in even from Chandigarh and adjoining areas in search of better living. And with new projects being planned regularly in this ever-evolving city, there are many more people who’ll make New Chandigarh their home. This is just the beginning.",1,northeast,0,1,0,1,1,1,1,1,1,1,1,0,,,,1.0,1.0,,1.0,1.0,1.0,1.0,1.0,1.0,1.0,1.0,1.0,1.0,
New Chandigarh Mullanpur,2300,12500000,INR,0,0,0,"A 4 bhk property is available for sale in New Chandigarh Mullanpur, Chandigarh. It is on 6th floor. The building has a total of 23 floor(s). One of the major USPs of the property is that it is a corner property. The property has 4 bathrooms and 2 balconies. It is an under-construction property and is expected to get completed by 08/05/2023. It is situated in the proximity of all the important facilities. ",1,north,1,0,0,0,0,0,0,0,0,0,0,0,,,,,,,,,,,,,,,,,
Omaxe New Chandigarh,1963,9200000,INR,0,1,1,"OP REASONS TO BUY THE PROPERTY
Properties from Omaxe have it all, whether you want a home or return on investment

 Open Gym for kids Independent Floors Natural Greens Swimming Pool Fully Equipped Gym & Spa children's Play Area Power Backup Water Supply Vitrified Tiles Car Parking Prime Location Garden Yoga Skating Ground CCTV Access Club Facilities Security Basket Ball & Tennis Court
 Tennis Court 24 Hr Security RO Water System Parking Lift Large Open Spaces Covered Jogging Park Healthclub & Jacuzzi Fire Fighting Earthquake Resistance Badminton Court

Perks Of Location
Kendriya Vidyalaya Mullanpur Garibdass: 1.5 Kms
Bajwa Institute: 2.5 Kms
Government Model Senior Secondary School: 3 Kms
Bhabha Cancer Institute: 0.5 Kms
Kings College Hospital: 1 Kms
Public Hospital And Laboratory: 2.5 Kms",1,northeast,0,0,1,1,1,1,1,1,1,1,1,1,,,,1.0,1.0,1.0,1.0,1.0,1.0,1.0,1.0,1.0,1.0,1.0,1.0,1.0,
SEC 115 MOHALI KHARAR LANDRAN ROAD,550,1290000,INR,,1,1,"Well designed 1 bhk builder floor is available at a prime location in SEC 115 MOHALI KHARAR LANDRAN ROAD. It has a built-up area of 550 sqft and is priced at Rs. 12.90 lac (negotiable). It is a furnished property. It has 1 wardrobe, 1 tv, 1 bed and 1 modular kitchen. It’s on 1st floor out of 3 floors building. Its main door is facing northeast direction. The property is in a complex owned by a co-operative society. It has 1 bathroom and 1 balcony. It is a ready-to-move-in property. The time you'll spend here will become the greatest moment of your life that will also help you to relieve, relax & evoke a great sense of happiness. The site is in close proximity to various civic utilities. Please contact us for more details. ",1,northeast,1,2,0,1,1,0,0,0,0,0,0,0,,,,,,1.0,1.0,,,1.0,1.0,1.0,1.0,1.0,,1.0,
Sector 20,2000,25000000,INR,,0,1,"A 6 bhk property is available for sale in Sector 20, Chandigarh. It has a salable area of 2000 sqft and is available at a price of Rs. 12,500 per sqft. The house is furnished. It’s on 3rd floor out of 3 floors building. It is northeast facing property. It has 6 bathrooms and 6 balconies. This residential property is ready-to-move-in. The time you'll spend here will become the greatest moment of your life that will also help you to relieve, relax & evoke a great sense of happiness. Please contact us for more details. ",1,northeast,1,4,0,0,0,0,0,0,0,0,0,0,,,,,,,,,,1.0,,,,,,,
Kharar Mohali,907,3500000,INR,,1,0,"A 2 bhk property is available for sale in Kharar Mohali, Chandigarh. It has a salable area of 907 sqft and is available at a price of Rs. 3,858 per sqft. It has 2 bathrooms and 1 balcony. The time you'll spend here will become the greatest moment of your life that will also help you to relieve, relax & evoke a great sense of happiness. The site is in close proximity to various civic utilities. ",1,north,0,2,0,1,1,0,0,0,0,0,0,0,,,,,,,,,,1.0,,,,,,,
Dhakoli,1250,2700000,INR,,0,0,"A 2 bhk property is available for sale in Dhakoli, Chandigarh. It has a built-up area of 1250 sqft and is priced at Rs. 27.00 lac . The house is semi-furnished. It is a ready-to-move-in property. It is made in way to provide a comfortable living. The society is well connected by different modes of transportation. ",1,,0,0,0,0,0,0,0,0,0,0,0,0,,,,,,,,,,,,,,,,,
Sector 23,1300,12000000,INR,,0,0,"3 BHK Independent Floor for sale in Sector 23, Chandigarh. This 3 BHK unit is available in Sector 23 and offers a premium lifestyle at the best price. This property is posted by owner and there is no brokerage involved. Contact now, for details. It is a desired purchase for any homebuyer in Sector 23. It is on floor 1. The total number of floors is 3. The price of this Independent Floor is Rs 1.2 Cr. It is a good, spacious Independent Floor unit with carpet area of 1280 Square feet. The built-up area is 1300 Square feet. There are 3 bedrooms and 3 bathroom. This property is at a walking distance from Tricity Institute of Plastic Surgery TIPS, Grover Eye Laser & ENT Hospital, and Mukat Hospital & Heart Institute. The city's best schools such as Durga Das Foundation, Govt Hr Sec School, and Rav English Era Ielts Institute Chandigarh are near your residential property",1,,1,0,0,0,0,0,0,0,0,0,0,0,,,,,,,,,,,,,,,,,
Lohgarh,1800,6700000,INR,,0,0,"A spacious 3 bhk builder floor is available for sale in Lohgarh, Chandigarh. It has a salable area of 1800 sqft and is available at a price of Rs. 3,722 per sqft. It is east facing property. The time you'll spend here will become the greatest moment of your life that will also help you to relieve, relax & evoke a great sense of happiness. It is well connected to the city areas. Please contact for more details. ",1,east,0,0,1,0,0,0,0,0,0,0,0,0,,,,,,,,,,,,,,,,,
Lohgarh,1800,6700000,INR,,0,0,Well designed 3 bhk builder floor is available at a prime location in Lohgarh. It is a semi-furnished property. It is east facing property. It is made in way to provide a comfortable living. It is situated in the proximity of all the important facilities. Contact us for more details. ,1,east,0,0,1,0,0,0,0,0,0,0,0,0,,,,,,,,,,,,,,,,,
Lohgarh,1800,6700000,INR,,0,0,"It’s a 3 bhk builder floor situated in Lohgarh. It has a salable area of 1800 sqft and is available at a price of Rs. 3,722 per sqft. It is a semi-furnished property. It is east facing property. This residential property is ready-to-move-in. The time you'll spend here will become the greatest moment of your life that will also help you to relieve, relax & evoke a great sense of happiness. The society is well connected by different modes of transportation. Please contact us for more details. ",1,east,0,0,1,0,0,0,0,0,0,0,0,0,,,,,,,,,,,,,,,,,
Zirakpur Road,1550,4145000,INR,1,1,1,"Highland Park is brings you 3BHK (ready to move in in) luxurious flats/Apartments at most prized location of Zirakpur, (Capital region Chandigarh) Strategically located at Patiala Highway proximity to International Airport Mohali, Malls, and Commercial Developments. Highland Park is stretched over a land of 22 acres including commercial & residential Apartments, an eco-friendly living with lush green surroundings, Gated society, 3–tier security, ensuring your family’s safety 24X7 with modern Amenities.Visit: Highland Marg, Patiala Highway, Zirakpur, Chandigarh.",1,east,0,2,0,0,1,0,0,0,0,0,0,0,,,,,,,,,,1.0,,,,,,,
Mohali Sector 127,720,1990000,INR,,1,1,"Well designed 2 bhk builder floor is available at a prime location in Mohali Sector 127. It is a furnished property. It has 2 wardrobe, 1 tv, 1 sofa and 2 bed. It also has 1 modular kitchen. It is on the 2nd floor of the building (total number of floors are 3). One of the major USPs of the property is that it is a road facing property. The property is in a complex owned by a co-operative society. The property has 2 bathrooms and 2 balconies. This residential property is ready-to-move-in. The time you'll spend here will become the greatest moment of your life that will also help you to relieve, relax & evoke a great sense of happiness. It is well connected to the city areas. Please contact us for more details. ",1,northeast,1,2,0,1,1,0,0,0,0,0,0,0,,,,,,1.0,,,,1.0,1.0,1.0,1.0,1.0,,1.0,
Mullanpur Garibdass,1180,4600000,INR,1,0,1,"Omaxe New Chandigarh -A DAZZLING Idea
Spread over a vast 1000 acre area, this project is truly the epicentre of the entire New Chandigarh region. Comprising of both lavish residential spaces and sleek commercial centres, it has all that is needed for a complete urban life. From hotels to health services, from education to entertainment zones, Omaxe New Chandigarh has got it all.



And the best part is, Omaxe New Chandigarh does not belong to the future tense. There are 4500 families who are already inhabiting this futuristic township, with people moving-in even from Chandigarh and adjoining areas in search of better living. And with new projects being planned regularly in this ever-evolving city, there are many more people who’ll make New Chandigarh their home. This is just the beginning.",1,northeast,0,9,0,0,0,0,0,0,0,0,0,0,,,,,,,,,,,,,,,,,
New Chandigarh Mullanpur,1314,4285000,INR,0,1,1,"A spacious 2 bhk builder floor is available for sale in New Chandigarh Mullanpur, Chandigarh. It has a salable area of 1314 sqft and is available at a price of Rs. 3,261 per sqft. It is a semi-furnished property. It is located on the 2nd floor(out of a total of 3 floor(s)). It is a garden facing property. The property is available on freehold. The property has 2 bathrooms and 2 balconies. It is an under-construction property and is expected to get completed by 13/05/2022. It is made in way to provide a comfortable living for the residents. The society is well connected by different modes of transportation. If you are interested, please contact us for more details. ",1,northeast,0,0,1,1,1,1,1,1,1,1,1,0,,,,1.0,1.0,1.0,1.0,1.0,1.0,1.0,1.0,1.0,1.0,1.0,1.0,1.0,
Mullanpur New Chandigarh,1314,4200000,INR,0,1,1,"It has an area of 1314 sqft . The property is available at a price of Rs. 42.00 lac (negotiable ). It is a semi-furnished property. It is on 3rd floor. The building has a total of 4 floor(s). It has 2 bathrooms and 2 balconies. It is an under-construction property and is expected to get completed by 21/05/2022. It is made in way to provide a comfortable living. If you are interested, please contact us for more details. ",1,northeast,0,0,1,1,1,1,1,1,1,1,1,0,,,,1.0,1.0,1.0,1.0,1.0,1.0,1.0,1.0,1.0,1.0,1.0,1.0,1.0,
Zirakpur GAzipur Road,1944,5800000,INR,0,1,1,"3BHK, SPACIOUS ROOMS, GAIZIBO, SIX SEATER SOFA, CENTER TABLE, TOUCH LIGHT MIRROR, CEILING FAN, GEYSER, DIGITAL DOOR LOCK, PRIME LOCATION, OUT DOOR GAMES, INDOOR GAMES, CRICKET PITCH, BASKET BALL COURT, TENNIS COURT, CLUB HOUSE, SWIMMING POOL, PARK, MODULAR KITCHEN, WOOD WORK COMPLETE, WORDROBE COMPLETE, BANDED BATH FITTING.",1,northeast,0,0,1,1,1,1,1,1,1,1,1,1,,,,,1.0,1.0,1.0,1.0,,1.0,1.0,1.0,1.0,1.0,,1.0,
Vip Road Zirakpur,1701,4900000,INR,1,1,1,"Project Introduction . VIP Ashiana Homes is an Residential property located in Zirakpur, Chandigarh. The project offers plenty of benefits that includes prime location, comfortable and lavish lifestyle, great amenities, healthy surroundings and high return.

Location Advantages:. VIP Ashiana Homes is strategically located and provides direct connectivity to nearly all other major points in and around Chandigarh. It is one of the most reputable address of the city with easy access to many famed schools, shopping areas, hospitals, recreational areas, public gardens and several other public amenities.
its gated society 
semi furnished flats 
modular kitchen
cub boards
fall ceilings
furnished washroom
wallppaer in master bed room",1,northeast,0,1,0,1,1,0,0,0,0,0,0,0,,,,,,1.0,,,,1.0,1.0,1.0,,,,,
Mohali Sector 127,680,2590000,INR,,1,1,"It’s a 2 bhk builder floor situated in Mohali Sector 127, Chandigarh. It has a built-up area of 680 sqft and is priced at Rs. 25.90 lac (negotiable). The house is semi-furnished. It’s on 1st floor out of 3 floors building. It is a corner property. The property is available on freehold. It has 2 bathrooms and 2 balconies. This residential property is ready-to-move-in. The time you'll spend here will become the greatest moment of your life that will also help you to relieve, relax & evoke a great sense of happiness. The society is well connected by different modes of transportation. Contact us for more details. ",1,northeast,0,2,0,1,1,1,0,0,0,0,1,0,,,,,1.0,,1.0,,,1.0,,,,1.0,,,
